CustomerID,CustomerName,Gender,AgeGroup,Country,City,MembershipTier,SignupDate
1,Fan_00001,Male,Under 18,Ireland,International City,Junior Member,2021-07-17
2,Fan_00002,Non-binary,Under 18,UK,London,Junior Member,2024-02-25
3,Fan_00003,Male,45-54,Egypt,International City,Red Member,2020-03-06
4,Fan_00004,Male,45-54,UK,London,Full Member,2020-02-24
5,Fan_00005,Male,55+,Egypt,International City,Full Member,2023-12-07
6,Fan_00006,Female,18-24,Egypt,International City,Red Member,2023-04-21
7,Fan_00007,Male,18-24,UK,Liverpool,Junior Member,2022-05-15
8,Fan_00008,Male,25-34,UK,London,Non-Member,2020-07-08
9,Fan_00009,Female,45-54,UK,London,Non-Member,2024-07-10
10,Fan_00010,Non-binary,Under 18,UK,Liverpool,Red Member,2020-06-10
11,Fan_00011,Female,55+,Egypt,International City,Full Member,2024-10-30
12,Fan_00012,Non-binary,Under 18,UK,Liverpool,Non-Member,2023-09-16
13,Fan_00013,Male,18-24,UK,Liverpool,Non-Member,2022-02-17
14,Fan_00014,Female,18-24,UK,Liverpool,Red Member,2021-12-28
15,Fan_00015,Non-binary,55+,UK,Liverpool,Full Member,2020-05-26
16,Fan_00016,Non-binary,18-24,Thailand,International City,Red Member,2024-02-02
17,Fan_00017,Female,25-34,UK,London,Full Member,2023-11-10
18,Fan_00018,Male,55+,Egypt,International City,Red Member,2024-09-22
19,Fan_00019,Male,18-24,China,International City,Non-Member,2024-07-06
20,Fan_00020,Male,18-24,UK,Liverpool,Full Member,2024-11-29
21,Fan_00021,Female,18-24,China,International City,Full Member,2022-10-19
22,Fan_00022,Non-binary,35-44,USA,International City,Non-Member,2021-06-26
23,Fan_00023,Non-binary,45-54,UK,London,Non-Member,2024-03-09
24,Fan_00024,Female,45-54,Thailand,International City,Red Member,2022-01-11
25,Fan_00025,Male,45-54,UK,Liverpool,Red Member,2020-07-05
26,Fan_00026,Male,Under 18,China,International City,Non-Member,2023-07-09
27,Fan_00027,Female,45-54,UK,Liverpool,Non-Member,2022-02-27
28,Fan_00028,Female,45-54,UK,Liverpool,Non-Member,2023-02-07
29,Fan_00029,Male,55+,UK,Liverpool,Red Member,2024-03-17
30,Fan_00030,Female,Under 18,UK,Liverpool,Non-Member,2022-06-09
31,Fan_00031,Non-binary,55+,UK,Liverpool,Non-Member,2022-10-22
32,Fan_00032,Male,45-54,China,International City,Non-Member,2024-11-17
33,Fan_00033,Female,55+,Ireland,International City,Red Member,2023-06-01
34,Fan_00034,Male,45-54,UK,London,Premium/Lounge,2022-12-22
35,Fan_00035,Female,Under 18,UK,Liverpool,Non-Member,2022-01-13
36,Fan_00036,Male,45-54,UK,London,Non-Member,2020-06-24
37,Fan_00037,Female,Under 18,China,International City,Premium/Lounge,2022-12-26
38,Fan_00038,Male,18-24,China,International City,Full Member,2022-08-31
39,Fan_00039,Male,25-34,Egypt,International City,Red Member,2024-11-21
40,Fan_00040,Female,18-24,Thailand,International City,Red Member,2024-03-26
41,Fan_00041,Non-binary,18-24,China,International City,Junior Member,2021-09-30
42,Fan_00042,Non-binary,55+,USA,International City,Red Member,2022-06-16
43,Fan_00043,Female,Under 18,Egypt,International City,Non-Member,2021-04-05
44,Fan_00044,Non-binary,45-54,UK,London,Non-Member,2023-04-20
45,Fan_00045,Non-binary,55+,UK,London,Non-Member,2021-04-13
46,Fan_00046,Female,Under 18,UK,Liverpool,Red Member,2021-05-02
47,Fan_00047,Male,45-54,UK,Liverpool,Non-Member,2024-01-21
48,Fan_00048,Non-binary,35-44,Thailand,International City,Non-Member,2024-05-25
49,Fan_00049,Female,18-24,Norway,International City,Non-Member,2020-07-17
50,Fan_00050,Female,25-34,Ireland,International City,Red Member,2022-04-21
51,Fan_00051,Non-binary,Under 18,USA,International City,Junior Member,2023-08-31
52,Fan_00052,Male,Under 18,Ireland,International City,Red Member,2024-01-31
53,Fan_00053,Male,18-24,UK,Liverpool,Non-Member,2021-01-24
54,Fan_00054,Female,18-24,Egypt,International City,Red Member,2021-01-10
55,Fan_00055,Male,35-44,UK,Liverpool,Full Member,2020-07-19
56,Fan_00056,Non-binary,Under 18,UK,Liverpool,Non-Member,2024-03-23
57,Fan_00057,Female,35-44,UK,London,Non-Member,2024-11-05
58,Fan_00058,Male,18-24,USA,International City,Red Member,2020-01-05
59,Fan_00059,Female,25-34,UK,London,Red Member,2023-11-27
60,Fan_00060,Non-binary,55+,China,International City,Junior Member,2022-09-23
61,Fan_00061,Male,Under 18,UK,London,Full Member,2024-02-15
62,Fan_00062,Male,55+,Egypt,International City,Red Member,2020-04-27
63,Fan_00063,Non-binary,45-54,UK,Liverpool,Non-Member,2020-04-26
64,Fan_00064,Male,18-24,Egypt,International City,Non-Member,2023-05-03
65,Fan_00065,Male,35-44,UK,Liverpool,Non-Member,2023-03-12
66,Fan_00066,Male,45-54,UK,Liverpool,Non-Member,2022-05-08
67,Fan_00067,Non-binary,45-54,Ireland,International City,Red Member,2021-10-09
68,Fan_00068,Non-binary,25-34,UK,London,Non-Member,2021-06-27
69,Fan_00069,Male,55+,USA,International City,Full Member,2021-09-06
70,Fan_00070,Female,Under 18,USA,International City,Non-Member,2022-07-27
71,Fan_00071,Non-binary,Under 18,Thailand,International City,Non-Member,2023-01-06
72,Fan_00072,Male,25-34,UK,Liverpool,Non-Member,2024-12-05
73,Fan_00073,Male,35-44,UK,London,Red Member,2023-12-11
74,Fan_00074,Non-binary,45-54,UK,Liverpool,Non-Member,2023-09-29
75,Fan_00075,Female,55+,Egypt,International City,Non-Member,2024-12-03
76,Fan_00076,Male,55+,UK,London,Full Member,2020-11-14
77,Fan_00077,Male,55+,UK,London,Red Member,2021-02-20
78,Fan_00078,Non-binary,25-34,Australia,International City,Red Member,2022-09-27
79,Fan_00079,Male,Under 18,UK,Liverpool,Full Member,2022-05-17
80,Fan_00080,Female,18-24,UK,London,Full Member,2021-06-20
81,Fan_00081,Non-binary,55+,UK,Liverpool,Red Member,2023-02-22
82,Fan_00082,Non-binary,18-24,UK,London,Red Member,2020-03-14
83,Fan_00083,Male,35-44,UK,Liverpool,Non-Member,2020-03-26
84,Fan_00084,Male,25-34,UK,London,Non-Member,2023-10-28
85,Fan_00085,Female,45-54,UK,Liverpool,Red Member,2023-06-25
86,Fan_00086,Male,18-24,China,International City,Non-Member,2024-06-26
87,Fan_00087,Male,18-24,UK,Liverpool,Junior Member,2021-11-11
88,Fan_00088,Non-binary,55+,USA,International City,Non-Member,2021-06-30
89,Fan_00089,Male,35-44,UK,Liverpool,Non-Member,2024-10-24
90,Fan_00090,Male,18-24,Norway,International City,Red Member,2021-12-17
91,Fan_00091,Male,18-24,UK,Liverpool,Non-Member,2023-09-13
92,Fan_00092,Female,Under 18,UK,London,Premium/Lounge,2021-07-25
93,Fan_00093,Female,55+,UK,Liverpool,Red Member,2021-11-09
94,Fan_00094,Female,18-24,UK,London,Full Member,2021-06-27
95,Fan_00095,Female,25-34,UK,London,Junior Member,2024-05-29
96,Fan_00096,Non-binary,Under 18,UK,Liverpool,Red Member,2023-03-26
97,Fan_00097,Non-binary,35-44,UK,London,Non-Member,2022-11-30
98,Fan_00098,Non-binary,55+,Egypt,International City,Junior Member,2024-02-18
99,Fan_00099,Male,25-34,Australia,International City,Red Member,2020-05-23
100,Fan_00100,Female,45-54,Australia,International City,Red Member,2023-09-20
101,Fan_00101,Female,45-54,UK,Liverpool,Non-Member,2023-09-27
102,Fan_00102,Female,35-44,USA,International City,Junior Member,2021-08-28
103,Fan_00103,Male,18-24,Egypt,International City,Red Member,2023-09-23
104,Fan_00104,Male,45-54,UK,Liverpool,Full Member,2021-09-08
105,Fan_00105,Non-binary,Under 18,USA,International City,Non-Member,2021-08-10
106,Fan_00106,Non-binary,45-54,UK,Liverpool,Full Member,2021-10-21
107,Fan_00107,Female,35-44,USA,International City,Junior Member,2021-03-13
108,Fan_00108,Female,55+,Egypt,International City,Non-Member,2023-09-11
109,Fan_00109,Non-binary,55+,UK,London,Full Member,2021-11-17
110,Fan_00110,Male,55+,UK,Liverpool,Non-Member,2021-04-05
111,Fan_00111,Male,18-24,UK,London,Red Member,2023-06-05
112,Fan_00112,Male,35-44,China,International City,Red Member,2023-07-13
113,Fan_00113,Male,55+,Thailand,International City,Junior Member,2022-02-25
114,Fan_00114,Female,18-24,Norway,International City,Non-Member,2023-09-05
115,Fan_00115,Male,Under 18,Australia,International City,Premium/Lounge,2022-05-20
116,Fan_00116,Non-binary,45-54,UK,London,Red Member,2020-04-12
117,Fan_00117,Male,Under 18,Egypt,International City,Red Member,2020-09-30
118,Fan_00118,Non-binary,45-54,USA,International City,Full Member,2023-05-04
119,Fan_00119,Female,45-54,UK,Liverpool,Junior Member,2022-10-30
120,Fan_00120,Non-binary,35-44,USA,International City,Non-Member,2024-03-03
121,Fan_00121,Female,25-34,Norway,International City,Premium/Lounge,2021-05-21
122,Fan_00122,Female,45-54,Ireland,International City,Red Member,2023-07-07
123,Fan_00123,Male,55+,UK,London,Non-Member,2021-04-25
124,Fan_00124,Non-binary,Under 18,UK,London,Non-Member,2020-11-04
125,Fan_00125,Male,55+,UK,London,Non-Member,2020-05-11
126,Fan_00126,Female,25-34,USA,International City,Red Member,2022-08-12
127,Fan_00127,Male,18-24,USA,International City,Red Member,2022-03-08
128,Fan_00128,Non-binary,55+,China,International City,Non-Member,2024-10-20
129,Fan_00129,Non-binary,35-44,China,International City,Red Member,2020-01-13
130,Fan_00130,Female,35-44,UK,London,Red Member,2024-03-10
131,Fan_00131,Non-binary,45-54,China,International City,Non-Member,2022-09-26
132,Fan_00132,Female,Under 18,UK,London,Red Member,2021-11-19
133,Fan_00133,Non-binary,35-44,Australia,International City,Junior Member,2020-12-04
134,Fan_00134,Male,45-54,USA,International City,Red Member,2020-02-25
135,Fan_00135,Non-binary,45-54,USA,International City,Full Member,2020-02-25
136,Fan_00136,Male,35-44,UK,Liverpool,Non-Member,2020-04-12
137,Fan_00137,Male,35-44,UK,London,Red Member,2021-11-22
138,Fan_00138,Female,25-34,China,International City,Premium/Lounge,2024-08-30
139,Fan_00139,Female,Under 18,USA,International City,Red Member,2020-02-09
140,Fan_00140,Non-binary,Under 18,China,International City,Red Member,2021-04-04
141,Fan_00141,Male,55+,Ireland,International City,Non-Member,2024-03-24
142,Fan_00142,Male,Under 18,UK,Liverpool,Full Member,2020-11-08
143,Fan_00143,Non-binary,Under 18,UK,London,Full Member,2021-03-22
144,Fan_00144,Non-binary,25-34,USA,International City,Premium/Lounge,2022-01-25
145,Fan_00145,Non-binary,55+,UK,Liverpool,Non-Member,2024-05-11
146,Fan_00146,Male,45-54,UK,Liverpool,Non-Member,2021-09-30
147,Fan_00147,Non-binary,35-44,Thailand,International City,Red Member,2024-01-04
148,Fan_00148,Non-binary,55+,UK,London,Non-Member,2020-07-27
149,Fan_00149,Female,55+,Australia,International City,Full Member,2024-07-07
150,Fan_00150,Non-binary,Under 18,UK,Liverpool,Red Member,2022-12-27
151,Fan_00151,Non-binary,25-34,USA,International City,Non-Member,2022-11-02
152,Fan_00152,Female,Under 18,Ireland,International City,Red Member,2024-08-11
153,Fan_00153,Male,35-44,Norway,International City,Red Member,2023-07-25
154,Fan_00154,Non-binary,18-24,USA,International City,Red Member,2020-12-26
155,Fan_00155,Non-binary,55+,China,International City,Non-Member,2023-06-15
156,Fan_00156,Female,35-44,Egypt,International City,Red Member,2024-08-18
157,Fan_00157,Non-binary,25-34,China,International City,Red Member,2024-10-10
158,Fan_00158,Male,25-34,UK,Liverpool,Red Member,2021-05-14
159,Fan_00159,Female,45-54,China,International City,Full Member,2023-09-30
160,Fan_00160,Female,25-34,UK,London,Non-Member,2022-09-25
161,Fan_00161,Female,25-34,UK,London,Non-Member,2023-05-05
162,Fan_00162,Female,45-54,Australia,International City,Non-Member,2022-11-24
163,Fan_00163,Non-binary,35-44,UK,London,Red Member,2023-02-11
164,Fan_00164,Male,55+,China,International City,Red Member,2023-08-15
165,Fan_00165,Female,35-44,China,International City,Non-Member,2020-07-09
166,Fan_00166,Non-binary,18-24,UK,London,Non-Member,2023-09-21
167,Fan_00167,Female,35-44,Thailand,International City,Full Member,2022-12-23
168,Fan_00168,Non-binary,45-54,UK,Liverpool,Red Member,2021-12-21
169,Fan_00169,Female,25-34,Australia,International City,Non-Member,2021-05-29
170,Fan_00170,Male,25-34,UK,London,Non-Member,2024-03-01
171,Fan_00171,Non-binary,18-24,Egypt,International City,Non-Member,2021-03-19
172,Fan_00172,Female,25-34,China,International City,Junior Member,2023-04-22
173,Fan_00173,Non-binary,45-54,China,International City,Non-Member,2020-07-24
174,Fan_00174,Female,18-24,UK,London,Non-Member,2020-01-29
175,Fan_00175,Non-binary,18-24,China,International City,Non-Member,2020-04-03
176,Fan_00176,Non-binary,18-24,UK,Liverpool,Full Member,2024-11-13
177,Fan_00177,Female,Under 18,China,International City,Non-Member,2023-03-21
178,Fan_00178,Female,25-34,UK,Liverpool,Non-Member,2020-04-15
179,Fan_00179,Female,Under 18,UK,Liverpool,Non-Member,2022-03-31
180,Fan_00180,Male,45-54,Norway,International City,Full Member,2023-11-06
181,Fan_00181,Non-binary,25-34,UK,London,Non-Member,2021-05-23
182,Fan_00182,Female,45-54,UK,Liverpool,Full Member,2024-06-07
183,Fan_00183,Male,45-54,Thailand,International City,Red Member,2022-07-11
184,Fan_00184,Female,45-54,USA,International City,Red Member,2021-09-17
185,Fan_00185,Non-binary,Under 18,Egypt,International City,Full Member,2024-02-24
186,Fan_00186,Male,55+,UK,Liverpool,Non-Member,2021-06-25
187,Fan_00187,Male,18-24,Ireland,International City,Non-Member,2020-12-21
188,Fan_00188,Male,18-24,Egypt,International City,Non-Member,2022-04-16
189,Fan_00189,Non-binary,45-54,USA,International City,Red Member,2021-08-19
190,Fan_00190,Non-binary,25-34,UK,London,Junior Member,2024-10-26
191,Fan_00191,Male,55+,USA,International City,Non-Member,2021-06-25
192,Fan_00192,Non-binary,55+,Ireland,International City,Non-Member,2022-05-20
193,Fan_00193,Non-binary,18-24,UK,Liverpool,Non-Member,2024-08-19
194,Fan_00194,Male,25-34,UK,London,Full Member,2024-03-13
195,Fan_00195,Female,35-44,Egypt,International City,Non-Member,2022-08-17
196,Fan_00196,Female,55+,Australia,International City,Red Member,2021-07-11
197,Fan_00197,Non-binary,35-44,Norway,International City,Red Member,2020-06-13
198,Fan_00198,Male,35-44,Thailand,International City,Junior Member,2021-10-22
199,Fan_00199,Female,Under 18,Thailand,International City,Non-Member,2021-04-13
200,Fan_00200,Non-binary,45-54,Australia,International City,Non-Member,2024-04-15
201,Fan_00201,Female,45-54,Australia,International City,Non-Member,2024-04-11
202,Fan_00202,Male,35-44,China,International City,Red Member,2023-08-27
203,Fan_00203,Female,18-24,USA,International City,Full Member,2022-06-11
204,Fan_00204,Female,Under 18,Ireland,International City,Red Member,2021-12-13
205,Fan_00205,Female,25-34,USA,International City,Junior Member,2020-08-02
206,Fan_00206,Non-binary,35-44,UK,London,Non-Member,2023-09-18
207,Fan_00207,Non-binary,Under 18,USA,International City,Red Member,2020-06-29
208,Fan_00208,Male,35-44,UK,London,Red Member,2024-08-16
209,Fan_00209,Non-binary,35-44,UK,Liverpool,Red Member,2020-04-21
210,Fan_00210,Non-binary,35-44,UK,Liverpool,Full Member,2022-06-24
211,Fan_00211,Male,18-24,China,International City,Non-Member,2023-01-29
212,Fan_00212,Female,55+,UK,Liverpool,Red Member,2020-09-05
213,Fan_00213,Non-binary,18-24,UK,Liverpool,Junior Member,2020-11-20
214,Fan_00214,Non-binary,35-44,UK,Liverpool,Non-Member,2021-04-05
215,Fan_00215,Male,55+,UK,Liverpool,Non-Member,2022-10-17
216,Fan_00216,Female,45-54,China,International City,Junior Member,2021-07-13
217,Fan_00217,Female,35-44,USA,International City,Non-Member,2022-07-24
218,Fan_00218,Male,35-44,Egypt,International City,Non-Member,2023-05-12
219,Fan_00219,Non-binary,18-24,Egypt,International City,Non-Member,2021-07-19
220,Fan_00220,Female,25-34,China,International City,Red Member,2021-07-01
221,Fan_00221,Female,45-54,UK,London,Full Member,2023-09-13
222,Fan_00222,Male,35-44,Norway,International City,Red Member,2022-09-18
223,Fan_00223,Non-binary,35-44,UK,London,Red Member,2021-10-21
224,Fan_00224,Male,45-54,UK,Liverpool,Red Member,2021-04-23
225,Fan_00225,Female,Under 18,China,International City,Red Member,2024-03-05
226,Fan_00226,Non-binary,35-44,Norway,International City,Red Member,2023-09-21
227,Fan_00227,Male,35-44,Ireland,International City,Non-Member,2020-09-15
228,Fan_00228,Non-binary,25-34,Norway,International City,Non-Member,2024-11-25
229,Fan_00229,Male,45-54,USA,International City,Red Member,2020-02-01
230,Fan_00230,Male,35-44,China,International City,Full Member,2020-11-12
231,Fan_00231,Female,25-34,UK,Liverpool,Full Member,2023-11-19
232,Fan_00232,Non-binary,Under 18,USA,International City,Red Member,2024-10-11
233,Fan_00233,Non-binary,35-44,Australia,International City,Red Member,2023-07-07
234,Fan_00234,Female,45-54,China,International City,Non-Member,2023-06-18
235,Fan_00235,Non-binary,25-34,UK,London,Non-Member,2024-03-09
236,Fan_00236,Male,55+,UK,Liverpool,Junior Member,2024-11-22
237,Fan_00237,Non-binary,25-34,UK,Liverpool,Non-Member,2020-04-04
238,Fan_00238,Female,25-34,UK,Liverpool,Red Member,2022-06-01
239,Fan_00239,Female,45-54,UK,London,Junior Member,2024-06-11
240,Fan_00240,Male,45-54,UK,London,Red Member,2023-06-23
241,Fan_00241,Male,35-44,Australia,International City,Full Member,2020-10-20
242,Fan_00242,Female,35-44,UK,Liverpool,Non-Member,2023-09-27
243,Fan_00243,Female,25-34,UK,Liverpool,Junior Member,2023-01-24
244,Fan_00244,Female,45-54,UK,London,Non-Member,2023-08-01
245,Fan_00245,Non-binary,25-34,USA,International City,Red Member,2024-09-27
246,Fan_00246,Female,35-44,UK,London,Non-Member,2021-04-30
247,Fan_00247,Non-binary,25-34,UK,Liverpool,Junior Member,2021-08-27
248,Fan_00248,Non-binary,35-44,UK,Liverpool,Non-Member,2020-01-17
249,Fan_00249,Non-binary,55+,Egypt,International City,Non-Member,2023-05-26
250,Fan_00250,Female,25-34,China,International City,Premium/Lounge,2024-06-24
251,Fan_00251,Female,18-24,UK,Liverpool,Full Member,2021-01-24
252,Fan_00252,Female,55+,Thailand,International City,Premium/Lounge,2024-01-16
253,Fan_00253,Non-binary,55+,China,International City,Non-Member,2023-07-10
254,Fan_00254,Non-binary,Under 18,UK,Liverpool,Non-Member,2024-06-03
255,Fan_00255,Male,45-54,USA,International City,Red Member,2024-02-08
256,Fan_00256,Female,25-34,UK,London,Premium/Lounge,2022-04-30
257,Fan_00257,Non-binary,25-34,UK,London,Red Member,2022-10-24
258,Fan_00258,Female,35-44,UK,Liverpool,Non-Member,2024-03-08
259,Fan_00259,Female,Under 18,UK,Liverpool,Non-Member,2024-03-24
260,Fan_00260,Non-binary,55+,UK,Liverpool,Red Member,2024-09-28
261,Fan_00261,Female,Under 18,Egypt,International City,Red Member,2020-01-29
262,Fan_00262,Female,25-34,UK,Liverpool,Junior Member,2024-03-13
263,Fan_00263,Female,45-54,Australia,International City,Red Member,2024-08-11
264,Fan_00264,Female,Under 18,Ireland,International City,Junior Member,2021-04-23
265,Fan_00265,Male,45-54,Norway,International City,Full Member,2021-11-02
266,Fan_00266,Male,55+,Thailand,International City,Non-Member,2023-07-25
267,Fan_00267,Non-binary,25-34,USA,International City,Full Member,2022-04-16
268,Fan_00268,Male,25-34,UK,London,Red Member,2020-08-25
269,Fan_00269,Non-binary,18-24,UK,London,Red Member,2022-07-18
270,Fan_00270,Non-binary,55+,UK,Liverpool,Red Member,2022-05-08
271,Fan_00271,Non-binary,55+,Thailand,International City,Non-Member,2022-04-29
272,Fan_00272,Male,35-44,Ireland,International City,Full Member,2022-04-15
273,Fan_00273,Female,18-24,UK,London,Red Member,2022-06-29
274,Fan_00274,Male,55+,UK,Liverpool,Red Member,2023-01-20
275,Fan_00275,Female,Under 18,Ireland,International City,Red Member,2021-07-19
276,Fan_00276,Female,Under 18,UK,Liverpool,Full Member,2021-03-10
277,Fan_00277,Non-binary,45-54,Ireland,International City,Non-Member,2020-04-13
278,Fan_00278,Male,45-54,UK,London,Non-Member,2020-05-20
279,Fan_00279,Non-binary,18-24,China,International City,Full Member,2021-03-18
280,Fan_00280,Male,45-54,UK,London,Non-Member,2021-07-21
281,Fan_00281,Non-binary,25-34,UK,Liverpool,Non-Member,2020-08-13
282,Fan_00282,Male,18-24,Ireland,International City,Non-Member,2022-01-03
283,Fan_00283,Male,18-24,UK,Liverpool,Non-Member,2020-04-17
284,Fan_00284,Non-binary,Under 18,UK,Liverpool,Premium/Lounge,2020-05-10
285,Fan_00285,Female,25-34,Norway,International City,Red Member,2023-04-30
286,Fan_00286,Male,45-54,UK,Liverpool,Non-Member,2024-01-29
287,Fan_00287,Non-binary,25-34,Ireland,International City,Red Member,2023-08-10
288,Fan_00288,Female,35-44,UK,London,Red Member,2023-11-06
289,Fan_00289,Female,Under 18,UK,Liverpool,Non-Member,2021-10-21
290,Fan_00290,Male,Under 18,Thailand,International City,Non-Member,2021-07-17
291,Fan_00291,Non-binary,45-54,Thailand,International City,Full Member,2023-12-29
292,Fan_00292,Non-binary,45-54,UK,London,Non-Member,2022-07-18
293,Fan_00293,Non-binary,35-44,Norway,International City,Non-Member,2024-06-12
294,Fan_00294,Male,55+,Australia,International City,Full Member,2024-12-02
295,Fan_00295,Non-binary,55+,China,International City,Non-Member,2022-05-30
296,Fan_00296,Male,35-44,USA,International City,Red Member,2024-08-21
297,Fan_00297,Female,35-44,USA,International City,Junior Member,2020-07-13
298,Fan_00298,Non-binary,25-34,UK,Liverpool,Red Member,2020-11-08
299,Fan_00299,Female,Under 18,Australia,International City,Non-Member,2024-08-30
300,Fan_00300,Male,55+,UK,London,Junior Member,2022-02-02
301,Fan_00301,Non-binary,45-54,UK,Liverpool,Full Member,2021-11-06
302,Fan_00302,Male,35-44,Australia,International City,Red Member,2024-11-24
303,Fan_00303,Female,55+,Australia,International City,Non-Member,2021-08-12
304,Fan_00304,Female,25-34,Thailand,International City,Non-Member,2023-03-29
305,Fan_00305,Male,18-24,Norway,International City,Full Member,2022-09-14
306,Fan_00306,Female,45-54,UK,Liverpool,Red Member,2020-08-23
307,Fan_00307,Female,45-54,China,International City,Non-Member,2024-07-11
308,Fan_00308,Non-binary,45-54,USA,International City,Full Member,2023-10-14
309,Fan_00309,Non-binary,Under 18,Ireland,International City,Full Member,2023-09-09
310,Fan_00310,Female,Under 18,Australia,International City,Non-Member,2021-07-13
311,Fan_00311,Female,25-34,Australia,International City,Red Member,2020-01-13
312,Fan_00312,Non-binary,55+,UK,Liverpool,Red Member,2020-05-22
313,Fan_00313,Male,Under 18,UK,Liverpool,Premium/Lounge,2022-12-22
314,Fan_00314,Female,25-34,UK,London,Non-Member,2022-01-27
315,Fan_00315,Non-binary,45-54,UK,Liverpool,Non-Member,2020-04-17
316,Fan_00316,Non-binary,Under 18,UK,London,Junior Member,2020-06-16
317,Fan_00317,Female,35-44,UK,Liverpool,Full Member,2022-06-24
318,Fan_00318,Female,18-24,USA,International City,Premium/Lounge,2022-11-15
319,Fan_00319,Male,25-34,UK,London,Junior Member,2023-10-21
320,Fan_00320,Female,45-54,Thailand,International City,Junior Member,2021-09-23
321,Fan_00321,Non-binary,Under 18,UK,London,Non-Member,2021-02-22
322,Fan_00322,Male,25-34,UK,Liverpool,Non-Member,2021-11-02
323,Fan_00323,Non-binary,35-44,UK,London,Non-Member,2020-09-21
324,Fan_00324,Male,45-54,UK,Liverpool,Full Member,2024-09-02
325,Fan_00325,Female,Under 18,Australia,International City,Red Member,2024-10-30
326,Fan_00326,Male,35-44,China,International City,Non-Member,2022-07-30
327,Fan_00327,Non-binary,35-44,UK,Liverpool,Full Member,2022-04-08
328,Fan_00328,Non-binary,35-44,China,International City,Non-Member,2020-08-23
329,Fan_00329,Male,25-34,USA,International City,Non-Member,2024-06-29
330,Fan_00330,Female,55+,Thailand,International City,Red Member,2020-06-29
331,Fan_00331,Male,18-24,USA,International City,Red Member,2023-04-21
332,Fan_00332,Non-binary,Under 18,USA,International City,Red Member,2024-11-17
333,Fan_00333,Male,25-34,UK,Liverpool,Premium/Lounge,2020-12-10
334,Fan_00334,Male,45-54,UK,Liverpool,Red Member,2021-02-01
335,Fan_00335,Female,25-34,China,International City,Junior Member,2024-08-04
336,Fan_00336,Male,18-24,Ireland,International City,Non-Member,2020-10-26
337,Fan_00337,Non-binary,18-24,UK,London,Premium/Lounge,2024-04-03
338,Fan_00338,Male,18-24,Ireland,International City,Premium/Lounge,2023-07-10
339,Fan_00339,Female,45-54,Norway,International City,Premium/Lounge,2023-04-01
340,Fan_00340,Non-binary,45-54,USA,International City,Full Member,2023-07-25
341,Fan_00341,Female,55+,Thailand,International City,Red Member,2020-11-05
342,Fan_00342,Male,35-44,USA,International City,Red Member,2023-07-17
343,Fan_00343,Non-binary,Under 18,UK,Liverpool,Red Member,2022-11-05
344,Fan_00344,Female,Under 18,UK,London,Non-Member,2022-01-25
345,Fan_00345,Male,45-54,UK,London,Full Member,2022-11-04
346,Fan_00346,Non-binary,55+,UK,Liverpool,Non-Member,2022-07-10
347,Fan_00347,Non-binary,18-24,Thailand,International City,Red Member,2023-05-24
348,Fan_00348,Non-binary,18-24,Norway,International City,Non-Member,2022-07-11
349,Fan_00349,Female,55+,UK,Liverpool,Non-Member,2022-10-30
350,Fan_00350,Male,Under 18,Ireland,International City,Non-Member,2023-12-20
351,Fan_00351,Female,45-54,USA,International City,Red Member,2023-06-02
352,Fan_00352,Female,35-44,UK,London,Red Member,2024-05-05
353,Fan_00353,Male,55+,UK,Liverpool,Full Member,2021-11-16
354,Fan_00354,Non-binary,55+,UK,London,Red Member,2021-08-04
355,Fan_00355,Non-binary,45-54,UK,Liverpool,Non-Member,2021-11-13
356,Fan_00356,Male,25-34,UK,Liverpool,Non-Member,2023-09-05
357,Fan_00357,Non-binary,35-44,Australia,International City,Non-Member,2023-05-03
358,Fan_00358,Male,25-34,China,International City,Full Member,2022-02-10
359,Fan_00359,Female,18-24,Ireland,International City,Junior Member,2023-12-10
360,Fan_00360,Non-binary,45-54,China,International City,Non-Member,2023-08-16
361,Fan_00361,Female,45-54,Australia,International City,Red Member,2020-02-07
362,Fan_00362,Male,25-34,UK,London,Premium/Lounge,2022-09-22
363,Fan_00363,Male,18-24,UK,London,Non-Member,2021-08-28
364,Fan_00364,Non-binary,55+,UK,Liverpool,Red Member,2020-03-18
365,Fan_00365,Female,45-54,Ireland,International City,Non-Member,2023-05-08
366,Fan_00366,Male,55+,UK,London,Premium/Lounge,2023-07-03
367,Fan_00367,Male,35-44,UK,Liverpool,Red Member,2023-10-17
368,Fan_00368,Male,35-44,China,International City,Full Member,2021-08-06
369,Fan_00369,Non-binary,35-44,China,International City,Non-Member,2022-12-29
370,Fan_00370,Female,18-24,UK,London,Red Member,2023-10-21
371,Fan_00371,Female,35-44,Thailand,International City,Premium/Lounge,2021-07-31
372,Fan_00372,Female,45-54,China,International City,Red Member,2022-05-07
373,Fan_00373,Non-binary,18-24,UK,Liverpool,Non-Member,2020-04-16
374,Fan_00374,Female,25-34,Ireland,International City,Full Member,2020-07-29
375,Fan_00375,Non-binary,Under 18,China,International City,Non-Member,2020-06-20
376,Fan_00376,Male,25-34,China,International City,Red Member,2022-11-17
377,Fan_00377,Male,18-24,UK,Liverpool,Red Member,2021-12-16
378,Fan_00378,Female,45-54,UK,Liverpool,Red Member,2021-04-27
379,Fan_00379,Female,18-24,UK,Liverpool,Non-Member,2021-10-14
380,Fan_00380,Non-binary,25-34,UK,Liverpool,Non-Member,2020-10-08
381,Fan_00381,Female,55+,UK,London,Non-Member,2024-04-03
382,Fan_00382,Female,35-44,China,International City,Full Member,2020-01-11
383,Fan_00383,Male,18-24,UK,London,Full Member,2024-01-29
384,Fan_00384,Non-binary,35-44,Thailand,International City,Non-Member,2024-05-08
385,Fan_00385,Male,Under 18,UK,London,Non-Member,2022-05-09
386,Fan_00386,Non-binary,35-44,Ireland,International City,Non-Member,2020-08-15
387,Fan_00387,Non-binary,45-54,Norway,International City,Non-Member,2023-07-18
388,Fan_00388,Non-binary,18-24,Egypt,International City,Junior Member,2020-10-21
389,Fan_00389,Non-binary,25-34,UK,Liverpool,Non-Member,2023-03-14
390,Fan_00390,Male,55+,USA,International City,Junior Member,2020-06-24
391,Fan_00391,Female,Under 18,Egypt,International City,Red Member,2023-01-19
392,Fan_00392,Non-binary,45-54,Norway,International City,Non-Member,2022-03-10
393,Fan_00393,Male,55+,Norway,International City,Red Member,2022-02-03
394,Fan_00394,Female,Under 18,UK,Liverpool,Red Member,2021-05-08
395,Fan_00395,Non-binary,55+,China,International City,Non-Member,2024-04-29
396,Fan_00396,Non-binary,25-34,Thailand,International City,Non-Member,2020-03-31
397,Fan_00397,Non-binary,18-24,UK,Liverpool,Premium/Lounge,2023-11-03
398,Fan_00398,Non-binary,35-44,USA,International City,Full Member,2021-01-08
399,Fan_00399,Female,Under 18,UK,London,Non-Member,2021-02-16
400,Fan_00400,Male,25-34,UK,Liverpool,Non-Member,2022-11-21
401,Fan_00401,Non-binary,35-44,USA,International City,Non-Member,2020-03-15
402,Fan_00402,Non-binary,18-24,China,International City,Non-Member,2022-01-01
403,Fan_00403,Male,55+,China,International City,Red Member,2021-07-13
404,Fan_00404,Female,35-44,UK,Liverpool,Premium/Lounge,2022-06-19
405,Fan_00405,Male,35-44,UK,London,Junior Member,2022-10-15
406,Fan_00406,Non-binary,25-34,UK,Liverpool,Non-Member,2024-01-29
407,Fan_00407,Male,35-44,USA,International City,Full Member,2024-08-11
408,Fan_00408,Female,Under 18,UK,Liverpool,Non-Member,2021-11-02
409,Fan_00409,Female,25-34,Ireland,International City,Red Member,2023-05-19
410,Fan_00410,Female,18-24,China,International City,Junior Member,2022-06-28
411,Fan_00411,Non-binary,25-34,UK,Liverpool,Full Member,2022-06-09
412,Fan_00412,Male,Under 18,UK,Liverpool,Junior Member,2023-07-29
413,Fan_00413,Female,45-54,USA,International City,Premium/Lounge,2023-10-23
414,Fan_00414,Male,45-54,UK,Liverpool,Junior Member,2024-05-19
415,Fan_00415,Male,18-24,USA,International City,Non-Member,2021-04-28
416,Fan_00416,Non-binary,25-34,China,International City,Red Member,2022-02-23
417,Fan_00417,Male,45-54,Egypt,International City,Non-Member,2023-10-22
418,Fan_00418,Female,25-34,USA,International City,Red Member,2024-04-11
419,Fan_00419,Non-binary,25-34,UK,Liverpool,Red Member,2021-10-05
420,Fan_00420,Female,18-24,Ireland,International City,Non-Member,2020-02-23
421,Fan_00421,Male,35-44,China,International City,Red Member,2022-03-03
422,Fan_00422,Male,25-34,Egypt,International City,Premium/Lounge,2021-06-17
423,Fan_00423,Female,18-24,China,International City,Full Member,2021-08-07
424,Fan_00424,Female,18-24,Australia,International City,Non-Member,2020-10-04
425,Fan_00425,Non-binary,35-44,UK,Liverpool,Non-Member,2024-07-17
426,Fan_00426,Female,55+,Australia,International City,Red Member,2023-12-24
427,Fan_00427,Female,25-34,UK,Liverpool,Non-Member,2023-12-28
428,Fan_00428,Non-binary,55+,China,International City,Non-Member,2024-06-13
429,Fan_00429,Male,18-24,UK,Liverpool,Non-Member,2021-04-29
430,Fan_00430,Male,25-34,Norway,International City,Full Member,2023-03-18
431,Fan_00431,Non-binary,18-24,UK,Liverpool,Full Member,2020-06-25
432,Fan_00432,Non-binary,55+,UK,London,Red Member,2022-12-12
433,Fan_00433,Female,45-54,USA,International City,Non-Member,2020-09-13
434,Fan_00434,Female,35-44,UK,Liverpool,Junior Member,2022-11-25
435,Fan_00435,Non-binary,55+,UK,London,Full Member,2021-01-07
436,Fan_00436,Male,35-44,China,International City,Red Member,2024-11-13
437,Fan_00437,Non-binary,18-24,UK,Liverpool,Non-Member,2020-12-03
438,Fan_00438,Non-binary,18-24,UK,London,Red Member,2022-11-28
439,Fan_00439,Female,18-24,UK,Liverpool,Full Member,2023-02-02
440,Fan_00440,Female,45-54,UK,London,Red Member,2020-07-10
441,Fan_00441,Non-binary,18-24,Norway,International City,Full Member,2023-04-04
442,Fan_00442,Non-binary,55+,UK,London,Full Member,2021-11-22
443,Fan_00443,Male,Under 18,Egypt,International City,Non-Member,2020-04-03
444,Fan_00444,Non-binary,25-34,Ireland,International City,Full Member,2021-03-07
445,Fan_00445,Non-binary,35-44,China,International City,Full Member,2023-08-01
446,Fan_00446,Non-binary,45-54,UK,Liverpool,Non-Member,2023-08-07
447,Fan_00447,Non-binary,35-44,UK,Liverpool,Non-Member,2022-07-17
448,Fan_00448,Male,35-44,UK,Liverpool,Red Member,2022-09-18
449,Fan_00449,Male,25-34,USA,International City,Full Member,2020-10-21
450,Fan_00450,Female,55+,UK,Liverpool,Red Member,2022-03-27
451,Fan_00451,Non-binary,45-54,UK,Liverpool,Non-Member,2021-10-15
452,Fan_00452,Female,35-44,UK,Liverpool,Non-Member,2020-10-15
453,Fan_00453,Female,45-54,UK,London,Red Member,2021-05-23
454,Fan_00454,Non-binary,55+,UK,Liverpool,Red Member,2021-01-23
455,Fan_00455,Male,35-44,China,International City,Red Member,2022-08-14
456,Fan_00456,Female,35-44,Norway,International City,Non-Member,2020-07-03
457,Fan_00457,Non-binary,35-44,USA,International City,Non-Member,2021-03-16
458,Fan_00458,Female,Under 18,Thailand,International City,Non-Member,2021-07-30
459,Fan_00459,Non-binary,55+,Norway,International City,Junior Member,2022-08-21
460,Fan_00460,Male,35-44,UK,Liverpool,Non-Member,2021-06-25
461,Fan_00461,Female,35-44,China,International City,Red Member,2020-04-02
462,Fan_00462,Male,45-54,USA,International City,Full Member,2021-02-02
463,Fan_00463,Male,35-44,UK,Liverpool,Red Member,2022-07-11
464,Fan_00464,Non-binary,25-34,China,International City,Full Member,2023-10-25
465,Fan_00465,Male,18-24,Thailand,International City,Non-Member,2022-03-17
466,Fan_00466,Female,45-54,UK,Liverpool,Red Member,2024-03-26
467,Fan_00467,Non-binary,35-44,UK,London,Red Member,2020-03-23
468,Fan_00468,Non-binary,25-34,UK,London,Red Member,2022-11-29
469,Fan_00469,Male,45-54,USA,International City,Red Member,2020-10-13
470,Fan_00470,Female,18-24,UK,Liverpool,Red Member,2023-06-16
471,Fan_00471,Female,45-54,China,International City,Red Member,2022-11-04
472,Fan_00472,Non-binary,35-44,Egypt,International City,Junior Member,2023-02-26
473,Fan_00473,Male,25-34,UK,Liverpool,Red Member,2023-10-11
474,Fan_00474,Non-binary,25-34,UK,Liverpool,Junior Member,2024-11-21
475,Fan_00475,Non-binary,Under 18,Australia,International City,Full Member,2022-08-29
476,Fan_00476,Non-binary,45-54,UK,Liverpool,Non-Member,2024-01-17
477,Fan_00477,Male,45-54,UK,Liverpool,Full Member,2024-01-16
478,Fan_00478,Female,18-24,Thailand,International City,Junior Member,2021-05-11
479,Fan_00479,Non-binary,Under 18,UK,Liverpool,Non-Member,2020-02-08
480,Fan_00480,Female,35-44,USA,International City,Non-Member,2022-04-25
481,Fan_00481,Male,35-44,Australia,International City,Red Member,2024-05-06
482,Fan_00482,Female,55+,Thailand,International City,Junior Member,2020-05-07
483,Fan_00483,Male,45-54,China,International City,Non-Member,2023-02-22
484,Fan_00484,Female,45-54,UK,Liverpool,Red Member,2021-10-04
485,Fan_00485,Non-binary,25-34,UK,Liverpool,Red Member,2021-12-26
486,Fan_00486,Non-binary,55+,Australia,International City,Full Member,2024-07-03
487,Fan_00487,Female,45-54,Australia,International City,Red Member,2021-01-28
488,Fan_00488,Female,18-24,UK,London,Non-Member,2024-04-28
489,Fan_00489,Non-binary,55+,UK,Liverpool,Red Member,2021-10-11
490,Fan_00490,Female,45-54,Norway,International City,Junior Member,2021-07-14
491,Fan_00491,Non-binary,45-54,UK,London,Red Member,2022-03-19
492,Fan_00492,Male,25-34,UK,Liverpool,Non-Member,2021-08-12
493,Fan_00493,Male,25-34,China,International City,Red Member,2023-09-05
494,Fan_00494,Male,18-24,UK,Liverpool,Red Member,2021-07-09
495,Fan_00495,Non-binary,25-34,Egypt,International City,Non-Member,2020-08-11
496,Fan_00496,Non-binary,45-54,Thailand,International City,Non-Member,2021-05-11
497,Fan_00497,Non-binary,18-24,UK,Liverpool,Full Member,2021-04-21
498,Fan_00498,Female,55+,UK,London,Red Member,2020-07-24
499,Fan_00499,Male,Under 18,Australia,International City,Full Member,2020-11-19
500,Fan_00500,Non-binary,35-44,USA,International City,Red Member,2023-08-25
501,Fan_00501,Female,25-34,UK,Liverpool,Non-Member,2023-08-15
502,Fan_00502,Male,55+,UK,Liverpool,Full Member,2021-04-20
503,Fan_00503,Non-binary,55+,Egypt,International City,Non-Member,2020-12-24
504,Fan_00504,Male,Under 18,USA,International City,Red Member,2024-06-01
505,Fan_00505,Male,55+,Norway,International City,Non-Member,2024-11-30
506,Fan_00506,Non-binary,45-54,UK,London,Non-Member,2021-11-17
507,Fan_00507,Non-binary,45-54,UK,Liverpool,Red Member,2022-10-08
508,Fan_00508,Female,25-34,UK,Liverpool,Non-Member,2024-07-14
509,Fan_00509,Non-binary,35-44,UK,London,Full Member,2021-06-10
510,Fan_00510,Male,Under 18,China,International City,Junior Member,2021-11-21
511,Fan_00511,Male,18-24,UK,Liverpool,Full Member,2024-10-19
512,Fan_00512,Female,35-44,Ireland,International City,Red Member,2021-11-02
513,Fan_00513,Male,18-24,UK,Liverpool,Non-Member,2022-09-04
514,Fan_00514,Male,25-34,UK,Liverpool,Red Member,2021-04-27
515,Fan_00515,Female,25-34,USA,International City,Non-Member,2023-04-07
516,Fan_00516,Non-binary,Under 18,China,International City,Non-Member,2023-08-31
517,Fan_00517,Male,55+,UK,Liverpool,Non-Member,2022-08-11
518,Fan_00518,Non-binary,45-54,UK,London,Junior Member,2024-04-25
519,Fan_00519,Non-binary,25-34,UK,Liverpool,Red Member,2023-06-12
520,Fan_00520,Male,35-44,UK,London,Non-Member,2022-07-20
521,Fan_00521,Non-binary,25-34,China,International City,Red Member,2023-12-08
522,Fan_00522,Female,45-54,Egypt,International City,Junior Member,2024-08-17
523,Fan_00523,Non-binary,45-54,UK,Liverpool,Non-Member,2022-12-12
524,Fan_00524,Non-binary,55+,USA,International City,Red Member,2020-06-08
525,Fan_00525,Male,Under 18,Egypt,International City,Full Member,2022-11-01
526,Fan_00526,Male,18-24,UK,Liverpool,Red Member,2024-10-15
527,Fan_00527,Female,Under 18,Egypt,International City,Junior Member,2021-02-24
528,Fan_00528,Non-binary,35-44,China,International City,Non-Member,2022-11-11
529,Fan_00529,Male,35-44,USA,International City,Non-Member,2022-11-17
530,Fan_00530,Female,45-54,USA,International City,Non-Member,2023-02-18
531,Fan_00531,Non-binary,25-34,USA,International City,Junior Member,2020-02-14
532,Fan_00532,Female,Under 18,USA,International City,Premium/Lounge,2021-03-22
533,Fan_00533,Male,Under 18,Thailand,International City,Red Member,2021-12-06
534,Fan_00534,Male,45-54,Australia,International City,Non-Member,2020-05-21
535,Fan_00535,Male,25-34,Norway,International City,Red Member,2021-01-03
536,Fan_00536,Male,55+,China,International City,Junior Member,2023-08-15
537,Fan_00537,Female,35-44,USA,International City,Red Member,2024-11-15
538,Fan_00538,Non-binary,55+,UK,London,Red Member,2020-09-29
539,Fan_00539,Female,Under 18,Ireland,International City,Non-Member,2023-01-05
540,Fan_00540,Non-binary,18-24,USA,International City,Junior Member,2021-04-01
541,Fan_00541,Female,35-44,UK,Liverpool,Junior Member,2024-01-12
542,Fan_00542,Female,45-54,Egypt,International City,Red Member,2024-08-13
543,Fan_00543,Female,18-24,UK,London,Non-Member,2021-01-21
544,Fan_00544,Male,Under 18,China,International City,Full Member,2022-05-08
545,Fan_00545,Male,18-24,Thailand,International City,Non-Member,2020-05-17
546,Fan_00546,Female,45-54,UK,Liverpool,Junior Member,2023-12-11
547,Fan_00547,Male,35-44,UK,London,Red Member,2021-04-24
548,Fan_00548,Male,Under 18,Egypt,International City,Non-Member,2022-10-28
549,Fan_00549,Non-binary,45-54,UK,London,Red Member,2023-03-28
550,Fan_00550,Non-binary,25-34,Thailand,International City,Non-Member,2021-09-10
551,Fan_00551,Non-binary,18-24,UK,Liverpool,Red Member,2021-09-07
552,Fan_00552,Non-binary,55+,UK,London,Non-Member,2023-07-06
553,Fan_00553,Female,45-54,Australia,International City,Red Member,2020-04-06
554,Fan_00554,Non-binary,35-44,UK,Liverpool,Red Member,2021-10-14
555,Fan_00555,Female,35-44,Australia,International City,Non-Member,2021-09-06
556,Fan_00556,Non-binary,35-44,UK,London,Non-Member,2024-10-05
557,Fan_00557,Non-binary,18-24,UK,London,Red Member,2020-04-28
558,Fan_00558,Female,35-44,Egypt,International City,Full Member,2022-12-21
559,Fan_00559,Female,18-24,UK,London,Red Member,2023-08-17
560,Fan_00560,Female,Under 18,UK,Liverpool,Red Member,2024-01-23
561,Fan_00561,Female,55+,UK,London,Full Member,2023-05-19
562,Fan_00562,Male,45-54,UK,Liverpool,Junior Member,2023-10-07
563,Fan_00563,Male,35-44,Egypt,International City,Non-Member,2024-11-15
564,Fan_00564,Male,18-24,UK,London,Non-Member,2024-02-27
565,Fan_00565,Female,18-24,UK,Liverpool,Junior Member,2023-05-22
566,Fan_00566,Male,35-44,China,International City,Non-Member,2023-02-04
567,Fan_00567,Female,35-44,UK,Liverpool,Red Member,2023-08-21
568,Fan_00568,Female,45-54,UK,London,Red Member,2022-08-12
569,Fan_00569,Non-binary,35-44,UK,Liverpool,Premium/Lounge,2024-09-15
570,Fan_00570,Female,25-34,UK,Liverpool,Red Member,2020-04-03
571,Fan_00571,Male,55+,Egypt,International City,Non-Member,2020-02-03
572,Fan_00572,Non-binary,45-54,UK,Liverpool,Junior Member,2022-05-05
573,Fan_00573,Female,18-24,UK,London,Red Member,2023-03-12
574,Fan_00574,Non-binary,55+,UK,Liverpool,Red Member,2021-06-11
575,Fan_00575,Female,55+,China,International City,Full Member,2024-02-23
576,Fan_00576,Female,18-24,Norway,International City,Junior Member,2024-06-16
577,Fan_00577,Non-binary,45-54,UK,London,Red Member,2021-01-11
578,Fan_00578,Non-binary,Under 18,Egypt,International City,Red Member,2020-03-10
579,Fan_00579,Non-binary,Under 18,UK,Liverpool,Premium/Lounge,2020-01-14
580,Fan_00580,Male,55+,USA,International City,Non-Member,2020-05-19
581,Fan_00581,Male,Under 18,China,International City,Non-Member,2022-11-01
582,Fan_00582,Female,Under 18,USA,International City,Full Member,2023-07-30
583,Fan_00583,Non-binary,35-44,Australia,International City,Full Member,2022-09-26
584,Fan_00584,Non-binary,35-44,UK,London,Non-Member,2020-02-04
585,Fan_00585,Non-binary,25-34,Egypt,International City,Red Member,2021-08-10
586,Fan_00586,Non-binary,55+,UK,Liverpool,Red Member,2024-07-09
587,Fan_00587,Male,45-54,UK,London,Non-Member,2021-05-08
588,Fan_00588,Female,25-34,UK,Liverpool,Non-Member,2024-06-16
589,Fan_00589,Male,25-34,USA,International City,Red Member,2022-07-29
590,Fan_00590,Male,55+,Egypt,International City,Non-Member,2021-09-06
591,Fan_00591,Male,55+,Australia,International City,Full Member,2024-04-04
592,Fan_00592,Female,35-44,UK,London,Full Member,2022-09-01
593,Fan_00593,Non-binary,18-24,UK,Liverpool,Non-Member,2022-10-20
594,Fan_00594,Non-binary,25-34,USA,International City,Full Member,2024-10-23
595,Fan_00595,Male,18-24,UK,Liverpool,Non-Member,2024-11-12
596,Fan_00596,Non-binary,35-44,Australia,International City,Non-Member,2020-04-05
597,Fan_00597,Female,45-54,UK,Liverpool,Full Member,2023-09-09
598,Fan_00598,Female,Under 18,UK,London,Non-Member,2023-04-17
599,Fan_00599,Non-binary,35-44,UK,Liverpool,Non-Member,2021-09-04
600,Fan_00600,Non-binary,35-44,UK,Liverpool,Junior Member,2023-01-12
601,Fan_00601,Non-binary,18-24,UK,London,Junior Member,2024-01-23
602,Fan_00602,Female,Under 18,UK,Liverpool,Non-Member,2022-06-14
603,Fan_00603,Female,45-54,UK,Liverpool,Premium/Lounge,2023-06-11
604,Fan_00604,Female,25-34,Thailand,International City,Non-Member,2023-07-22
605,Fan_00605,Female,35-44,UK,Liverpool,Non-Member,2021-12-29
606,Fan_00606,Female,35-44,Egypt,International City,Non-Member,2023-10-24
607,Fan_00607,Non-binary,35-44,Thailand,International City,Non-Member,2024-04-30
608,Fan_00608,Female,18-24,Thailand,International City,Junior Member,2020-05-30
609,Fan_00609,Female,55+,UK,London,Full Member,2020-11-11
610,Fan_00610,Female,25-34,China,International City,Red Member,2020-08-06
611,Fan_00611,Female,35-44,UK,London,Red Member,2024-04-08
612,Fan_00612,Male,18-24,UK,London,Red Member,2022-07-08
613,Fan_00613,Non-binary,45-54,Egypt,International City,Red Member,2020-07-30
614,Fan_00614,Non-binary,Under 18,UK,London,Full Member,2023-05-09
615,Fan_00615,Male,25-34,UK,Liverpool,Red Member,2022-03-05
616,Fan_00616,Male,55+,China,International City,Full Member,2021-05-12
617,Fan_00617,Non-binary,18-24,Thailand,International City,Junior Member,2022-02-18
618,Fan_00618,Female,25-34,UK,London,Red Member,2020-10-25
619,Fan_00619,Female,35-44,UK,London,Non-Member,2022-09-18
620,Fan_00620,Male,55+,UK,London,Full Member,2022-10-12
621,Fan_00621,Non-binary,18-24,Thailand,International City,Red Member,2020-08-07
622,Fan_00622,Female,25-34,UK,London,Full Member,2022-02-17
623,Fan_00623,Female,55+,UK,Liverpool,Full Member,2020-10-05
624,Fan_00624,Non-binary,18-24,UK,London,Red Member,2021-10-05
625,Fan_00625,Female,25-34,UK,Liverpool,Junior Member,2023-11-24
626,Fan_00626,Female,45-54,Ireland,International City,Non-Member,2021-10-29
627,Fan_00627,Female,25-34,UK,London,Non-Member,2023-02-28
628,Fan_00628,Non-binary,18-24,UK,Liverpool,Junior Member,2024-04-21
629,Fan_00629,Male,55+,Egypt,International City,Red Member,2023-12-21
630,Fan_00630,Female,55+,UK,Liverpool,Non-Member,2024-08-04
631,Fan_00631,Non-binary,35-44,USA,International City,Non-Member,2023-07-21
632,Fan_00632,Non-binary,18-24,UK,London,Junior Member,2022-05-16
633,Fan_00633,Non-binary,35-44,UK,London,Full Member,2022-03-31
634,Fan_00634,Non-binary,55+,Egypt,International City,Red Member,2023-01-18
635,Fan_00635,Female,55+,UK,Liverpool,Red Member,2023-05-01
636,Fan_00636,Male,Under 18,Ireland,International City,Premium/Lounge,2021-05-23
637,Fan_00637,Non-binary,25-34,Ireland,International City,Non-Member,2023-08-18
638,Fan_00638,Male,45-54,Thailand,International City,Full Member,2023-10-19
639,Fan_00639,Female,25-34,Ireland,International City,Red Member,2020-08-04
640,Fan_00640,Male,45-54,UK,London,Premium/Lounge,2022-11-28
641,Fan_00641,Non-binary,55+,Egypt,International City,Full Member,2021-03-28
642,Fan_00642,Female,35-44,USA,International City,Red Member,2024-04-30
643,Fan_00643,Non-binary,55+,Australia,International City,Red Member,2020-11-04
644,Fan_00644,Female,Under 18,UK,Liverpool,Non-Member,2022-05-01
645,Fan_00645,Non-binary,18-24,UK,London,Red Member,2021-09-30
646,Fan_00646,Male,45-54,UK,Liverpool,Red Member,2021-12-14
647,Fan_00647,Male,35-44,Norway,International City,Junior Member,2023-11-27
648,Fan_00648,Female,Under 18,USA,International City,Non-Member,2020-04-01
649,Fan_00649,Male,Under 18,China,International City,Red Member,2023-08-20
650,Fan_00650,Male,55+,UK,Liverpool,Non-Member,2022-11-22
651,Fan_00651,Female,45-54,UK,Liverpool,Red Member,2022-08-04
652,Fan_00652,Non-binary,18-24,UK,Liverpool,Non-Member,2023-08-04
653,Fan_00653,Female,35-44,Ireland,International City,Non-Member,2024-02-19
654,Fan_00654,Male,35-44,Thailand,International City,Full Member,2022-05-29
655,Fan_00655,Male,18-24,UK,London,Non-Member,2024-03-20
656,Fan_00656,Male,45-54,China,International City,Non-Member,2024-06-25
657,Fan_00657,Male,25-34,Egypt,International City,Red Member,2021-02-07
658,Fan_00658,Male,25-34,USA,International City,Junior Member,2024-11-01
659,Fan_00659,Non-binary,55+,Norway,International City,Red Member,2023-05-07
660,Fan_00660,Non-binary,Under 18,UK,Liverpool,Red Member,2021-12-21
661,Fan_00661,Non-binary,18-24,USA,International City,Junior Member,2023-12-16
662,Fan_00662,Non-binary,Under 18,UK,Liverpool,Junior Member,2020-10-01
663,Fan_00663,Female,Under 18,UK,London,Non-Member,2022-02-03
664,Fan_00664,Male,45-54,Australia,International City,Red Member,2022-05-06
665,Fan_00665,Male,45-54,Thailand,International City,Red Member,2022-05-16
666,Fan_00666,Non-binary,55+,UK,Liverpool,Full Member,2020-12-20
667,Fan_00667,Male,35-44,Egypt,International City,Non-Member,2020-10-14
668,Fan_00668,Female,45-54,UK,London,Non-Member,2024-11-07
669,Fan_00669,Female,18-24,UK,Liverpool,Non-Member,2024-07-27
670,Fan_00670,Non-binary,55+,UK,Liverpool,Red Member,2022-04-17
671,Fan_00671,Female,35-44,Australia,International City,Junior Member,2024-09-16
672,Fan_00672,Female,18-24,USA,International City,Non-Member,2023-03-03
673,Fan_00673,Male,25-34,UK,Liverpool,Non-Member,2021-07-16
674,Fan_00674,Male,35-44,UK,Liverpool,Full Member,2024-02-29
675,Fan_00675,Female,45-54,China,International City,Red Member,2020-08-19
676,Fan_00676,Male,25-34,Thailand,International City,Premium/Lounge,2023-01-17
677,Fan_00677,Male,55+,UK,Liverpool,Red Member,2023-01-23
678,Fan_00678,Male,55+,UK,Liverpool,Full Member,2024-03-18
679,Fan_00679,Male,35-44,UK,London,Non-Member,2021-12-14
680,Fan_00680,Male,18-24,UK,Liverpool,Non-Member,2024-07-18
681,Fan_00681,Non-binary,55+,China,International City,Red Member,2024-10-29
682,Fan_00682,Non-binary,55+,China,International City,Red Member,2020-12-05
683,Fan_00683,Male,18-24,Thailand,International City,Non-Member,2024-07-07
684,Fan_00684,Non-binary,25-34,UK,Liverpool,Full Member,2023-01-08
685,Fan_00685,Non-binary,25-34,UK,London,Non-Member,2023-03-18
686,Fan_00686,Non-binary,55+,UK,Liverpool,Non-Member,2020-10-04
687,Fan_00687,Female,Under 18,China,International City,Non-Member,2024-11-10
688,Fan_00688,Male,55+,Ireland,International City,Non-Member,2021-05-26
689,Fan_00689,Male,55+,UK,Liverpool,Red Member,2022-09-29
690,Fan_00690,Female,55+,UK,Liverpool,Red Member,2022-02-07
691,Fan_00691,Male,55+,USA,International City,Premium/Lounge,2020-07-09
692,Fan_00692,Non-binary,55+,USA,International City,Non-Member,2023-11-23
693,Fan_00693,Female,25-34,UK,Liverpool,Full Member,2020-01-06
694,Fan_00694,Non-binary,Under 18,China,International City,Junior Member,2022-07-27
695,Fan_00695,Non-binary,55+,Ireland,International City,Red Member,2024-10-07
696,Fan_00696,Female,18-24,UK,Liverpool,Red Member,2024-08-16
697,Fan_00697,Female,25-34,UK,Liverpool,Red Member,2023-01-25
698,Fan_00698,Male,45-54,Thailand,International City,Red Member,2024-06-02
699,Fan_00699,Male,Under 18,UK,Liverpool,Non-Member,2023-07-06
700,Fan_00700,Male,Under 18,USA,International City,Non-Member,2022-06-22
701,Fan_00701,Male,35-44,USA,International City,Non-Member,2023-11-11
702,Fan_00702,Female,18-24,UK,Liverpool,Non-Member,2020-07-10
703,Fan_00703,Female,25-34,Ireland,International City,Non-Member,2022-01-31
704,Fan_00704,Non-binary,18-24,Australia,International City,Non-Member,2022-03-22
705,Fan_00705,Female,55+,Ireland,International City,Junior Member,2024-03-26
706,Fan_00706,Male,55+,UK,Liverpool,Non-Member,2020-01-03
707,Fan_00707,Male,45-54,UK,Liverpool,Non-Member,2022-11-29
708,Fan_00708,Female,Under 18,Australia,International City,Non-Member,2023-11-25
709,Fan_00709,Female,55+,UK,Liverpool,Non-Member,2022-09-05
710,Fan_00710,Male,55+,UK,London,Non-Member,2020-07-30
711,Fan_00711,Female,18-24,UK,London,Red Member,2024-05-03
712,Fan_00712,Male,55+,China,International City,Junior Member,2020-10-19
713,Fan_00713,Male,45-54,UK,Liverpool,Full Member,2020-12-02
714,Fan_00714,Female,55+,USA,International City,Non-Member,2023-07-10
715,Fan_00715,Male,35-44,China,International City,Full Member,2023-11-07
716,Fan_00716,Male,Under 18,USA,International City,Non-Member,2020-10-13
717,Fan_00717,Male,45-54,China,International City,Junior Member,2022-02-25
718,Fan_00718,Female,18-24,UK,Liverpool,Non-Member,2021-07-21
719,Fan_00719,Male,18-24,Ireland,International City,Full Member,2023-05-15
720,Fan_00720,Non-binary,45-54,Thailand,International City,Non-Member,2024-05-14
721,Fan_00721,Male,55+,Australia,International City,Non-Member,2021-02-24
722,Fan_00722,Non-binary,45-54,Egypt,International City,Non-Member,2024-03-11
723,Fan_00723,Female,55+,USA,International City,Non-Member,2024-05-24
724,Fan_00724,Male,18-24,UK,Liverpool,Red Member,2023-07-30
725,Fan_00725,Male,45-54,Thailand,International City,Non-Member,2022-01-09
726,Fan_00726,Non-binary,35-44,UK,London,Red Member,2023-01-23
727,Fan_00727,Male,35-44,Australia,International City,Premium/Lounge,2020-05-29
728,Fan_00728,Male,25-34,UK,Liverpool,Non-Member,2020-03-22
729,Fan_00729,Female,45-54,UK,Liverpool,Non-Member,2023-07-11
730,Fan_00730,Non-binary,35-44,China,International City,Red Member,2023-12-08
731,Fan_00731,Male,55+,USA,International City,Red Member,2023-01-06
732,Fan_00732,Male,25-34,Thailand,International City,Non-Member,2021-09-26
733,Fan_00733,Male,18-24,UK,Liverpool,Red Member,2021-10-31
734,Fan_00734,Non-binary,55+,USA,International City,Premium/Lounge,2024-09-05
735,Fan_00735,Non-binary,55+,Ireland,International City,Non-Member,2021-09-27
736,Fan_00736,Female,55+,Australia,International City,Non-Member,2020-04-28
737,Fan_00737,Female,Under 18,UK,London,Red Member,2023-06-07
738,Fan_00738,Male,25-34,Thailand,International City,Junior Member,2024-02-27
739,Fan_00739,Non-binary,18-24,Ireland,International City,Non-Member,2020-01-26
740,Fan_00740,Male,55+,China,International City,Non-Member,2020-12-01
741,Fan_00741,Female,45-54,Norway,International City,Red Member,2024-05-22
742,Fan_00742,Female,18-24,China,International City,Red Member,2020-09-16
743,Fan_00743,Female,55+,China,International City,Non-Member,2024-04-28
744,Fan_00744,Female,25-34,UK,London,Red Member,2020-05-10
745,Fan_00745,Non-binary,55+,UK,Liverpool,Non-Member,2022-10-13
746,Fan_00746,Non-binary,25-34,USA,International City,Non-Member,2022-10-20
747,Fan_00747,Male,25-34,Egypt,International City,Non-Member,2021-06-06
748,Fan_00748,Male,45-54,China,International City,Junior Member,2024-01-20
749,Fan_00749,Non-binary,Under 18,UK,London,Non-Member,2024-10-24
750,Fan_00750,Female,25-34,UK,London,Red Member,2020-11-03
751,Fan_00751,Male,45-54,UK,Liverpool,Junior Member,2024-02-25
752,Fan_00752,Female,18-24,Ireland,International City,Red Member,2021-05-23
753,Fan_00753,Non-binary,25-34,USA,International City,Non-Member,2024-08-18
754,Fan_00754,Male,45-54,UK,Liverpool,Junior Member,2020-04-17
755,Fan_00755,Non-binary,Under 18,UK,London,Red Member,2020-05-21
756,Fan_00756,Female,25-34,USA,International City,Red Member,2020-06-25
757,Fan_00757,Female,Under 18,Egypt,International City,Red Member,2021-02-14
758,Fan_00758,Female,55+,UK,Liverpool,Full Member,2021-05-11
759,Fan_00759,Female,45-54,USA,International City,Red Member,2024-05-01
760,Fan_00760,Male,55+,China,International City,Red Member,2024-04-06
761,Fan_00761,Female,Under 18,UK,London,Non-Member,2023-01-14
762,Fan_00762,Non-binary,Under 18,UK,Liverpool,Red Member,2020-01-03
763,Fan_00763,Non-binary,35-44,China,International City,Junior Member,2024-01-29
764,Fan_00764,Non-binary,18-24,UK,London,Red Member,2022-10-04
765,Fan_00765,Male,55+,UK,Liverpool,Non-Member,2020-07-09
766,Fan_00766,Non-binary,35-44,UK,Liverpool,Junior Member,2022-02-01
767,Fan_00767,Non-binary,Under 18,USA,International City,Full Member,2020-07-14
768,Fan_00768,Male,55+,Norway,International City,Red Member,2020-06-02
769,Fan_00769,Non-binary,Under 18,Thailand,International City,Red Member,2023-09-18
770,Fan_00770,Female,25-34,UK,London,Red Member,2023-12-06
771,Fan_00771,Female,25-34,China,International City,Red Member,2021-07-10
772,Fan_00772,Male,18-24,UK,London,Premium/Lounge,2024-04-26
773,Fan_00773,Male,18-24,Thailand,International City,Non-Member,2020-12-02
774,Fan_00774,Female,25-34,USA,International City,Red Member,2020-09-04
775,Fan_00775,Female,18-24,Egypt,International City,Red Member,2021-09-23
776,Fan_00776,Female,Under 18,USA,International City,Non-Member,2020-11-18
777,Fan_00777,Female,55+,Australia,International City,Junior Member,2023-05-20
778,Fan_00778,Female,18-24,UK,London,Non-Member,2023-12-27
779,Fan_00779,Female,45-54,UK,Liverpool,Non-Member,2023-10-18
780,Fan_00780,Male,Under 18,UK,London,Red Member,2024-10-16
781,Fan_00781,Non-binary,55+,USA,International City,Full Member,2021-05-26
782,Fan_00782,Male,Under 18,UK,Liverpool,Non-Member,2020-05-06
783,Fan_00783,Male,18-24,China,International City,Non-Member,2024-08-13
784,Fan_00784,Female,55+,USA,International City,Full Member,2023-08-13
785,Fan_00785,Female,Under 18,UK,Liverpool,Non-Member,2020-05-12
786,Fan_00786,Female,18-24,UK,Liverpool,Non-Member,2024-10-01
787,Fan_00787,Female,Under 18,UK,London,Non-Member,2023-03-21
788,Fan_00788,Non-binary,35-44,USA,International City,Red Member,2020-03-01
789,Fan_00789,Male,25-34,UK,Liverpool,Non-Member,2021-01-18
790,Fan_00790,Male,Under 18,UK,London,Full Member,2023-06-22
791,Fan_00791,Male,55+,Thailand,International City,Non-Member,2022-10-18
792,Fan_00792,Non-binary,35-44,USA,International City,Non-Member,2020-06-28
793,Fan_00793,Female,18-24,UK,London,Full Member,2024-06-20
794,Fan_00794,Male,55+,Egypt,International City,Red Member,2024-06-15
795,Fan_00795,Non-binary,25-34,UK,Liverpool,Red Member,2023-01-20
796,Fan_00796,Female,45-54,Norway,International City,Red Member,2021-10-20
797,Fan_00797,Male,25-34,UK,London,Full Member,2021-03-24
798,Fan_00798,Female,Under 18,UK,Liverpool,Red Member,2022-12-20
799,Fan_00799,Male,18-24,UK,Liverpool,Non-Member,2021-05-22
800,Fan_00800,Male,25-34,Ireland,International City,Red Member,2024-07-29
801,Fan_00801,Male,18-24,China,International City,Full Member,2024-09-29
802,Fan_00802,Male,18-24,UK,London,Non-Member,2023-04-28
803,Fan_00803,Non-binary,25-34,UK,Liverpool,Full Member,2020-02-27
804,Fan_00804,Non-binary,25-34,China,International City,Full Member,2023-02-28
805,Fan_00805,Male,35-44,UK,Liverpool,Red Member,2021-09-24
806,Fan_00806,Male,Under 18,UK,Liverpool,Non-Member,2023-05-17
807,Fan_00807,Female,Under 18,UK,London,Red Member,2023-06-11
808,Fan_00808,Female,55+,UK,Liverpool,Non-Member,2024-07-01
809,Fan_00809,Male,45-54,UK,London,Junior Member,2020-10-17
810,Fan_00810,Male,45-54,China,International City,Red Member,2020-05-28
811,Fan_00811,Non-binary,35-44,UK,Liverpool,Full Member,2020-07-25
812,Fan_00812,Male,18-24,UK,London,Junior Member,2022-06-13
813,Fan_00813,Female,55+,Ireland,International City,Red Member,2020-12-22
814,Fan_00814,Non-binary,55+,China,International City,Full Member,2024-05-30
815,Fan_00815,Non-binary,18-24,UK,London,Red Member,2021-09-20
816,Fan_00816,Non-binary,25-34,China,International City,Non-Member,2020-12-29
817,Fan_00817,Male,55+,China,International City,Full Member,2022-03-12
818,Fan_00818,Non-binary,Under 18,China,International City,Non-Member,2023-05-18
819,Fan_00819,Non-binary,18-24,UK,Liverpool,Full Member,2023-03-04
820,Fan_00820,Male,25-34,UK,Liverpool,Premium/Lounge,2020-06-08
821,Fan_00821,Female,18-24,UK,London,Full Member,2020-06-30
822,Fan_00822,Non-binary,55+,China,International City,Junior Member,2021-11-18
823,Fan_00823,Male,25-34,USA,International City,Non-Member,2021-05-26
824,Fan_00824,Male,25-34,Australia,International City,Non-Member,2024-05-30
825,Fan_00825,Male,35-44,UK,Liverpool,Red Member,2024-02-09
826,Fan_00826,Male,35-44,USA,International City,Red Member,2022-02-14
827,Fan_00827,Male,35-44,UK,Liverpool,Full Member,2023-08-26
828,Fan_00828,Non-binary,18-24,China,International City,Non-Member,2022-07-13
829,Fan_00829,Male,25-34,UK,Liverpool,Non-Member,2021-10-14
830,Fan_00830,Male,25-34,UK,Liverpool,Non-Member,2022-02-07
831,Fan_00831,Non-binary,Under 18,UK,Liverpool,Red Member,2023-05-01
832,Fan_00832,Female,55+,Thailand,International City,Non-Member,2022-06-02
833,Fan_00833,Male,45-54,Ireland,International City,Red Member,2020-11-17
834,Fan_00834,Male,18-24,UK,London,Red Member,2023-11-28
835,Fan_00835,Non-binary,55+,Egypt,International City,Red Member,2021-06-27
836,Fan_00836,Female,25-34,Ireland,International City,Non-Member,2020-07-15
837,Fan_00837,Non-binary,35-44,UK,London,Non-Member,2020-04-21
838,Fan_00838,Male,25-34,UK,London,Full Member,2023-07-04
839,Fan_00839,Female,18-24,Thailand,International City,Non-Member,2020-02-22
840,Fan_00840,Female,Under 18,UK,London,Red Member,2024-09-24
841,Fan_00841,Female,35-44,UK,London,Red Member,2023-09-15
842,Fan_00842,Non-binary,35-44,UK,London,Non-Member,2022-01-29
843,Fan_00843,Female,Under 18,UK,London,Non-Member,2022-06-19
844,Fan_00844,Female,18-24,USA,International City,Non-Member,2023-03-01
845,Fan_00845,Non-binary,55+,UK,London,Non-Member,2020-06-24
846,Fan_00846,Female,45-54,Australia,International City,Red Member,2024-03-29
847,Fan_00847,Male,45-54,Thailand,International City,Non-Member,2024-09-17
848,Fan_00848,Female,45-54,UK,Liverpool,Junior Member,2024-11-10
849,Fan_00849,Non-binary,18-24,Norway,International City,Red Member,2021-09-04
850,Fan_00850,Non-binary,Under 18,UK,London,Red Member,2023-03-15
851,Fan_00851,Non-binary,55+,Egypt,International City,Full Member,2020-10-28
852,Fan_00852,Female,18-24,UK,Liverpool,Non-Member,2021-03-09
853,Fan_00853,Female,Under 18,UK,London,Junior Member,2022-06-10
854,Fan_00854,Non-binary,18-24,UK,Liverpool,Full Member,2021-06-12
855,Fan_00855,Male,Under 18,UK,Liverpool,Red Member,2023-02-13
856,Fan_00856,Non-binary,25-34,USA,International City,Non-Member,2022-11-30
857,Fan_00857,Male,55+,USA,International City,Full Member,2023-04-18
858,Fan_00858,Female,Under 18,Egypt,International City,Red Member,2020-11-02
859,Fan_00859,Non-binary,Under 18,UK,Liverpool,Non-Member,2023-02-26
860,Fan_00860,Male,25-34,China,International City,Red Member,2021-12-05
861,Fan_00861,Female,35-44,USA,International City,Full Member,2022-09-21
862,Fan_00862,Non-binary,35-44,Thailand,International City,Non-Member,2020-12-18
863,Fan_00863,Non-binary,45-54,UK,Liverpool,Junior Member,2023-11-21
864,Fan_00864,Male,35-44,USA,International City,Red Member,2023-11-15
865,Fan_00865,Female,25-34,UK,London,Red Member,2020-02-11
866,Fan_00866,Female,25-34,UK,Liverpool,Non-Member,2024-09-22
867,Fan_00867,Non-binary,55+,Norway,International City,Non-Member,2024-11-14
868,Fan_00868,Non-binary,35-44,UK,London,Premium/Lounge,2024-08-18
869,Fan_00869,Female,45-54,UK,London,Full Member,2020-07-01
870,Fan_00870,Female,55+,UK,Liverpool,Red Member,2024-04-04
871,Fan_00871,Female,Under 18,Egypt,International City,Red Member,2024-06-08
872,Fan_00872,Non-binary,45-54,UK,London,Red Member,2020-10-04
873,Fan_00873,Non-binary,45-54,China,International City,Non-Member,2020-12-21
874,Fan_00874,Male,Under 18,UK,Liverpool,Non-Member,2020-03-08
875,Fan_00875,Male,25-34,USA,International City,Junior Member,2021-02-11
876,Fan_00876,Female,45-54,UK,London,Red Member,2023-07-25
877,Fan_00877,Male,25-34,UK,Liverpool,Red Member,2023-05-01
878,Fan_00878,Male,35-44,USA,International City,Full Member,2023-02-03
879,Fan_00879,Female,55+,UK,London,Junior Member,2020-07-04
880,Fan_00880,Male,18-24,UK,London,Full Member,2024-05-16
881,Fan_00881,Non-binary,18-24,UK,Liverpool,Junior Member,2021-02-27
882,Fan_00882,Non-binary,Under 18,UK,Liverpool,Premium/Lounge,2024-04-20
883,Fan_00883,Male,35-44,Australia,International City,Non-Member,2023-08-18
884,Fan_00884,Male,18-24,UK,Liverpool,Non-Member,2023-05-30
885,Fan_00885,Non-binary,55+,UK,Liverpool,Non-Member,2022-05-17
886,Fan_00886,Female,25-34,UK,Liverpool,Non-Member,2022-08-13
887,Fan_00887,Non-binary,35-44,UK,Liverpool,Full Member,2020-07-28
888,Fan_00888,Non-binary,25-34,UK,Liverpool,Full Member,2023-08-18
889,Fan_00889,Non-binary,25-34,Thailand,International City,Non-Member,2023-11-02
890,Fan_00890,Female,25-34,UK,Liverpool,Full Member,2021-10-27
891,Fan_00891,Non-binary,55+,UK,London,Non-Member,2021-01-20
892,Fan_00892,Male,Under 18,UK,Liverpool,Full Member,2022-04-07
893,Fan_00893,Female,55+,Ireland,International City,Non-Member,2024-01-17
894,Fan_00894,Female,25-34,UK,Liverpool,Red Member,2022-04-08
895,Fan_00895,Non-binary,55+,UK,Liverpool,Full Member,2024-07-29
896,Fan_00896,Non-binary,18-24,UK,London,Junior Member,2022-12-30
897,Fan_00897,Female,55+,Ireland,International City,Red Member,2022-11-04
898,Fan_00898,Non-binary,45-54,UK,Liverpool,Non-Member,2021-08-24
899,Fan_00899,Non-binary,25-34,UK,Liverpool,Junior Member,2024-07-13
900,Fan_00900,Male,55+,Egypt,International City,Red Member,2023-09-02
901,Fan_00901,Male,55+,UK,London,Non-Member,2022-05-11
902,Fan_00902,Non-binary,25-34,UK,London,Red Member,2024-10-09
903,Fan_00903,Non-binary,45-54,UK,Liverpool,Full Member,2023-06-25
904,Fan_00904,Male,45-54,UK,Liverpool,Non-Member,2024-11-11
905,Fan_00905,Female,45-54,Australia,International City,Non-Member,2022-04-26
906,Fan_00906,Male,18-24,UK,Liverpool,Non-Member,2021-12-02
907,Fan_00907,Non-binary,35-44,USA,International City,Non-Member,2021-10-09
908,Fan_00908,Male,Under 18,China,International City,Red Member,2021-11-12
909,Fan_00909,Male,25-34,Ireland,International City,Full Member,2020-04-28
910,Fan_00910,Male,18-24,UK,Liverpool,Full Member,2024-04-14
911,Fan_00911,Male,18-24,UK,Liverpool,Full Member,2022-06-07
912,Fan_00912,Female,35-44,Ireland,International City,Red Member,2022-09-04
913,Fan_00913,Non-binary,18-24,UK,London,Junior Member,2022-02-03
914,Fan_00914,Non-binary,18-24,UK,Liverpool,Non-Member,2023-10-17
915,Fan_00915,Male,18-24,UK,Liverpool,Junior Member,2024-12-01
916,Fan_00916,Male,35-44,UK,London,Red Member,2023-04-20
917,Fan_00917,Male,25-34,UK,London,Non-Member,2022-07-22
918,Fan_00918,Non-binary,45-54,China,International City,Red Member,2021-11-22
919,Fan_00919,Non-binary,18-24,USA,International City,Red Member,2022-09-30
920,Fan_00920,Male,35-44,UK,Liverpool,Non-Member,2021-04-12
921,Fan_00921,Male,18-24,UK,Liverpool,Junior Member,2020-02-14
922,Fan_00922,Non-binary,18-24,Thailand,International City,Non-Member,2022-01-20
923,Fan_00923,Non-binary,Under 18,China,International City,Red Member,2024-11-30
924,Fan_00924,Female,45-54,Ireland,International City,Full Member,2020-04-09
925,Fan_00925,Male,55+,Thailand,International City,Non-Member,2023-08-31
926,Fan_00926,Male,35-44,UK,London,Red Member,2022-02-17
927,Fan_00927,Female,55+,UK,Liverpool,Non-Member,2021-02-24
928,Fan_00928,Non-binary,55+,Australia,International City,Non-Member,2021-09-08
929,Fan_00929,Non-binary,Under 18,USA,International City,Full Member,2022-12-01
930,Fan_00930,Non-binary,18-24,UK,Liverpool,Red Member,2024-08-28
931,Fan_00931,Non-binary,Under 18,UK,Liverpool,Non-Member,2020-08-21
932,Fan_00932,Non-binary,18-24,UK,Liverpool,Premium/Lounge,2021-06-22
933,Fan_00933,Male,25-34,Egypt,International City,Junior Member,2022-04-19
934,Fan_00934,Non-binary,35-44,UK,London,Non-Member,2023-11-10
935,Fan_00935,Female,18-24,Norway,International City,Non-Member,2020-01-27
936,Fan_00936,Male,Under 18,Australia,International City,Full Member,2023-10-02
937,Fan_00937,Male,Under 18,Norway,International City,Premium/Lounge,2022-11-13
938,Fan_00938,Male,25-34,UK,Liverpool,Full Member,2021-04-18
939,Fan_00939,Female,25-34,USA,International City,Red Member,2020-04-12
940,Fan_00940,Male,25-34,UK,Liverpool,Red Member,2024-06-29
941,Fan_00941,Female,35-44,Australia,International City,Junior Member,2020-08-25
942,Fan_00942,Male,Under 18,UK,Liverpool,Non-Member,2023-09-20
943,Fan_00943,Male,25-34,Ireland,International City,Red Member,2022-06-15
944,Fan_00944,Female,55+,Thailand,International City,Non-Member,2022-02-02
945,Fan_00945,Female,35-44,UK,London,Red Member,2021-07-10
946,Fan_00946,Female,35-44,UK,Liverpool,Full Member,2024-06-20
947,Fan_00947,Non-binary,55+,UK,London,Non-Member,2024-09-25
948,Fan_00948,Non-binary,35-44,UK,London,Full Member,2023-10-21
949,Fan_00949,Male,45-54,USA,International City,Red Member,2024-05-14
950,Fan_00950,Non-binary,55+,UK,Liverpool,Non-Member,2022-09-16
951,Fan_00951,Male,35-44,Norway,International City,Red Member,2020-04-04
952,Fan_00952,Female,Under 18,UK,London,Junior Member,2024-11-13
953,Fan_00953,Non-binary,55+,Australia,International City,Full Member,2024-01-22
954,Fan_00954,Male,55+,Egypt,International City,Red Member,2022-11-29
955,Fan_00955,Non-binary,55+,Egypt,International City,Full Member,2020-07-14
956,Fan_00956,Non-binary,55+,USA,International City,Non-Member,2022-09-13
957,Fan_00957,Non-binary,35-44,UK,Liverpool,Non-Member,2024-09-14
958,Fan_00958,Non-binary,Under 18,Egypt,International City,Non-Member,2023-08-10
959,Fan_00959,Female,35-44,UK,Liverpool,Non-Member,2020-06-02
960,Fan_00960,Female,25-34,China,International City,Non-Member,2021-11-08
961,Fan_00961,Male,45-54,UK,London,Full Member,2022-02-14
962,Fan_00962,Male,Under 18,USA,International City,Red Member,2022-06-28
963,Fan_00963,Female,Under 18,Thailand,International City,Red Member,2022-07-04
964,Fan_00964,Female,55+,UK,London,Full Member,2020-02-06
965,Fan_00965,Male,45-54,UK,Liverpool,Full Member,2020-01-01
966,Fan_00966,Non-binary,55+,UK,Liverpool,Non-Member,2022-11-07
967,Fan_00967,Male,55+,Egypt,International City,Junior Member,2022-07-23
968,Fan_00968,Male,18-24,UK,London,Red Member,2021-11-10
969,Fan_00969,Non-binary,45-54,Egypt,International City,Red Member,2024-01-07
970,Fan_00970,Female,55+,Ireland,International City,Red Member,2020-08-21
971,Fan_00971,Male,Under 18,UK,Liverpool,Red Member,2021-12-28
972,Fan_00972,Female,45-54,Ireland,International City,Red Member,2022-02-04
973,Fan_00973,Male,Under 18,Australia,International City,Non-Member,2022-10-05
974,Fan_00974,Non-binary,55+,UK,Liverpool,Red Member,2020-08-07
975,Fan_00975,Male,Under 18,UK,Liverpool,Red Member,2021-03-17
976,Fan_00976,Male,55+,USA,International City,Red Member,2020-08-08
977,Fan_00977,Female,Under 18,China,International City,Full Member,2024-09-11
978,Fan_00978,Non-binary,Under 18,Australia,International City,Premium/Lounge,2022-07-11
979,Fan_00979,Non-binary,45-54,USA,International City,Red Member,2020-10-02
980,Fan_00980,Male,45-54,Norway,International City,Junior Member,2020-04-09
981,Fan_00981,Female,45-54,Egypt,International City,Red Member,2022-11-07
982,Fan_00982,Male,55+,China,International City,Full Member,2020-12-21
983,Fan_00983,Male,Under 18,China,International City,Red Member,2023-09-08
984,Fan_00984,Non-binary,25-34,Thailand,International City,Red Member,2022-02-26
985,Fan_00985,Non-binary,55+,USA,International City,Premium/Lounge,2021-05-23
986,Fan_00986,Female,25-34,UK,London,Red Member,2024-07-06
987,Fan_00987,Non-binary,55+,UK,London,Premium/Lounge,2022-11-15
988,Fan_00988,Non-binary,25-34,UK,Liverpool,Junior Member,2024-02-18
989,Fan_00989,Non-binary,18-24,Egypt,International City,Non-Member,2021-03-05
990,Fan_00990,Non-binary,25-34,Thailand,International City,Junior Member,2021-12-08
991,Fan_00991,Male,55+,Australia,International City,Full Member,2020-12-30
992,Fan_00992,Non-binary,55+,Norway,International City,Full Member,2021-10-22
993,Fan_00993,Male,25-34,China,International City,Full Member,2022-09-10
994,Fan_00994,Non-binary,55+,Thailand,International City,Junior Member,2022-05-04
995,Fan_00995,Non-binary,45-54,Australia,International City,Non-Member,2024-12-02
996,Fan_00996,Male,45-54,USA,International City,Non-Member,2020-02-21
997,Fan_00997,Non-binary,Under 18,UK,London,Non-Member,2021-06-30
998,Fan_00998,Male,25-34,China,International City,Junior Member,2021-05-28
999,Fan_00999,Non-binary,25-34,UK,Liverpool,Non-Member,2024-03-23
1000,Fan_01000,Male,25-34,Egypt,International City,Red Member,2020-07-28
1001,Fan_01001,Non-binary,55+,Thailand,International City,Full Member,2024-11-06
1002,Fan_01002,Non-binary,35-44,UK,Liverpool,Non-Member,2022-11-12
1003,Fan_01003,Female,55+,Australia,International City,Junior Member,2020-04-06
1004,Fan_01004,Non-binary,25-34,UK,London,Full Member,2020-04-20
1005,Fan_01005,Male,45-54,UK,Liverpool,Premium/Lounge,2024-10-28
1006,Fan_01006,Male,55+,USA,International City,Junior Member,2023-12-24
1007,Fan_01007,Female,45-54,Ireland,International City,Red Member,2024-02-21
1008,Fan_01008,Male,55+,Thailand,International City,Non-Member,2021-08-25
1009,Fan_01009,Male,55+,USA,International City,Non-Member,2021-01-17
1010,Fan_01010,Male,35-44,UK,Liverpool,Non-Member,2022-05-27
1011,Fan_01011,Male,18-24,UK,Liverpool,Full Member,2024-09-28
1012,Fan_01012,Female,55+,UK,London,Non-Member,2020-03-22
1013,Fan_01013,Non-binary,Under 18,UK,Liverpool,Premium/Lounge,2023-07-04
1014,Fan_01014,Non-binary,25-34,Thailand,International City,Red Member,2024-06-05
1015,Fan_01015,Non-binary,25-34,Thailand,International City,Non-Member,2024-05-24
1016,Fan_01016,Female,45-54,China,International City,Non-Member,2021-01-11
1017,Fan_01017,Male,45-54,Egypt,International City,Non-Member,2022-05-01
1018,Fan_01018,Non-binary,35-44,Egypt,International City,Non-Member,2021-12-16
1019,Fan_01019,Non-binary,25-34,UK,Liverpool,Red Member,2022-01-08
1020,Fan_01020,Non-binary,45-54,UK,London,Red Member,2023-02-23
1021,Fan_01021,Non-binary,Under 18,China,International City,Non-Member,2023-10-01
1022,Fan_01022,Non-binary,45-54,UK,Liverpool,Full Member,2021-05-14
1023,Fan_01023,Female,35-44,UK,Liverpool,Non-Member,2022-03-01
1024,Fan_01024,Female,Under 18,UK,Liverpool,Red Member,2024-08-10
1025,Fan_01025,Female,45-54,China,International City,Red Member,2022-07-01
1026,Fan_01026,Male,25-34,Norway,International City,Full Member,2021-01-29
1027,Fan_01027,Male,18-24,UK,Liverpool,Premium/Lounge,2023-01-06
1028,Fan_01028,Male,55+,Egypt,International City,Non-Member,2021-03-07
1029,Fan_01029,Non-binary,18-24,Australia,International City,Junior Member,2022-05-18
1030,Fan_01030,Non-binary,55+,UK,London,Premium/Lounge,2022-06-10
1031,Fan_01031,Male,55+,Ireland,International City,Junior Member,2020-11-10
1032,Fan_01032,Female,Under 18,UK,Liverpool,Non-Member,2020-05-30
1033,Fan_01033,Female,45-54,UK,London,Non-Member,2023-03-23
1034,Fan_01034,Female,35-44,UK,Liverpool,Red Member,2023-07-14
1035,Fan_01035,Female,25-34,USA,International City,Non-Member,2022-03-08
1036,Fan_01036,Male,45-54,Australia,International City,Non-Member,2023-08-06
1037,Fan_01037,Non-binary,Under 18,China,International City,Premium/Lounge,2024-03-07
1038,Fan_01038,Male,55+,Thailand,International City,Non-Member,2022-01-02
1039,Fan_01039,Male,25-34,Norway,International City,Junior Member,2021-09-09
1040,Fan_01040,Male,25-34,Thailand,International City,Premium/Lounge,2022-06-15
1041,Fan_01041,Non-binary,Under 18,UK,London,Red Member,2020-11-16
1042,Fan_01042,Male,18-24,Egypt,International City,Premium/Lounge,2022-03-11
1043,Fan_01043,Female,55+,Egypt,International City,Non-Member,2021-09-02
1044,Fan_01044,Non-binary,55+,Australia,International City,Red Member,2020-01-23
1045,Fan_01045,Non-binary,18-24,Egypt,International City,Non-Member,2020-03-26
1046,Fan_01046,Female,45-54,UK,Liverpool,Full Member,2020-06-23
1047,Fan_01047,Non-binary,55+,UK,London,Red Member,2021-03-09
1048,Fan_01048,Non-binary,45-54,USA,International City,Non-Member,2020-11-25
1049,Fan_01049,Female,18-24,UK,London,Non-Member,2021-01-06
1050,Fan_01050,Non-binary,Under 18,Australia,International City,Premium/Lounge,2023-01-29
1051,Fan_01051,Non-binary,45-54,USA,International City,Non-Member,2021-08-18
1052,Fan_01052,Male,25-34,Australia,International City,Non-Member,2021-02-08
1053,Fan_01053,Non-binary,35-44,China,International City,Red Member,2022-01-01
1054,Fan_01054,Male,Under 18,UK,Liverpool,Non-Member,2023-06-22
1055,Fan_01055,Female,35-44,UK,Liverpool,Red Member,2021-11-03
1056,Fan_01056,Non-binary,25-34,Thailand,International City,Junior Member,2023-04-11
1057,Fan_01057,Female,25-34,UK,Liverpool,Red Member,2020-12-11
1058,Fan_01058,Male,55+,UK,London,Junior Member,2023-08-05
1059,Fan_01059,Female,25-34,USA,International City,Non-Member,2023-10-23
1060,Fan_01060,Female,35-44,China,International City,Red Member,2022-07-01
1061,Fan_01061,Female,45-54,UK,Liverpool,Non-Member,2020-12-25
1062,Fan_01062,Non-binary,Under 18,Ireland,International City,Non-Member,2024-10-24
1063,Fan_01063,Male,25-34,UK,Liverpool,Junior Member,2023-07-07
1064,Fan_01064,Male,45-54,UK,Liverpool,Full Member,2020-03-04
1065,Fan_01065,Non-binary,35-44,Thailand,International City,Premium/Lounge,2023-04-23
1066,Fan_01066,Non-binary,25-34,UK,Liverpool,Red Member,2023-01-10
1067,Fan_01067,Non-binary,18-24,Norway,International City,Red Member,2022-03-14
1068,Fan_01068,Non-binary,55+,UK,Liverpool,Non-Member,2020-10-01
1069,Fan_01069,Non-binary,45-54,USA,International City,Non-Member,2022-03-23
1070,Fan_01070,Non-binary,18-24,UK,Liverpool,Full Member,2023-11-02
1071,Fan_01071,Male,35-44,UK,Liverpool,Non-Member,2021-01-01
1072,Fan_01072,Non-binary,55+,Egypt,International City,Non-Member,2024-02-16
1073,Fan_01073,Female,25-34,China,International City,Non-Member,2021-03-24
1074,Fan_01074,Female,18-24,China,International City,Non-Member,2021-06-25
1075,Fan_01075,Non-binary,18-24,UK,London,Red Member,2024-06-08
1076,Fan_01076,Female,Under 18,UK,London,Non-Member,2023-08-21
1077,Fan_01077,Non-binary,55+,UK,London,Non-Member,2024-09-05
1078,Fan_01078,Female,45-54,China,International City,Red Member,2023-03-13
1079,Fan_01079,Female,25-34,UK,London,Full Member,2023-08-31
1080,Fan_01080,Female,18-24,UK,Liverpool,Red Member,2022-04-11
1081,Fan_01081,Female,35-44,UK,Liverpool,Red Member,2023-05-22
1082,Fan_01082,Male,35-44,UK,Liverpool,Non-Member,2021-04-16
1083,Fan_01083,Female,18-24,UK,Liverpool,Non-Member,2021-01-17
1084,Fan_01084,Non-binary,Under 18,UK,London,Full Member,2021-04-16
1085,Fan_01085,Female,55+,USA,International City,Non-Member,2022-09-13
1086,Fan_01086,Female,35-44,Australia,International City,Non-Member,2023-04-24
1087,Fan_01087,Female,Under 18,UK,Liverpool,Non-Member,2020-03-29
1088,Fan_01088,Male,18-24,UK,Liverpool,Full Member,2022-11-15
1089,Fan_01089,Male,Under 18,UK,Liverpool,Non-Member,2021-06-12
1090,Fan_01090,Female,45-54,UK,Liverpool,Full Member,2023-07-29
1091,Fan_01091,Non-binary,55+,UK,Liverpool,Non-Member,2020-06-24
1092,Fan_01092,Female,35-44,UK,Liverpool,Non-Member,2021-03-25
1093,Fan_01093,Non-binary,18-24,USA,International City,Full Member,2024-08-07
1094,Fan_01094,Male,45-54,China,International City,Full Member,2022-11-12
1095,Fan_01095,Non-binary,25-34,UK,London,Red Member,2023-05-06
1096,Fan_01096,Male,18-24,Thailand,International City,Red Member,2022-02-28
1097,Fan_01097,Male,45-54,UK,London,Red Member,2023-11-02
1098,Fan_01098,Male,45-54,USA,International City,Non-Member,2020-12-29
1099,Fan_01099,Non-binary,45-54,Norway,International City,Non-Member,2024-12-02
1100,Fan_01100,Non-binary,Under 18,Egypt,International City,Non-Member,2022-09-14
1101,Fan_01101,Male,45-54,Ireland,International City,Red Member,2024-08-21
1102,Fan_01102,Non-binary,55+,UK,Liverpool,Red Member,2022-12-05
1103,Fan_01103,Female,Under 18,USA,International City,Junior Member,2022-12-21
1104,Fan_01104,Male,35-44,USA,International City,Premium/Lounge,2022-02-19
1105,Fan_01105,Non-binary,55+,UK,Liverpool,Full Member,2020-07-19
1106,Fan_01106,Male,25-34,USA,International City,Red Member,2024-04-17
1107,Fan_01107,Male,25-34,UK,Liverpool,Full Member,2024-11-30
1108,Fan_01108,Female,25-34,Egypt,International City,Non-Member,2020-01-12
1109,Fan_01109,Non-binary,Under 18,China,International City,Full Member,2022-12-06
1110,Fan_01110,Female,55+,UK,Liverpool,Non-Member,2023-11-09
1111,Fan_01111,Male,18-24,UK,Liverpool,Red Member,2023-08-27
1112,Fan_01112,Female,25-34,Thailand,International City,Red Member,2022-05-17
1113,Fan_01113,Female,45-54,Egypt,International City,Non-Member,2023-10-25
1114,Fan_01114,Male,35-44,USA,International City,Full Member,2024-05-24
1115,Fan_01115,Female,18-24,Egypt,International City,Red Member,2023-02-19
1116,Fan_01116,Female,25-34,Egypt,International City,Non-Member,2023-03-29
1117,Fan_01117,Female,55+,UK,Liverpool,Non-Member,2024-10-17
1118,Fan_01118,Male,55+,Ireland,International City,Non-Member,2022-07-03
1119,Fan_01119,Male,Under 18,Australia,International City,Non-Member,2022-11-07
1120,Fan_01120,Female,45-54,USA,International City,Full Member,2023-11-28
1121,Fan_01121,Non-binary,Under 18,Australia,International City,Non-Member,2022-03-07
1122,Fan_01122,Male,Under 18,Ireland,International City,Non-Member,2022-08-23
1123,Fan_01123,Female,Under 18,Thailand,International City,Non-Member,2021-06-22
1124,Fan_01124,Non-binary,Under 18,UK,London,Junior Member,2022-02-26
1125,Fan_01125,Non-binary,55+,USA,International City,Red Member,2021-08-09
1126,Fan_01126,Non-binary,Under 18,China,International City,Premium/Lounge,2024-08-06
1127,Fan_01127,Female,Under 18,UK,Liverpool,Non-Member,2024-10-07
1128,Fan_01128,Non-binary,25-34,Ireland,International City,Non-Member,2020-03-09
1129,Fan_01129,Non-binary,45-54,Thailand,International City,Junior Member,2021-04-19
1130,Fan_01130,Male,55+,Thailand,International City,Non-Member,2022-01-06
1131,Fan_01131,Male,Under 18,UK,Liverpool,Non-Member,2024-05-15
1132,Fan_01132,Female,55+,USA,International City,Red Member,2022-04-10
1133,Fan_01133,Male,45-54,Thailand,International City,Non-Member,2024-02-18
1134,Fan_01134,Male,Under 18,China,International City,Full Member,2021-08-05
1135,Fan_01135,Non-binary,45-54,China,International City,Red Member,2021-12-12
1136,Fan_01136,Male,35-44,UK,London,Red Member,2023-03-23
1137,Fan_01137,Female,45-54,UK,London,Non-Member,2023-02-18
1138,Fan_01138,Female,Under 18,UK,Liverpool,Red Member,2021-06-11
1139,Fan_01139,Non-binary,25-34,Egypt,International City,Junior Member,2022-06-25
1140,Fan_01140,Male,25-34,UK,Liverpool,Premium/Lounge,2022-07-28
1141,Fan_01141,Female,45-54,Australia,International City,Non-Member,2022-09-14
1142,Fan_01142,Female,55+,UK,London,Non-Member,2023-10-18
1143,Fan_01143,Male,25-34,Australia,International City,Red Member,2021-12-24
1144,Fan_01144,Non-binary,Under 18,Egypt,International City,Junior Member,2024-08-31
1145,Fan_01145,Male,35-44,UK,London,Junior Member,2024-03-13
1146,Fan_01146,Male,35-44,UK,London,Red Member,2021-12-25
1147,Fan_01147,Female,18-24,UK,Liverpool,Premium/Lounge,2023-10-31
1148,Fan_01148,Male,18-24,UK,Liverpool,Junior Member,2021-05-10
1149,Fan_01149,Male,18-24,UK,London,Full Member,2021-12-30
1150,Fan_01150,Male,Under 18,UK,Liverpool,Junior Member,2023-09-20
1151,Fan_01151,Non-binary,Under 18,Norway,International City,Premium/Lounge,2024-10-21
1152,Fan_01152,Male,35-44,Egypt,International City,Red Member,2023-06-25
1153,Fan_01153,Non-binary,25-34,UK,Liverpool,Red Member,2021-01-09
1154,Fan_01154,Non-binary,25-34,China,International City,Red Member,2021-03-30
1155,Fan_01155,Non-binary,18-24,China,International City,Non-Member,2022-12-12
1156,Fan_01156,Female,45-54,USA,International City,Non-Member,2022-10-26
1157,Fan_01157,Non-binary,18-24,UK,London,Red Member,2020-09-03
1158,Fan_01158,Non-binary,35-44,Australia,International City,Red Member,2023-11-12
1159,Fan_01159,Male,35-44,UK,London,Full Member,2020-07-25
1160,Fan_01160,Female,18-24,UK,London,Full Member,2021-06-22
1161,Fan_01161,Non-binary,25-34,UK,London,Red Member,2021-01-11
1162,Fan_01162,Female,18-24,Norway,International City,Red Member,2023-12-06
1163,Fan_01163,Female,25-34,China,International City,Red Member,2021-07-26
1164,Fan_01164,Male,45-54,USA,International City,Non-Member,2023-03-25
1165,Fan_01165,Male,Under 18,Australia,International City,Junior Member,2021-07-06
1166,Fan_01166,Female,18-24,UK,Liverpool,Non-Member,2024-06-26
1167,Fan_01167,Male,35-44,China,International City,Non-Member,2020-12-27
1168,Fan_01168,Female,18-24,USA,International City,Full Member,2022-11-24
1169,Fan_01169,Non-binary,25-34,Egypt,International City,Red Member,2021-09-06
1170,Fan_01170,Non-binary,Under 18,UK,Liverpool,Red Member,2020-07-21
1171,Fan_01171,Male,Under 18,Australia,International City,Non-Member,2024-07-24
1172,Fan_01172,Non-binary,Under 18,UK,Liverpool,Red Member,2024-03-04
1173,Fan_01173,Female,45-54,UK,London,Full Member,2024-07-16
1174,Fan_01174,Female,Under 18,UK,London,Red Member,2024-11-11
1175,Fan_01175,Non-binary,18-24,Australia,International City,Full Member,2023-03-25
1176,Fan_01176,Non-binary,45-54,Ireland,International City,Non-Member,2024-05-17
1177,Fan_01177,Non-binary,45-54,UK,London,Red Member,2024-05-05
1178,Fan_01178,Female,Under 18,China,International City,Red Member,2023-06-10
1179,Fan_01179,Male,18-24,UK,Liverpool,Full Member,2024-07-12
1180,Fan_01180,Non-binary,45-54,UK,Liverpool,Red Member,2024-10-04
1181,Fan_01181,Female,18-24,UK,London,Red Member,2021-10-10
1182,Fan_01182,Female,55+,Ireland,International City,Non-Member,2023-05-24
1183,Fan_01183,Female,25-34,Ireland,International City,Red Member,2024-05-18
1184,Fan_01184,Non-binary,35-44,UK,Liverpool,Red Member,2020-12-08
1185,Fan_01185,Male,55+,UK,Liverpool,Non-Member,2023-09-17
1186,Fan_01186,Non-binary,55+,UK,Liverpool,Non-Member,2021-03-07
1187,Fan_01187,Male,Under 18,UK,London,Red Member,2023-01-28
1188,Fan_01188,Female,45-54,UK,London,Premium/Lounge,2020-06-19
1189,Fan_01189,Male,Under 18,UK,London,Full Member,2022-03-09
1190,Fan_01190,Non-binary,25-34,UK,London,Red Member,2023-07-07
1191,Fan_01191,Male,Under 18,UK,London,Non-Member,2023-09-20
1192,Fan_01192,Female,35-44,UK,Liverpool,Red Member,2024-11-18
1193,Fan_01193,Female,45-54,Egypt,International City,Red Member,2020-10-03
1194,Fan_01194,Non-binary,18-24,Australia,International City,Full Member,2023-05-08
1195,Fan_01195,Non-binary,55+,USA,International City,Full Member,2024-12-01
1196,Fan_01196,Female,45-54,Egypt,International City,Full Member,2023-08-02
1197,Fan_01197,Female,25-34,Egypt,International City,Red Member,2023-01-10
1198,Fan_01198,Female,25-34,UK,Liverpool,Red Member,2022-04-24
1199,Fan_01199,Male,Under 18,UK,London,Red Member,2024-07-27
1200,Fan_01200,Male,25-34,China,International City,Non-Member,2022-08-18
1201,Fan_01201,Male,55+,Egypt,International City,Red Member,2024-03-27
1202,Fan_01202,Female,Under 18,Norway,International City,Premium/Lounge,2022-05-31
1203,Fan_01203,Male,45-54,UK,Liverpool,Red Member,2021-01-21
1204,Fan_01204,Non-binary,35-44,USA,International City,Red Member,2021-05-26
1205,Fan_01205,Non-binary,35-44,UK,Liverpool,Red Member,2021-03-27
1206,Fan_01206,Non-binary,18-24,UK,London,Red Member,2024-04-14
1207,Fan_01207,Non-binary,55+,Thailand,International City,Non-Member,2021-08-06
1208,Fan_01208,Non-binary,45-54,Ireland,International City,Non-Member,2022-04-25
1209,Fan_01209,Male,18-24,UK,Liverpool,Non-Member,2020-08-14
1210,Fan_01210,Female,45-54,Ireland,International City,Red Member,2021-07-11
1211,Fan_01211,Non-binary,35-44,Australia,International City,Non-Member,2021-10-18
1212,Fan_01212,Non-binary,Under 18,UK,London,Non-Member,2020-07-28
1213,Fan_01213,Non-binary,35-44,UK,London,Junior Member,2020-01-17
1214,Fan_01214,Male,35-44,UK,London,Non-Member,2021-12-01
1215,Fan_01215,Female,35-44,USA,International City,Red Member,2022-08-07
1216,Fan_01216,Male,25-34,Australia,International City,Non-Member,2024-09-23
1217,Fan_01217,Male,Under 18,China,International City,Non-Member,2024-05-07
1218,Fan_01218,Male,45-54,USA,International City,Red Member,2021-01-06
1219,Fan_01219,Female,35-44,UK,Liverpool,Non-Member,2020-09-06
1220,Fan_01220,Non-binary,18-24,China,International City,Red Member,2024-04-28
1221,Fan_01221,Male,55+,USA,International City,Non-Member,2021-02-11
1222,Fan_01222,Non-binary,Under 18,USA,International City,Red Member,2023-09-25
1223,Fan_01223,Non-binary,25-34,UK,Liverpool,Red Member,2020-11-20
1224,Fan_01224,Non-binary,Under 18,Ireland,International City,Premium/Lounge,2023-01-30
1225,Fan_01225,Male,25-34,Egypt,International City,Red Member,2023-07-31
1226,Fan_01226,Male,55+,UK,London,Non-Member,2020-08-19
1227,Fan_01227,Female,Under 18,UK,Liverpool,Non-Member,2024-06-14
1228,Fan_01228,Female,18-24,UK,Liverpool,Non-Member,2020-03-27
1229,Fan_01229,Non-binary,35-44,Thailand,International City,Junior Member,2023-05-06
1230,Fan_01230,Male,18-24,UK,London,Non-Member,2022-10-20
1231,Fan_01231,Female,55+,UK,Liverpool,Non-Member,2020-05-02
1232,Fan_01232,Non-binary,45-54,UK,Liverpool,Non-Member,2020-09-14
1233,Fan_01233,Male,25-34,Norway,International City,Full Member,2024-06-02
1234,Fan_01234,Female,35-44,Ireland,International City,Junior Member,2021-01-30
1235,Fan_01235,Female,55+,UK,Liverpool,Non-Member,2021-05-28
1236,Fan_01236,Female,45-54,UK,Liverpool,Non-Member,2023-01-16
1237,Fan_01237,Female,18-24,Australia,International City,Full Member,2021-01-17
1238,Fan_01238,Female,25-34,Egypt,International City,Junior Member,2022-08-17
1239,Fan_01239,Non-binary,45-54,UK,Liverpool,Non-Member,2020-05-21
1240,Fan_01240,Male,35-44,Egypt,International City,Non-Member,2024-08-05
1241,Fan_01241,Female,Under 18,UK,Liverpool,Premium/Lounge,2023-07-30
1242,Fan_01242,Female,55+,Norway,International City,Non-Member,2020-02-08
1243,Fan_01243,Female,45-54,Thailand,International City,Non-Member,2021-10-18
1244,Fan_01244,Male,55+,China,International City,Red Member,2024-08-04
1245,Fan_01245,Non-binary,35-44,UK,London,Premium/Lounge,2023-02-03
1246,Fan_01246,Female,35-44,UK,Liverpool,Full Member,2021-10-21
1247,Fan_01247,Non-binary,Under 18,UK,London,Non-Member,2024-09-06
1248,Fan_01248,Male,18-24,UK,London,Non-Member,2022-09-21
1249,Fan_01249,Non-binary,55+,UK,London,Red Member,2023-09-09
1250,Fan_01250,Non-binary,45-54,Norway,International City,Junior Member,2023-04-23
1251,Fan_01251,Male,45-54,UK,London,Junior Member,2020-05-25
1252,Fan_01252,Male,55+,UK,Liverpool,Red Member,2024-08-31
1253,Fan_01253,Non-binary,Under 18,UK,Liverpool,Red Member,2023-02-16
1254,Fan_01254,Female,25-34,China,International City,Junior Member,2020-04-29
1255,Fan_01255,Female,45-54,Thailand,International City,Non-Member,2024-02-12
1256,Fan_01256,Male,18-24,UK,Liverpool,Red Member,2020-07-17
1257,Fan_01257,Non-binary,35-44,UK,Liverpool,Non-Member,2021-01-30
1258,Fan_01258,Non-binary,18-24,Egypt,International City,Full Member,2023-07-04
1259,Fan_01259,Non-binary,35-44,UK,Liverpool,Premium/Lounge,2020-08-04
1260,Fan_01260,Non-binary,45-54,China,International City,Red Member,2023-10-13
1261,Fan_01261,Non-binary,55+,USA,International City,Red Member,2020-08-01
1262,Fan_01262,Non-binary,35-44,UK,Liverpool,Red Member,2021-11-22
1263,Fan_01263,Male,45-54,Ireland,International City,Full Member,2022-06-26
1264,Fan_01264,Non-binary,25-34,UK,Liverpool,Red Member,2022-04-24
1265,Fan_01265,Non-binary,35-44,China,International City,Junior Member,2021-10-24
1266,Fan_01266,Male,45-54,Thailand,International City,Red Member,2021-03-14
1267,Fan_01267,Non-binary,25-34,UK,Liverpool,Red Member,2022-07-15
1268,Fan_01268,Female,Under 18,USA,International City,Junior Member,2020-03-11
1269,Fan_01269,Non-binary,18-24,UK,Liverpool,Non-Member,2020-01-14
1270,Fan_01270,Male,25-34,UK,Liverpool,Non-Member,2024-04-29
1271,Fan_01271,Female,45-54,Australia,International City,Red Member,2023-02-13
1272,Fan_01272,Non-binary,18-24,Thailand,International City,Non-Member,2020-03-18
1273,Fan_01273,Female,18-24,USA,International City,Non-Member,2021-06-26
1274,Fan_01274,Male,18-24,UK,Liverpool,Non-Member,2024-07-19
1275,Fan_01275,Female,45-54,UK,London,Non-Member,2024-02-12
1276,Fan_01276,Female,18-24,UK,Liverpool,Red Member,2024-08-18
1277,Fan_01277,Non-binary,45-54,Australia,International City,Non-Member,2023-05-04
1278,Fan_01278,Female,Under 18,Ireland,International City,Junior Member,2024-07-13
1279,Fan_01279,Female,Under 18,Thailand,International City,Premium/Lounge,2020-04-24
1280,Fan_01280,Female,25-34,China,International City,Red Member,2022-05-03
1281,Fan_01281,Male,55+,UK,Liverpool,Full Member,2024-10-05
1282,Fan_01282,Male,55+,Thailand,International City,Premium/Lounge,2023-07-18
1283,Fan_01283,Non-binary,Under 18,UK,London,Red Member,2023-01-10
1284,Fan_01284,Male,25-34,Egypt,International City,Red Member,2023-11-30
1285,Fan_01285,Non-binary,55+,UK,London,Red Member,2022-07-01
1286,Fan_01286,Non-binary,45-54,China,International City,Red Member,2020-07-03
1287,Fan_01287,Female,18-24,UK,Liverpool,Non-Member,2021-11-19
1288,Fan_01288,Non-binary,Under 18,UK,Liverpool,Full Member,2022-03-28
1289,Fan_01289,Non-binary,35-44,UK,London,Premium/Lounge,2023-11-30
1290,Fan_01290,Female,45-54,UK,Liverpool,Non-Member,2022-09-26
1291,Fan_01291,Non-binary,45-54,USA,International City,Non-Member,2023-02-23
1292,Fan_01292,Non-binary,45-54,Thailand,International City,Non-Member,2021-05-11
1293,Fan_01293,Female,25-34,UK,London,Junior Member,2023-03-25
1294,Fan_01294,Female,35-44,UK,London,Red Member,2021-12-14
1295,Fan_01295,Non-binary,55+,UK,London,Non-Member,2024-04-25
1296,Fan_01296,Female,45-54,UK,London,Red Member,2023-06-30
1297,Fan_01297,Male,18-24,UK,Liverpool,Junior Member,2022-02-04
1298,Fan_01298,Male,Under 18,UK,Liverpool,Junior Member,2020-04-21
1299,Fan_01299,Male,25-34,UK,Liverpool,Non-Member,2021-12-04
1300,Fan_01300,Male,25-34,Australia,International City,Red Member,2022-08-22
1301,Fan_01301,Non-binary,45-54,UK,London,Non-Member,2021-02-21
1302,Fan_01302,Non-binary,25-34,Egypt,International City,Full Member,2022-09-16
1303,Fan_01303,Non-binary,18-24,Thailand,International City,Junior Member,2023-12-02
1304,Fan_01304,Male,35-44,Australia,International City,Full Member,2023-09-20
1305,Fan_01305,Male,25-34,Egypt,International City,Non-Member,2020-05-03
1306,Fan_01306,Non-binary,45-54,UK,London,Non-Member,2020-04-18
1307,Fan_01307,Non-binary,Under 18,USA,International City,Non-Member,2022-03-06
1308,Fan_01308,Female,55+,Ireland,International City,Full Member,2022-01-07
1309,Fan_01309,Non-binary,35-44,UK,London,Non-Member,2022-02-18
1310,Fan_01310,Non-binary,Under 18,Egypt,International City,Red Member,2022-09-19
1311,Fan_01311,Non-binary,Under 18,Thailand,International City,Non-Member,2021-02-11
1312,Fan_01312,Female,45-54,Norway,International City,Junior Member,2020-02-14
1313,Fan_01313,Non-binary,25-34,UK,London,Red Member,2022-09-30
1314,Fan_01314,Non-binary,18-24,USA,International City,Non-Member,2021-12-11
1315,Fan_01315,Female,25-34,Australia,International City,Full Member,2021-09-11
1316,Fan_01316,Non-binary,25-34,UK,Liverpool,Non-Member,2023-07-05
1317,Fan_01317,Male,45-54,UK,Liverpool,Non-Member,2021-04-06
1318,Fan_01318,Female,55+,UK,London,Non-Member,2020-06-28
1319,Fan_01319,Female,45-54,China,International City,Junior Member,2023-06-08
1320,Fan_01320,Non-binary,18-24,Ireland,International City,Red Member,2021-05-07
1321,Fan_01321,Male,35-44,Thailand,International City,Non-Member,2023-05-24
1322,Fan_01322,Male,18-24,UK,Liverpool,Full Member,2020-10-10
1323,Fan_01323,Non-binary,55+,Thailand,International City,Non-Member,2024-11-01
1324,Fan_01324,Non-binary,45-54,UK,London,Non-Member,2022-05-30
1325,Fan_01325,Male,55+,China,International City,Full Member,2020-11-19
1326,Fan_01326,Non-binary,55+,UK,London,Non-Member,2021-01-12
1327,Fan_01327,Male,55+,UK,Liverpool,Non-Member,2024-04-16
1328,Fan_01328,Female,35-44,UK,Liverpool,Non-Member,2022-06-26
1329,Fan_01329,Non-binary,55+,China,International City,Non-Member,2020-11-07
1330,Fan_01330,Male,Under 18,China,International City,Non-Member,2021-01-13
1331,Fan_01331,Non-binary,45-54,UK,Liverpool,Non-Member,2023-05-25
1332,Fan_01332,Non-binary,18-24,Egypt,International City,Full Member,2021-04-20
1333,Fan_01333,Female,Under 18,UK,Liverpool,Junior Member,2024-05-16
1334,Fan_01334,Male,45-54,Norway,International City,Full Member,2022-08-18
1335,Fan_01335,Non-binary,25-34,China,International City,Non-Member,2024-10-11
1336,Fan_01336,Male,18-24,UK,Liverpool,Non-Member,2021-04-08
1337,Fan_01337,Male,25-34,UK,Liverpool,Red Member,2021-03-31
1338,Fan_01338,Non-binary,18-24,China,International City,Premium/Lounge,2021-02-22
1339,Fan_01339,Female,45-54,UK,London,Red Member,2023-11-09
1340,Fan_01340,Male,35-44,UK,Liverpool,Red Member,2024-05-08
1341,Fan_01341,Female,55+,UK,Liverpool,Red Member,2022-03-18
1342,Fan_01342,Non-binary,45-54,Thailand,International City,Full Member,2023-01-03
1343,Fan_01343,Non-binary,55+,Egypt,International City,Non-Member,2022-12-02
1344,Fan_01344,Male,18-24,UK,Liverpool,Red Member,2023-01-06
1345,Fan_01345,Non-binary,Under 18,USA,International City,Full Member,2022-03-04
1346,Fan_01346,Non-binary,Under 18,Egypt,International City,Non-Member,2021-08-19
1347,Fan_01347,Female,25-34,USA,International City,Premium/Lounge,2024-08-21
1348,Fan_01348,Female,25-34,UK,Liverpool,Full Member,2020-04-21
1349,Fan_01349,Non-binary,18-24,Australia,International City,Red Member,2024-08-26
1350,Fan_01350,Female,Under 18,Ireland,International City,Junior Member,2022-10-22
1351,Fan_01351,Non-binary,55+,UK,London,Red Member,2020-10-04
1352,Fan_01352,Female,25-34,USA,International City,Red Member,2020-02-21
1353,Fan_01353,Non-binary,18-24,UK,Liverpool,Red Member,2020-07-03
1354,Fan_01354,Non-binary,55+,UK,London,Non-Member,2024-01-11
1355,Fan_01355,Male,Under 18,China,International City,Non-Member,2023-12-17
1356,Fan_01356,Non-binary,25-34,USA,International City,Non-Member,2022-12-08
1357,Fan_01357,Female,55+,China,International City,Red Member,2023-06-07
1358,Fan_01358,Female,Under 18,UK,London,Premium/Lounge,2020-12-15
1359,Fan_01359,Non-binary,18-24,UK,Liverpool,Non-Member,2024-11-14
1360,Fan_01360,Non-binary,Under 18,UK,London,Red Member,2021-09-22
1361,Fan_01361,Female,25-34,UK,Liverpool,Full Member,2021-01-05
1362,Fan_01362,Male,Under 18,UK,Liverpool,Full Member,2024-04-16
1363,Fan_01363,Female,35-44,UK,London,Red Member,2024-07-11
1364,Fan_01364,Female,18-24,UK,Liverpool,Non-Member,2023-04-20
1365,Fan_01365,Female,35-44,Ireland,International City,Red Member,2022-06-23
1366,Fan_01366,Male,18-24,UK,Liverpool,Full Member,2021-07-23
1367,Fan_01367,Non-binary,45-54,Thailand,International City,Non-Member,2020-04-10
1368,Fan_01368,Non-binary,25-34,UK,London,Non-Member,2020-10-24
1369,Fan_01369,Non-binary,25-34,UK,Liverpool,Red Member,2020-06-28
1370,Fan_01370,Male,18-24,UK,London,Junior Member,2021-08-05
1371,Fan_01371,Non-binary,55+,Thailand,International City,Junior Member,2023-05-03
1372,Fan_01372,Non-binary,18-24,Thailand,International City,Red Member,2024-03-14
1373,Fan_01373,Female,Under 18,Thailand,International City,Non-Member,2024-04-22
1374,Fan_01374,Female,Under 18,UK,London,Premium/Lounge,2022-05-25
1375,Fan_01375,Male,25-34,Egypt,International City,Red Member,2020-10-02
1376,Fan_01376,Female,25-34,UK,Liverpool,Red Member,2022-04-27
1377,Fan_01377,Male,55+,Egypt,International City,Non-Member,2023-06-07
1378,Fan_01378,Non-binary,55+,UK,London,Red Member,2020-06-28
1379,Fan_01379,Non-binary,55+,Norway,International City,Full Member,2024-06-02
1380,Fan_01380,Female,35-44,China,International City,Full Member,2024-10-02
1381,Fan_01381,Non-binary,45-54,UK,London,Red Member,2020-09-22
1382,Fan_01382,Non-binary,35-44,Thailand,International City,Red Member,2024-02-02
1383,Fan_01383,Female,35-44,Ireland,International City,Non-Member,2023-06-02
1384,Fan_01384,Male,Under 18,UK,Liverpool,Non-Member,2020-02-19
1385,Fan_01385,Non-binary,Under 18,USA,International City,Junior Member,2024-10-02
1386,Fan_01386,Female,35-44,UK,Liverpool,Non-Member,2021-11-14
1387,Fan_01387,Non-binary,18-24,UK,Liverpool,Non-Member,2023-08-04
1388,Fan_01388,Female,Under 18,UK,Liverpool,Non-Member,2021-09-06
1389,Fan_01389,Non-binary,25-34,Norway,International City,Premium/Lounge,2020-01-13
1390,Fan_01390,Female,35-44,UK,Liverpool,Junior Member,2023-03-11
1391,Fan_01391,Male,18-24,Thailand,International City,Non-Member,2021-11-07
1392,Fan_01392,Female,35-44,UK,Liverpool,Non-Member,2023-08-15
1393,Fan_01393,Non-binary,35-44,UK,Liverpool,Red Member,2021-11-17
1394,Fan_01394,Female,55+,USA,International City,Non-Member,2024-09-06
1395,Fan_01395,Female,45-54,Egypt,International City,Junior Member,2023-10-20
1396,Fan_01396,Male,18-24,UK,Liverpool,Full Member,2023-11-04
1397,Fan_01397,Female,Under 18,UK,Liverpool,Non-Member,2021-07-28
1398,Fan_01398,Female,55+,UK,London,Red Member,2024-09-21
1399,Fan_01399,Female,18-24,UK,Liverpool,Full Member,2020-08-27
1400,Fan_01400,Female,55+,China,International City,Red Member,2023-12-24
1401,Fan_01401,Male,35-44,UK,London,Non-Member,2022-01-31
1402,Fan_01402,Female,18-24,USA,International City,Red Member,2021-09-11
1403,Fan_01403,Male,18-24,UK,London,Non-Member,2022-06-27
1404,Fan_01404,Male,35-44,Norway,International City,Red Member,2020-11-11
1405,Fan_01405,Female,55+,UK,London,Red Member,2021-09-27
1406,Fan_01406,Female,18-24,China,International City,Premium/Lounge,2024-11-20
1407,Fan_01407,Non-binary,55+,UK,Liverpool,Non-Member,2021-02-24
1408,Fan_01408,Male,35-44,China,International City,Red Member,2024-01-01
1409,Fan_01409,Male,Under 18,Egypt,International City,Non-Member,2020-03-31
1410,Fan_01410,Non-binary,Under 18,Australia,International City,Red Member,2022-08-14
1411,Fan_01411,Non-binary,55+,UK,London,Non-Member,2020-02-16
1412,Fan_01412,Female,55+,Thailand,International City,Non-Member,2021-10-19
1413,Fan_01413,Female,45-54,UK,London,Red Member,2024-05-01
1414,Fan_01414,Non-binary,Under 18,USA,International City,Non-Member,2020-11-01
1415,Fan_01415,Male,45-54,UK,London,Full Member,2022-11-18
1416,Fan_01416,Female,45-54,UK,London,Red Member,2021-07-09
1417,Fan_01417,Female,45-54,UK,Liverpool,Non-Member,2020-12-16
1418,Fan_01418,Female,45-54,UK,London,Red Member,2020-04-13
1419,Fan_01419,Non-binary,Under 18,UK,London,Non-Member,2022-02-24
1420,Fan_01420,Female,18-24,UK,London,Junior Member,2023-05-05
1421,Fan_01421,Non-binary,55+,Thailand,International City,Junior Member,2022-07-02
1422,Fan_01422,Female,25-34,Thailand,International City,Red Member,2024-08-01
1423,Fan_01423,Non-binary,45-54,UK,Liverpool,Non-Member,2024-03-27
1424,Fan_01424,Female,45-54,China,International City,Non-Member,2020-07-09
1425,Fan_01425,Female,Under 18,Australia,International City,Red Member,2021-09-27
1426,Fan_01426,Non-binary,55+,Australia,International City,Premium/Lounge,2022-08-11
1427,Fan_01427,Male,18-24,Norway,International City,Non-Member,2024-10-29
1428,Fan_01428,Female,25-34,Thailand,International City,Red Member,2021-01-10
1429,Fan_01429,Non-binary,25-34,Australia,International City,Red Member,2022-07-17
1430,Fan_01430,Male,Under 18,Norway,International City,Red Member,2020-08-19
1431,Fan_01431,Male,25-34,UK,Liverpool,Premium/Lounge,2021-12-14
1432,Fan_01432,Non-binary,18-24,Thailand,International City,Red Member,2020-07-29
1433,Fan_01433,Non-binary,Under 18,USA,International City,Red Member,2023-02-12
1434,Fan_01434,Male,25-34,Ireland,International City,Red Member,2022-08-02
1435,Fan_01435,Non-binary,35-44,USA,International City,Non-Member,2023-06-25
1436,Fan_01436,Female,35-44,UK,Liverpool,Non-Member,2021-11-28
1437,Fan_01437,Non-binary,35-44,UK,Liverpool,Red Member,2023-03-07
1438,Fan_01438,Male,18-24,UK,Liverpool,Full Member,2023-10-03
1439,Fan_01439,Non-binary,45-54,UK,Liverpool,Red Member,2020-08-22
1440,Fan_01440,Non-binary,35-44,Thailand,International City,Red Member,2023-02-10
1441,Fan_01441,Male,25-34,UK,Liverpool,Red Member,2020-05-22
1442,Fan_01442,Male,55+,Thailand,International City,Full Member,2024-04-28
1443,Fan_01443,Non-binary,55+,UK,London,Non-Member,2020-07-04
1444,Fan_01444,Non-binary,55+,UK,Liverpool,Non-Member,2024-03-30
1445,Fan_01445,Female,45-54,UK,Liverpool,Non-Member,2022-03-09
1446,Fan_01446,Non-binary,35-44,Thailand,International City,Non-Member,2021-02-25
1447,Fan_01447,Female,25-34,Australia,International City,Full Member,2024-06-14
1448,Fan_01448,Female,35-44,Australia,International City,Junior Member,2021-12-06
1449,Fan_01449,Non-binary,45-54,UK,Liverpool,Red Member,2024-10-01
1450,Fan_01450,Male,25-34,UK,Liverpool,Full Member,2020-04-18
1451,Fan_01451,Female,Under 18,UK,Liverpool,Non-Member,2024-11-07
1452,Fan_01452,Non-binary,45-54,UK,London,Red Member,2023-07-04
1453,Fan_01453,Female,35-44,UK,Liverpool,Red Member,2023-01-21
1454,Fan_01454,Female,18-24,UK,Liverpool,Non-Member,2023-02-11
1455,Fan_01455,Female,35-44,UK,Liverpool,Non-Member,2021-08-13
1456,Fan_01456,Male,18-24,Australia,International City,Non-Member,2020-05-26
1457,Fan_01457,Male,18-24,Ireland,International City,Junior Member,2022-09-23
1458,Fan_01458,Female,18-24,Ireland,International City,Non-Member,2020-10-08
1459,Fan_01459,Female,35-44,Ireland,International City,Junior Member,2023-05-22
1460,Fan_01460,Non-binary,18-24,USA,International City,Red Member,2022-11-09
1461,Fan_01461,Non-binary,35-44,USA,International City,Red Member,2021-12-28
1462,Fan_01462,Non-binary,Under 18,UK,London,Full Member,2022-10-17
1463,Fan_01463,Male,55+,China,International City,Red Member,2021-07-05
1464,Fan_01464,Non-binary,45-54,USA,International City,Red Member,2020-03-09
1465,Fan_01465,Non-binary,25-34,UK,Liverpool,Non-Member,2023-04-03
1466,Fan_01466,Non-binary,Under 18,Norway,International City,Non-Member,2024-02-04
1467,Fan_01467,Non-binary,25-34,China,International City,Red Member,2022-11-24
1468,Fan_01468,Non-binary,Under 18,UK,Liverpool,Non-Member,2022-08-25
1469,Fan_01469,Non-binary,55+,Ireland,International City,Junior Member,2020-06-08
1470,Fan_01470,Non-binary,45-54,Australia,International City,Full Member,2021-10-01
1471,Fan_01471,Male,25-34,Thailand,International City,Red Member,2024-05-13
1472,Fan_01472,Non-binary,35-44,UK,Liverpool,Full Member,2024-02-11
1473,Fan_01473,Female,25-34,UK,Liverpool,Non-Member,2020-03-13
1474,Fan_01474,Non-binary,55+,Australia,International City,Non-Member,2024-01-28
1475,Fan_01475,Female,Under 18,Egypt,International City,Full Member,2022-08-27
1476,Fan_01476,Male,45-54,Thailand,International City,Non-Member,2023-09-06
1477,Fan_01477,Non-binary,Under 18,UK,Liverpool,Non-Member,2022-09-19
1478,Fan_01478,Male,25-34,UK,London,Non-Member,2020-09-28
1479,Fan_01479,Female,25-34,Thailand,International City,Non-Member,2020-01-30
1480,Fan_01480,Male,45-54,China,International City,Non-Member,2023-04-26
1481,Fan_01481,Male,55+,China,International City,Red Member,2022-01-27
1482,Fan_01482,Non-binary,18-24,UK,London,Red Member,2021-01-05
1483,Fan_01483,Male,25-34,Egypt,International City,Non-Member,2020-10-24
1484,Fan_01484,Male,35-44,Thailand,International City,Premium/Lounge,2022-04-25
1485,Fan_01485,Female,18-24,China,International City,Full Member,2022-06-20
1486,Fan_01486,Non-binary,18-24,China,International City,Non-Member,2023-03-29
1487,Fan_01487,Female,Under 18,China,International City,Full Member,2021-06-25
1488,Fan_01488,Male,Under 18,China,International City,Non-Member,2022-08-08
1489,Fan_01489,Female,25-34,USA,International City,Red Member,2024-03-08
1490,Fan_01490,Non-binary,18-24,China,International City,Red Member,2023-10-31
1491,Fan_01491,Female,35-44,China,International City,Non-Member,2020-10-24
1492,Fan_01492,Female,Under 18,Egypt,International City,Non-Member,2024-06-20
1493,Fan_01493,Female,55+,USA,International City,Red Member,2022-12-21
1494,Fan_01494,Male,Under 18,Australia,International City,Red Member,2023-07-29
1495,Fan_01495,Female,45-54,UK,Liverpool,Full Member,2024-10-23
1496,Fan_01496,Female,Under 18,UK,London,Non-Member,2023-09-02
1497,Fan_01497,Female,35-44,Thailand,International City,Premium/Lounge,2023-10-14
1498,Fan_01498,Male,55+,China,International City,Junior Member,2023-04-20
1499,Fan_01499,Male,45-54,China,International City,Red Member,2023-10-19
1500,Fan_01500,Male,25-34,Australia,International City,Full Member,2020-01-22
1501,Fan_01501,Male,Under 18,Australia,International City,Non-Member,2022-04-22
1502,Fan_01502,Non-binary,35-44,UK,Liverpool,Red Member,2021-03-25
1503,Fan_01503,Female,25-34,China,International City,Non-Member,2020-03-10
1504,Fan_01504,Male,45-54,UK,Liverpool,Full Member,2024-09-07
1505,Fan_01505,Non-binary,Under 18,UK,Liverpool,Junior Member,2020-09-02
1506,Fan_01506,Male,35-44,UK,Liverpool,Full Member,2024-04-13
1507,Fan_01507,Non-binary,18-24,Ireland,International City,Non-Member,2023-11-25
1508,Fan_01508,Female,55+,UK,London,Non-Member,2023-08-01
1509,Fan_01509,Female,35-44,USA,International City,Junior Member,2023-09-29
1510,Fan_01510,Female,25-34,China,International City,Non-Member,2024-05-17
1511,Fan_01511,Male,35-44,UK,London,Red Member,2021-11-12
1512,Fan_01512,Female,18-24,UK,London,Red Member,2020-05-22
1513,Fan_01513,Male,45-54,Norway,International City,Red Member,2020-12-31
1514,Fan_01514,Female,Under 18,Ireland,International City,Non-Member,2023-01-12
1515,Fan_01515,Female,18-24,China,International City,Full Member,2023-08-10
1516,Fan_01516,Non-binary,25-34,UK,Liverpool,Non-Member,2020-03-12
1517,Fan_01517,Non-binary,25-34,UK,London,Premium/Lounge,2022-07-02
1518,Fan_01518,Male,55+,UK,Liverpool,Full Member,2020-01-02
1519,Fan_01519,Female,18-24,UK,Liverpool,Junior Member,2021-11-06
1520,Fan_01520,Non-binary,Under 18,USA,International City,Red Member,2023-12-20
1521,Fan_01521,Female,35-44,China,International City,Red Member,2022-04-07
1522,Fan_01522,Male,45-54,China,International City,Non-Member,2020-01-07
1523,Fan_01523,Female,Under 18,UK,Liverpool,Full Member,2023-01-01
1524,Fan_01524,Female,35-44,UK,London,Non-Member,2023-07-18
1525,Fan_01525,Male,25-34,Ireland,International City,Red Member,2024-10-13
1526,Fan_01526,Female,25-34,UK,London,Full Member,2021-02-19
1527,Fan_01527,Female,55+,UK,Liverpool,Non-Member,2021-09-04
1528,Fan_01528,Female,Under 18,Australia,International City,Full Member,2023-11-11
1529,Fan_01529,Non-binary,35-44,UK,Liverpool,Junior Member,2021-01-23
1530,Fan_01530,Male,55+,UK,London,Full Member,2021-05-03
1531,Fan_01531,Female,Under 18,Norway,International City,Red Member,2023-08-10
1532,Fan_01532,Female,Under 18,UK,Liverpool,Non-Member,2021-11-25
1533,Fan_01533,Non-binary,Under 18,UK,London,Red Member,2020-08-30
1534,Fan_01534,Non-binary,45-54,UK,Liverpool,Red Member,2023-10-20
1535,Fan_01535,Male,55+,Egypt,International City,Full Member,2021-04-22
1536,Fan_01536,Male,35-44,UK,London,Full Member,2020-02-09
1537,Fan_01537,Non-binary,Under 18,Norway,International City,Non-Member,2023-12-07
1538,Fan_01538,Male,Under 18,Ireland,International City,Non-Member,2023-07-19
1539,Fan_01539,Male,35-44,UK,Liverpool,Full Member,2020-12-15
1540,Fan_01540,Male,Under 18,Thailand,International City,Non-Member,2022-10-15
1541,Fan_01541,Non-binary,18-24,Thailand,International City,Non-Member,2024-07-05
1542,Fan_01542,Non-binary,55+,UK,Liverpool,Red Member,2021-10-26
1543,Fan_01543,Non-binary,45-54,UK,Liverpool,Non-Member,2021-10-20
1544,Fan_01544,Non-binary,18-24,UK,Liverpool,Red Member,2020-05-09
1545,Fan_01545,Female,18-24,UK,London,Junior Member,2022-01-27
1546,Fan_01546,Male,35-44,Egypt,International City,Non-Member,2023-04-06
1547,Fan_01547,Non-binary,45-54,UK,London,Red Member,2024-05-11
1548,Fan_01548,Female,Under 18,UK,London,Non-Member,2020-01-15
1549,Fan_01549,Non-binary,55+,UK,Liverpool,Full Member,2021-08-04
1550,Fan_01550,Non-binary,35-44,USA,International City,Junior Member,2020-09-16
1551,Fan_01551,Female,45-54,UK,London,Red Member,2022-04-23
1552,Fan_01552,Non-binary,55+,UK,Liverpool,Non-Member,2023-05-06
1553,Fan_01553,Non-binary,Under 18,UK,Liverpool,Full Member,2024-08-19
1554,Fan_01554,Male,45-54,UK,London,Non-Member,2021-01-28
1555,Fan_01555,Male,45-54,UK,Liverpool,Red Member,2024-11-01
1556,Fan_01556,Non-binary,45-54,China,International City,Non-Member,2022-08-08
1557,Fan_01557,Non-binary,55+,China,International City,Non-Member,2021-07-20
1558,Fan_01558,Male,55+,UK,London,Red Member,2022-10-15
1559,Fan_01559,Male,Under 18,UK,London,Full Member,2022-01-15
1560,Fan_01560,Female,25-34,UK,London,Full Member,2024-07-06
1561,Fan_01561,Female,Under 18,China,International City,Non-Member,2024-02-25
1562,Fan_01562,Male,18-24,UK,Liverpool,Non-Member,2022-09-20
1563,Fan_01563,Male,Under 18,Egypt,International City,Non-Member,2024-01-17
1564,Fan_01564,Non-binary,45-54,USA,International City,Red Member,2022-05-08
1565,Fan_01565,Female,18-24,UK,Liverpool,Premium/Lounge,2020-08-13
1566,Fan_01566,Male,55+,UK,London,Red Member,2024-11-16
1567,Fan_01567,Male,Under 18,UK,London,Red Member,2023-04-13
1568,Fan_01568,Male,35-44,Norway,International City,Non-Member,2021-03-18
1569,Fan_01569,Female,18-24,Thailand,International City,Red Member,2022-02-03
1570,Fan_01570,Male,55+,UK,Liverpool,Red Member,2021-07-06
1571,Fan_01571,Male,55+,UK,London,Full Member,2020-05-02
1572,Fan_01572,Female,35-44,UK,London,Red Member,2020-12-16
1573,Fan_01573,Female,18-24,China,International City,Non-Member,2023-05-21
1574,Fan_01574,Non-binary,45-54,UK,Liverpool,Non-Member,2023-03-29
1575,Fan_01575,Male,Under 18,Egypt,International City,Red Member,2024-10-21
1576,Fan_01576,Female,18-24,Egypt,International City,Full Member,2022-08-27
1577,Fan_01577,Female,Under 18,USA,International City,Junior Member,2022-05-26
1578,Fan_01578,Male,18-24,China,International City,Red Member,2022-06-08
1579,Fan_01579,Male,45-54,Thailand,International City,Non-Member,2023-03-20
1580,Fan_01580,Male,Under 18,UK,Liverpool,Red Member,2024-02-11
1581,Fan_01581,Non-binary,Under 18,China,International City,Red Member,2022-12-23
1582,Fan_01582,Female,55+,USA,International City,Non-Member,2022-07-15
1583,Fan_01583,Male,Under 18,Norway,International City,Full Member,2024-03-22
1584,Fan_01584,Female,18-24,UK,Liverpool,Non-Member,2022-01-04
1585,Fan_01585,Male,Under 18,UK,London,Red Member,2023-10-02
1586,Fan_01586,Female,45-54,UK,London,Premium/Lounge,2023-04-10
1587,Fan_01587,Female,18-24,UK,Liverpool,Junior Member,2022-04-10
1588,Fan_01588,Female,55+,UK,Liverpool,Red Member,2023-12-12
1589,Fan_01589,Male,55+,Ireland,International City,Non-Member,2022-02-27
1590,Fan_01590,Female,45-54,Australia,International City,Non-Member,2021-08-30
1591,Fan_01591,Female,55+,USA,International City,Full Member,2023-01-15
1592,Fan_01592,Male,55+,Thailand,International City,Non-Member,2023-06-24
1593,Fan_01593,Male,45-54,UK,Liverpool,Junior Member,2022-01-15
1594,Fan_01594,Female,35-44,UK,London,Full Member,2020-03-24
1595,Fan_01595,Non-binary,45-54,UK,London,Junior Member,2020-05-17
1596,Fan_01596,Non-binary,18-24,Egypt,International City,Non-Member,2021-11-16
1597,Fan_01597,Non-binary,35-44,UK,Liverpool,Junior Member,2024-03-20
1598,Fan_01598,Non-binary,18-24,Thailand,International City,Premium/Lounge,2024-03-05
1599,Fan_01599,Male,25-34,China,International City,Red Member,2021-07-01
1600,Fan_01600,Non-binary,35-44,Norway,International City,Non-Member,2020-04-21
1601,Fan_01601,Female,35-44,UK,London,Red Member,2022-12-14
1602,Fan_01602,Non-binary,55+,UK,Liverpool,Red Member,2021-08-21
1603,Fan_01603,Non-binary,25-34,USA,International City,Junior Member,2023-11-20
1604,Fan_01604,Female,Under 18,UK,London,Non-Member,2022-03-11
1605,Fan_01605,Male,Under 18,UK,London,Non-Member,2021-07-19
1606,Fan_01606,Female,18-24,UK,Liverpool,Non-Member,2022-12-02
1607,Fan_01607,Male,25-34,Ireland,International City,Red Member,2023-10-29
1608,Fan_01608,Male,35-44,Egypt,International City,Red Member,2022-05-10
1609,Fan_01609,Non-binary,55+,USA,International City,Non-Member,2021-08-20
1610,Fan_01610,Male,45-54,UK,London,Full Member,2021-11-18
1611,Fan_01611,Non-binary,25-34,USA,International City,Full Member,2023-08-16
1612,Fan_01612,Non-binary,55+,UK,Liverpool,Red Member,2024-09-20
1613,Fan_01613,Female,35-44,Egypt,International City,Non-Member,2023-03-07
1614,Fan_01614,Female,18-24,UK,Liverpool,Non-Member,2021-04-09
1615,Fan_01615,Female,25-34,Norway,International City,Premium/Lounge,2024-09-27
1616,Fan_01616,Female,35-44,UK,London,Non-Member,2023-06-20
1617,Fan_01617,Female,18-24,UK,Liverpool,Non-Member,2024-09-14
1618,Fan_01618,Non-binary,55+,China,International City,Non-Member,2020-11-26
1619,Fan_01619,Female,45-54,UK,London,Non-Member,2022-06-21
1620,Fan_01620,Male,45-54,UK,London,Junior Member,2020-03-12
1621,Fan_01621,Female,25-34,Australia,International City,Non-Member,2022-02-02
1622,Fan_01622,Non-binary,18-24,USA,International City,Red Member,2021-09-09
1623,Fan_01623,Female,35-44,UK,Liverpool,Premium/Lounge,2020-10-24
1624,Fan_01624,Female,18-24,USA,International City,Non-Member,2024-02-21
1625,Fan_01625,Non-binary,25-34,Egypt,International City,Full Member,2023-12-15
1626,Fan_01626,Female,45-54,UK,Liverpool,Junior Member,2020-10-28
1627,Fan_01627,Non-binary,35-44,Egypt,International City,Red Member,2023-11-12
1628,Fan_01628,Male,18-24,UK,Liverpool,Junior Member,2023-02-02
1629,Fan_01629,Female,45-54,UK,London,Non-Member,2022-07-02
1630,Fan_01630,Male,45-54,UK,London,Full Member,2021-02-03
1631,Fan_01631,Non-binary,18-24,Thailand,International City,Premium/Lounge,2021-07-23
1632,Fan_01632,Non-binary,35-44,UK,London,Junior Member,2023-10-07
1633,Fan_01633,Female,18-24,UK,Liverpool,Red Member,2021-10-12
1634,Fan_01634,Non-binary,45-54,Thailand,International City,Non-Member,2023-09-27
1635,Fan_01635,Non-binary,35-44,UK,London,Red Member,2022-03-01
1636,Fan_01636,Female,25-34,UK,London,Non-Member,2022-07-01
1637,Fan_01637,Male,18-24,Egypt,International City,Junior Member,2022-06-28
1638,Fan_01638,Female,35-44,China,International City,Non-Member,2020-12-01
1639,Fan_01639,Female,55+,China,International City,Red Member,2020-10-12
1640,Fan_01640,Non-binary,Under 18,Thailand,International City,Non-Member,2021-03-01
1641,Fan_01641,Non-binary,25-34,UK,Liverpool,Non-Member,2023-04-24
1642,Fan_01642,Female,Under 18,China,International City,Non-Member,2022-04-18
1643,Fan_01643,Female,35-44,Ireland,International City,Non-Member,2023-02-12
1644,Fan_01644,Non-binary,45-54,USA,International City,Premium/Lounge,2020-10-07
1645,Fan_01645,Female,25-34,UK,London,Full Member,2022-10-01
1646,Fan_01646,Female,45-54,UK,Liverpool,Non-Member,2022-10-08
1647,Fan_01647,Non-binary,35-44,Egypt,International City,Non-Member,2020-02-24
1648,Fan_01648,Female,55+,UK,London,Full Member,2022-08-25
1649,Fan_01649,Female,35-44,UK,Liverpool,Non-Member,2022-10-04
1650,Fan_01650,Non-binary,18-24,Australia,International City,Non-Member,2020-09-01
1651,Fan_01651,Female,35-44,China,International City,Non-Member,2023-05-11
1652,Fan_01652,Female,45-54,China,International City,Red Member,2023-03-04
1653,Fan_01653,Female,55+,USA,International City,Junior Member,2022-09-01
1654,Fan_01654,Male,25-34,Australia,International City,Red Member,2024-02-10
1655,Fan_01655,Male,25-34,Thailand,International City,Non-Member,2023-04-06
1656,Fan_01656,Female,55+,UK,London,Non-Member,2022-01-01
1657,Fan_01657,Female,35-44,UK,London,Full Member,2021-12-30
1658,Fan_01658,Non-binary,55+,UK,London,Non-Member,2022-11-18
1659,Fan_01659,Male,Under 18,UK,Liverpool,Full Member,2024-03-21
1660,Fan_01660,Female,55+,UK,Liverpool,Non-Member,2021-07-09
1661,Fan_01661,Non-binary,55+,Australia,International City,Red Member,2020-07-15
1662,Fan_01662,Non-binary,25-34,Egypt,International City,Non-Member,2020-01-27
1663,Fan_01663,Female,35-44,UK,Liverpool,Red Member,2021-11-27
1664,Fan_01664,Male,45-54,UK,London,Non-Member,2024-08-30
1665,Fan_01665,Non-binary,45-54,UK,Liverpool,Junior Member,2024-08-29
1666,Fan_01666,Non-binary,55+,Egypt,International City,Full Member,2023-12-09
1667,Fan_01667,Male,35-44,China,International City,Red Member,2020-06-05
1668,Fan_01668,Male,35-44,UK,Liverpool,Red Member,2021-09-30
1669,Fan_01669,Female,18-24,Australia,International City,Red Member,2023-05-08
1670,Fan_01670,Female,18-24,Egypt,International City,Junior Member,2021-09-15
1671,Fan_01671,Male,18-24,UK,Liverpool,Non-Member,2024-10-20
1672,Fan_01672,Male,55+,Australia,International City,Non-Member,2021-09-21
1673,Fan_01673,Male,35-44,UK,London,Junior Member,2024-04-11
1674,Fan_01674,Female,35-44,UK,London,Non-Member,2021-02-06
1675,Fan_01675,Non-binary,45-54,UK,London,Full Member,2020-05-01
1676,Fan_01676,Male,25-34,Norway,International City,Non-Member,2020-05-15
1677,Fan_01677,Male,Under 18,UK,Liverpool,Full Member,2021-02-24
1678,Fan_01678,Male,18-24,Thailand,International City,Junior Member,2021-12-20
1679,Fan_01679,Non-binary,25-34,UK,London,Full Member,2021-12-13
1680,Fan_01680,Non-binary,55+,UK,London,Full Member,2021-05-10
1681,Fan_01681,Non-binary,Under 18,Norway,International City,Non-Member,2024-08-05
1682,Fan_01682,Male,45-54,Thailand,International City,Non-Member,2024-01-05
1683,Fan_01683,Male,45-54,UK,Liverpool,Non-Member,2024-01-25
1684,Fan_01684,Non-binary,55+,UK,Liverpool,Red Member,2022-01-20
1685,Fan_01685,Non-binary,18-24,Australia,International City,Red Member,2023-10-11
1686,Fan_01686,Female,35-44,UK,London,Red Member,2021-03-14
1687,Fan_01687,Male,35-44,Egypt,International City,Non-Member,2024-04-08
1688,Fan_01688,Male,45-54,UK,London,Non-Member,2022-10-12
1689,Fan_01689,Female,55+,China,International City,Non-Member,2023-02-15
1690,Fan_01690,Male,Under 18,China,International City,Red Member,2022-10-08
1691,Fan_01691,Female,45-54,UK,London,Junior Member,2021-09-30
1692,Fan_01692,Female,18-24,Australia,International City,Full Member,2022-04-14
1693,Fan_01693,Female,18-24,UK,Liverpool,Non-Member,2024-09-18
1694,Fan_01694,Non-binary,25-34,Norway,International City,Non-Member,2020-01-27
1695,Fan_01695,Female,55+,Australia,International City,Non-Member,2022-03-22
1696,Fan_01696,Non-binary,55+,USA,International City,Junior Member,2020-06-23
1697,Fan_01697,Female,55+,UK,London,Full Member,2020-07-27
1698,Fan_01698,Male,Under 18,China,International City,Red Member,2021-02-11
1699,Fan_01699,Female,Under 18,UK,London,Non-Member,2024-09-12
1700,Fan_01700,Non-binary,35-44,USA,International City,Non-Member,2024-04-15
1701,Fan_01701,Non-binary,45-54,China,International City,Non-Member,2024-03-28
1702,Fan_01702,Female,25-34,Ireland,International City,Red Member,2023-09-27
1703,Fan_01703,Female,35-44,Thailand,International City,Red Member,2021-07-25
1704,Fan_01704,Male,Under 18,UK,Liverpool,Non-Member,2022-09-29
1705,Fan_01705,Male,55+,Norway,International City,Non-Member,2020-03-01
1706,Fan_01706,Male,35-44,UK,Liverpool,Junior Member,2020-02-24
1707,Fan_01707,Non-binary,25-34,UK,London,Non-Member,2021-09-12
1708,Fan_01708,Non-binary,Under 18,Thailand,International City,Premium/Lounge,2020-06-05
1709,Fan_01709,Non-binary,35-44,Ireland,International City,Red Member,2021-02-17
1710,Fan_01710,Female,45-54,UK,Liverpool,Non-Member,2023-01-15
1711,Fan_01711,Non-binary,45-54,UK,Liverpool,Non-Member,2024-04-13
1712,Fan_01712,Male,35-44,UK,Liverpool,Red Member,2021-10-06
1713,Fan_01713,Male,Under 18,UK,Liverpool,Non-Member,2023-02-14
1714,Fan_01714,Female,55+,Ireland,International City,Non-Member,2022-10-03
1715,Fan_01715,Male,25-34,USA,International City,Junior Member,2022-03-07
1716,Fan_01716,Male,45-54,Norway,International City,Junior Member,2022-10-01
1717,Fan_01717,Non-binary,55+,Ireland,International City,Red Member,2023-03-17
1718,Fan_01718,Female,45-54,Norway,International City,Non-Member,2022-11-03
1719,Fan_01719,Female,45-54,UK,London,Red Member,2023-06-17
1720,Fan_01720,Female,25-34,Australia,International City,Red Member,2020-05-05
1721,Fan_01721,Male,25-34,UK,Liverpool,Red Member,2024-07-15
1722,Fan_01722,Non-binary,Under 18,China,International City,Premium/Lounge,2023-07-04
1723,Fan_01723,Female,25-34,UK,London,Red Member,2022-04-23
1724,Fan_01724,Male,18-24,UK,London,Non-Member,2023-08-20
1725,Fan_01725,Non-binary,Under 18,UK,Liverpool,Non-Member,2020-08-22
1726,Fan_01726,Non-binary,25-34,UK,London,Non-Member,2022-08-01
1727,Fan_01727,Female,45-54,Ireland,International City,Red Member,2022-05-12
1728,Fan_01728,Female,45-54,UK,London,Non-Member,2021-10-10
1729,Fan_01729,Female,45-54,UK,Liverpool,Non-Member,2024-07-13
1730,Fan_01730,Male,55+,Norway,International City,Junior Member,2021-02-25
1731,Fan_01731,Non-binary,25-34,UK,Liverpool,Non-Member,2023-06-13
1732,Fan_01732,Female,18-24,UK,London,Red Member,2023-07-25
1733,Fan_01733,Non-binary,18-24,UK,Liverpool,Non-Member,2021-06-27
1734,Fan_01734,Non-binary,35-44,UK,London,Non-Member,2023-07-03
1735,Fan_01735,Male,55+,China,International City,Full Member,2020-07-13
1736,Fan_01736,Female,25-34,Thailand,International City,Non-Member,2023-03-06
1737,Fan_01737,Female,35-44,Egypt,International City,Non-Member,2021-12-12
1738,Fan_01738,Female,45-54,UK,Liverpool,Non-Member,2022-06-05
1739,Fan_01739,Non-binary,25-34,Ireland,International City,Non-Member,2022-04-28
1740,Fan_01740,Female,45-54,USA,International City,Red Member,2022-07-17
1741,Fan_01741,Non-binary,18-24,Australia,International City,Non-Member,2023-07-09
1742,Fan_01742,Non-binary,18-24,China,International City,Full Member,2022-10-19
1743,Fan_01743,Non-binary,35-44,UK,Liverpool,Non-Member,2023-07-30
1744,Fan_01744,Non-binary,35-44,Egypt,International City,Full Member,2024-01-28
1745,Fan_01745,Male,45-54,Ireland,International City,Non-Member,2022-01-16
1746,Fan_01746,Male,18-24,USA,International City,Non-Member,2024-03-08
1747,Fan_01747,Female,35-44,Australia,International City,Red Member,2021-10-14
1748,Fan_01748,Female,25-34,UK,Liverpool,Non-Member,2023-08-16
1749,Fan_01749,Non-binary,18-24,UK,London,Red Member,2021-05-03
1750,Fan_01750,Male,18-24,UK,London,Non-Member,2022-08-08
1751,Fan_01751,Non-binary,35-44,Norway,International City,Red Member,2023-08-17
1752,Fan_01752,Female,18-24,UK,London,Non-Member,2021-06-13
1753,Fan_01753,Male,55+,UK,Liverpool,Non-Member,2024-01-19
1754,Fan_01754,Male,Under 18,Norway,International City,Non-Member,2021-10-04
1755,Fan_01755,Female,Under 18,Thailand,International City,Red Member,2022-01-14
1756,Fan_01756,Non-binary,Under 18,Australia,International City,Red Member,2024-09-15
1757,Fan_01757,Male,18-24,China,International City,Non-Member,2023-03-15
1758,Fan_01758,Non-binary,Under 18,China,International City,Red Member,2023-09-22
1759,Fan_01759,Non-binary,25-34,Thailand,International City,Red Member,2020-07-03
1760,Fan_01760,Female,25-34,UK,Liverpool,Full Member,2024-02-18
1761,Fan_01761,Non-binary,18-24,UK,Liverpool,Red Member,2021-03-22
1762,Fan_01762,Male,25-34,UK,London,Red Member,2022-04-16
1763,Fan_01763,Male,35-44,UK,Liverpool,Red Member,2022-02-06
1764,Fan_01764,Male,25-34,Australia,International City,Red Member,2022-05-17
1765,Fan_01765,Non-binary,18-24,Norway,International City,Non-Member,2024-05-25
1766,Fan_01766,Non-binary,25-34,UK,London,Non-Member,2020-02-13
1767,Fan_01767,Non-binary,Under 18,Ireland,International City,Junior Member,2023-09-18
1768,Fan_01768,Non-binary,18-24,UK,Liverpool,Non-Member,2023-02-05
1769,Fan_01769,Non-binary,25-34,UK,London,Junior Member,2020-09-06
1770,Fan_01770,Male,35-44,Egypt,International City,Red Member,2020-01-17
1771,Fan_01771,Female,25-34,USA,International City,Non-Member,2024-08-11
1772,Fan_01772,Male,25-34,China,International City,Non-Member,2024-10-26
1773,Fan_01773,Non-binary,25-34,UK,Liverpool,Premium/Lounge,2023-08-12
1774,Fan_01774,Male,25-34,USA,International City,Non-Member,2024-08-12
1775,Fan_01775,Female,35-44,China,International City,Junior Member,2022-04-25
1776,Fan_01776,Male,18-24,UK,Liverpool,Junior Member,2021-06-18
1777,Fan_01777,Male,25-34,Norway,International City,Red Member,2023-05-18
1778,Fan_01778,Non-binary,55+,China,International City,Red Member,2022-07-17
1779,Fan_01779,Male,Under 18,Australia,International City,Full Member,2023-08-06
1780,Fan_01780,Non-binary,18-24,UK,Liverpool,Non-Member,2022-03-31
1781,Fan_01781,Female,45-54,UK,Liverpool,Non-Member,2020-08-14
1782,Fan_01782,Non-binary,55+,UK,London,Premium/Lounge,2020-09-23
1783,Fan_01783,Non-binary,35-44,Thailand,International City,Red Member,2022-07-13
1784,Fan_01784,Non-binary,18-24,Norway,International City,Non-Member,2020-12-21
1785,Fan_01785,Non-binary,25-34,Australia,International City,Non-Member,2021-02-10
1786,Fan_01786,Male,35-44,UK,Liverpool,Red Member,2024-09-05
1787,Fan_01787,Male,Under 18,Thailand,International City,Non-Member,2023-02-17
1788,Fan_01788,Non-binary,55+,Ireland,International City,Non-Member,2020-07-01
1789,Fan_01789,Male,25-34,USA,International City,Junior Member,2024-10-10
1790,Fan_01790,Non-binary,35-44,UK,London,Full Member,2021-06-16
1791,Fan_01791,Female,18-24,UK,London,Full Member,2020-08-28
1792,Fan_01792,Female,35-44,UK,Liverpool,Junior Member,2022-10-09
1793,Fan_01793,Male,18-24,UK,London,Non-Member,2021-08-12
1794,Fan_01794,Female,35-44,China,International City,Non-Member,2022-06-02
1795,Fan_01795,Female,55+,UK,Liverpool,Junior Member,2021-01-22
1796,Fan_01796,Male,35-44,USA,International City,Non-Member,2020-02-28
1797,Fan_01797,Male,45-54,UK,Liverpool,Red Member,2021-05-23
1798,Fan_01798,Non-binary,35-44,UK,Liverpool,Non-Member,2020-01-22
1799,Fan_01799,Male,25-34,Norway,International City,Junior Member,2022-03-25
1800,Fan_01800,Male,55+,Australia,International City,Red Member,2023-12-21
1801,Fan_01801,Non-binary,45-54,USA,International City,Non-Member,2020-05-29
1802,Fan_01802,Male,25-34,UK,Liverpool,Non-Member,2022-08-22
1803,Fan_01803,Non-binary,45-54,UK,Liverpool,Junior Member,2024-03-12
1804,Fan_01804,Non-binary,45-54,UK,London,Red Member,2021-09-11
1805,Fan_01805,Non-binary,25-34,USA,International City,Non-Member,2023-02-19
1806,Fan_01806,Female,18-24,UK,Liverpool,Red Member,2022-10-06
1807,Fan_01807,Male,Under 18,UK,Liverpool,Red Member,2023-12-25
1808,Fan_01808,Female,18-24,Egypt,International City,Non-Member,2020-08-27
1809,Fan_01809,Male,35-44,UK,London,Non-Member,2024-03-11
1810,Fan_01810,Female,25-34,UK,Liverpool,Full Member,2024-08-25
1811,Fan_01811,Female,45-54,China,International City,Red Member,2022-06-11
1812,Fan_01812,Female,18-24,UK,London,Full Member,2024-10-13
1813,Fan_01813,Non-binary,35-44,Ireland,International City,Non-Member,2021-01-21
1814,Fan_01814,Male,Under 18,UK,London,Red Member,2021-06-16
1815,Fan_01815,Female,Under 18,UK,Liverpool,Red Member,2020-03-24
1816,Fan_01816,Female,55+,USA,International City,Full Member,2022-09-20
1817,Fan_01817,Female,Under 18,USA,International City,Junior Member,2024-11-10
1818,Fan_01818,Male,18-24,UK,London,Non-Member,2021-01-04
1819,Fan_01819,Female,45-54,UK,Liverpool,Full Member,2023-04-14
1820,Fan_01820,Male,45-54,UK,Liverpool,Premium/Lounge,2023-03-14
1821,Fan_01821,Male,18-24,UK,Liverpool,Premium/Lounge,2022-10-17
1822,Fan_01822,Male,25-34,Australia,International City,Non-Member,2021-08-05
1823,Fan_01823,Non-binary,Under 18,Australia,International City,Red Member,2022-02-04
1824,Fan_01824,Male,25-34,Thailand,International City,Non-Member,2020-02-29
1825,Fan_01825,Non-binary,55+,UK,Liverpool,Red Member,2022-07-18
1826,Fan_01826,Female,45-54,Ireland,International City,Full Member,2020-01-12
1827,Fan_01827,Non-binary,45-54,UK,Liverpool,Red Member,2021-10-27
1828,Fan_01828,Non-binary,45-54,China,International City,Non-Member,2021-03-08
1829,Fan_01829,Female,25-34,UK,Liverpool,Non-Member,2024-03-03
1830,Fan_01830,Non-binary,35-44,UK,Liverpool,Non-Member,2022-03-27
1831,Fan_01831,Female,Under 18,UK,London,Non-Member,2024-10-11
1832,Fan_01832,Female,25-34,UK,London,Full Member,2024-03-21
1833,Fan_01833,Male,Under 18,Ireland,International City,Non-Member,2022-10-02
1834,Fan_01834,Non-binary,25-34,USA,International City,Junior Member,2023-05-20
1835,Fan_01835,Male,25-34,UK,London,Red Member,2021-02-13
1836,Fan_01836,Female,35-44,Norway,International City,Red Member,2021-07-03
1837,Fan_01837,Non-binary,35-44,Egypt,International City,Non-Member,2024-03-29
1838,Fan_01838,Female,45-54,USA,International City,Non-Member,2022-06-08
1839,Fan_01839,Female,Under 18,Ireland,International City,Non-Member,2022-11-17
1840,Fan_01840,Non-binary,18-24,UK,Liverpool,Full Member,2023-11-06
1841,Fan_01841,Male,35-44,China,International City,Red Member,2023-07-13
1842,Fan_01842,Non-binary,Under 18,Ireland,International City,Non-Member,2022-08-16
1843,Fan_01843,Male,35-44,USA,International City,Non-Member,2020-10-31
1844,Fan_01844,Female,18-24,UK,Liverpool,Red Member,2022-05-25
1845,Fan_01845,Non-binary,Under 18,UK,Liverpool,Non-Member,2022-11-17
1846,Fan_01846,Female,Under 18,UK,Liverpool,Red Member,2023-09-15
1847,Fan_01847,Non-binary,25-34,China,International City,Red Member,2021-06-05
1848,Fan_01848,Male,45-54,Thailand,International City,Non-Member,2020-08-21
1849,Fan_01849,Non-binary,35-44,China,International City,Non-Member,2024-05-29
1850,Fan_01850,Male,Under 18,UK,Liverpool,Red Member,2024-11-30
1851,Fan_01851,Female,25-34,China,International City,Full Member,2024-01-22
1852,Fan_01852,Non-binary,35-44,USA,International City,Full Member,2024-07-12
1853,Fan_01853,Male,18-24,UK,London,Non-Member,2020-06-09
1854,Fan_01854,Non-binary,25-34,China,International City,Junior Member,2020-08-05
1855,Fan_01855,Non-binary,Under 18,USA,International City,Non-Member,2022-03-19
1856,Fan_01856,Non-binary,35-44,UK,London,Red Member,2023-11-17
1857,Fan_01857,Non-binary,55+,USA,International City,Full Member,2024-01-26
1858,Fan_01858,Female,45-54,Norway,International City,Full Member,2022-01-08
1859,Fan_01859,Non-binary,55+,Australia,International City,Junior Member,2022-03-19
1860,Fan_01860,Male,Under 18,UK,London,Non-Member,2020-08-17
1861,Fan_01861,Male,Under 18,UK,Liverpool,Non-Member,2022-09-12
1862,Fan_01862,Male,55+,Ireland,International City,Non-Member,2022-06-11
1863,Fan_01863,Non-binary,18-24,Ireland,International City,Non-Member,2021-09-08
1864,Fan_01864,Female,18-24,China,International City,Red Member,2022-05-14
1865,Fan_01865,Male,55+,UK,London,Junior Member,2022-06-30
1866,Fan_01866,Female,Under 18,Norway,International City,Red Member,2023-04-13
1867,Fan_01867,Non-binary,35-44,UK,London,Non-Member,2021-11-14
1868,Fan_01868,Non-binary,35-44,UK,London,Red Member,2024-10-03
1869,Fan_01869,Non-binary,45-54,Norway,International City,Full Member,2024-02-06
1870,Fan_01870,Female,Under 18,Egypt,International City,Red Member,2022-03-29
1871,Fan_01871,Non-binary,45-54,Norway,International City,Junior Member,2023-06-06
1872,Fan_01872,Female,18-24,Australia,International City,Junior Member,2020-05-04
1873,Fan_01873,Male,35-44,Egypt,International City,Full Member,2021-10-08
1874,Fan_01874,Male,25-34,Egypt,International City,Full Member,2022-05-04
1875,Fan_01875,Male,35-44,Norway,International City,Full Member,2023-08-16
1876,Fan_01876,Female,Under 18,UK,Liverpool,Non-Member,2021-08-12
1877,Fan_01877,Male,35-44,China,International City,Red Member,2022-06-16
1878,Fan_01878,Non-binary,55+,UK,Liverpool,Red Member,2023-05-18
1879,Fan_01879,Non-binary,35-44,China,International City,Non-Member,2021-08-23
1880,Fan_01880,Non-binary,35-44,China,International City,Red Member,2024-09-02
1881,Fan_01881,Non-binary,55+,Australia,International City,Red Member,2024-06-18
1882,Fan_01882,Male,45-54,Norway,International City,Non-Member,2021-08-01
1883,Fan_01883,Non-binary,Under 18,Australia,International City,Junior Member,2022-09-15
1884,Fan_01884,Male,45-54,UK,London,Red Member,2020-07-25
1885,Fan_01885,Female,25-34,USA,International City,Non-Member,2021-03-04
1886,Fan_01886,Male,Under 18,Egypt,International City,Red Member,2021-06-18
1887,Fan_01887,Male,45-54,UK,Liverpool,Non-Member,2024-07-10
1888,Fan_01888,Male,45-54,UK,London,Non-Member,2020-09-04
1889,Fan_01889,Male,35-44,Egypt,International City,Non-Member,2021-11-27
1890,Fan_01890,Non-binary,25-34,UK,Liverpool,Non-Member,2024-10-13
1891,Fan_01891,Non-binary,45-54,Australia,International City,Junior Member,2020-08-01
1892,Fan_01892,Male,35-44,China,International City,Red Member,2024-09-19
1893,Fan_01893,Male,Under 18,China,International City,Full Member,2023-06-02
1894,Fan_01894,Male,45-54,UK,Liverpool,Non-Member,2020-12-08
1895,Fan_01895,Male,18-24,Ireland,International City,Red Member,2020-11-17
1896,Fan_01896,Female,55+,China,International City,Red Member,2024-04-09
1897,Fan_01897,Female,55+,Norway,International City,Non-Member,2020-11-11
1898,Fan_01898,Female,25-34,Ireland,International City,Non-Member,2020-09-08
1899,Fan_01899,Female,Under 18,UK,Liverpool,Non-Member,2024-09-05
1900,Fan_01900,Female,25-34,Norway,International City,Red Member,2020-12-16
1901,Fan_01901,Non-binary,35-44,UK,London,Red Member,2023-07-13
1902,Fan_01902,Male,18-24,Australia,International City,Premium/Lounge,2024-03-23
1903,Fan_01903,Female,18-24,Egypt,International City,Non-Member,2024-06-30
1904,Fan_01904,Female,35-44,USA,International City,Red Member,2024-10-11
1905,Fan_01905,Non-binary,25-34,Egypt,International City,Non-Member,2022-06-25
1906,Fan_01906,Non-binary,45-54,UK,Liverpool,Non-Member,2020-06-22
1907,Fan_01907,Male,35-44,UK,London,Non-Member,2022-03-16
1908,Fan_01908,Male,55+,China,International City,Full Member,2020-11-05
1909,Fan_01909,Male,55+,Thailand,International City,Junior Member,2024-06-24
1910,Fan_01910,Non-binary,25-34,Ireland,International City,Red Member,2022-04-03
1911,Fan_01911,Non-binary,45-54,Australia,International City,Non-Member,2024-01-17
1912,Fan_01912,Female,25-34,China,International City,Non-Member,2024-08-20
1913,Fan_01913,Non-binary,18-24,UK,Liverpool,Junior Member,2022-04-07
1914,Fan_01914,Non-binary,18-24,USA,International City,Red Member,2023-07-02
1915,Fan_01915,Non-binary,35-44,Thailand,International City,Junior Member,2021-12-08
1916,Fan_01916,Female,18-24,Ireland,International City,Non-Member,2020-06-21
1917,Fan_01917,Female,55+,UK,Liverpool,Junior Member,2024-02-24
1918,Fan_01918,Non-binary,25-34,UK,Liverpool,Non-Member,2020-07-09
1919,Fan_01919,Non-binary,25-34,Egypt,International City,Red Member,2021-11-28
1920,Fan_01920,Non-binary,18-24,China,International City,Non-Member,2020-02-27
1921,Fan_01921,Non-binary,25-34,Egypt,International City,Non-Member,2024-08-31
1922,Fan_01922,Female,55+,China,International City,Red Member,2022-10-31
1923,Fan_01923,Female,25-34,UK,Liverpool,Full Member,2022-11-05
1924,Fan_01924,Non-binary,Under 18,UK,London,Red Member,2021-09-02
1925,Fan_01925,Non-binary,Under 18,Thailand,International City,Red Member,2021-11-25
1926,Fan_01926,Non-binary,45-54,UK,Liverpool,Junior Member,2023-07-09
1927,Fan_01927,Non-binary,45-54,Australia,International City,Non-Member,2021-12-18
1928,Fan_01928,Non-binary,45-54,UK,London,Junior Member,2020-10-13
1929,Fan_01929,Female,45-54,China,International City,Junior Member,2021-05-22
1930,Fan_01930,Non-binary,18-24,UK,London,Premium/Lounge,2022-01-09
1931,Fan_01931,Male,18-24,USA,International City,Junior Member,2022-05-21
1932,Fan_01932,Male,Under 18,USA,International City,Non-Member,2022-05-20
1933,Fan_01933,Female,Under 18,UK,Liverpool,Red Member,2023-10-18
1934,Fan_01934,Female,45-54,Egypt,International City,Full Member,2022-11-28
1935,Fan_01935,Female,25-34,China,International City,Full Member,2022-10-18
1936,Fan_01936,Female,35-44,Ireland,International City,Junior Member,2022-09-29
1937,Fan_01937,Female,18-24,China,International City,Non-Member,2022-11-01
1938,Fan_01938,Female,18-24,UK,Liverpool,Junior Member,2022-11-17
1939,Fan_01939,Male,55+,Egypt,International City,Non-Member,2022-07-21
1940,Fan_01940,Male,55+,Norway,International City,Non-Member,2023-02-18
1941,Fan_01941,Male,45-54,UK,Liverpool,Red Member,2020-08-13
1942,Fan_01942,Female,Under 18,UK,London,Red Member,2020-11-09
1943,Fan_01943,Female,25-34,UK,London,Non-Member,2022-09-22
1944,Fan_01944,Male,45-54,UK,Liverpool,Red Member,2020-04-09
1945,Fan_01945,Male,18-24,UK,Liverpool,Junior Member,2022-09-28
1946,Fan_01946,Female,Under 18,UK,London,Non-Member,2022-05-05
1947,Fan_01947,Non-binary,25-34,Norway,International City,Full Member,2022-07-15
1948,Fan_01948,Female,55+,UK,Liverpool,Full Member,2020-09-28
1949,Fan_01949,Male,45-54,China,International City,Full Member,2022-08-01
1950,Fan_01950,Female,55+,China,International City,Red Member,2020-11-01
1951,Fan_01951,Female,Under 18,China,International City,Full Member,2023-09-22
1952,Fan_01952,Female,35-44,Thailand,International City,Non-Member,2022-03-20
1953,Fan_01953,Non-binary,35-44,UK,Liverpool,Junior Member,2021-07-22
1954,Fan_01954,Male,18-24,Ireland,International City,Junior Member,2020-02-20
1955,Fan_01955,Non-binary,55+,Thailand,International City,Non-Member,2023-02-23
1956,Fan_01956,Male,55+,Ireland,International City,Full Member,2020-06-23
1957,Fan_01957,Non-binary,45-54,UK,Liverpool,Premium/Lounge,2020-04-18
1958,Fan_01958,Non-binary,18-24,Egypt,International City,Premium/Lounge,2022-09-01
1959,Fan_01959,Male,Under 18,Norway,International City,Full Member,2022-12-25
1960,Fan_01960,Female,18-24,UK,Liverpool,Non-Member,2024-08-26
1961,Fan_01961,Non-binary,35-44,China,International City,Non-Member,2024-07-10
1962,Fan_01962,Non-binary,25-34,Egypt,International City,Red Member,2023-04-21
1963,Fan_01963,Male,25-34,UK,Liverpool,Red Member,2021-01-04
1964,Fan_01964,Male,45-54,USA,International City,Red Member,2022-02-21
1965,Fan_01965,Male,45-54,UK,London,Non-Member,2021-08-07
1966,Fan_01966,Male,18-24,UK,London,Non-Member,2022-04-14
1967,Fan_01967,Male,Under 18,Australia,International City,Full Member,2021-10-28
1968,Fan_01968,Male,25-34,UK,London,Red Member,2020-07-21
1969,Fan_01969,Female,25-34,UK,London,Red Member,2024-08-22
1970,Fan_01970,Male,45-54,UK,London,Full Member,2021-04-29
1971,Fan_01971,Non-binary,45-54,Norway,International City,Red Member,2020-08-23
1972,Fan_01972,Female,45-54,UK,London,Red Member,2020-05-14
1973,Fan_01973,Male,35-44,Norway,International City,Full Member,2021-04-23
1974,Fan_01974,Non-binary,55+,UK,London,Non-Member,2021-05-19
1975,Fan_01975,Non-binary,55+,China,International City,Non-Member,2021-09-15
1976,Fan_01976,Female,35-44,Egypt,International City,Non-Member,2024-09-29
1977,Fan_01977,Non-binary,18-24,Ireland,International City,Non-Member,2022-02-03
1978,Fan_01978,Male,18-24,Egypt,International City,Red Member,2022-05-17
1979,Fan_01979,Female,Under 18,Egypt,International City,Non-Member,2024-07-22
1980,Fan_01980,Non-binary,25-34,USA,International City,Full Member,2020-12-08
1981,Fan_01981,Female,25-34,UK,London,Full Member,2021-05-28
1982,Fan_01982,Female,25-34,Australia,International City,Full Member,2021-03-11
1983,Fan_01983,Non-binary,25-34,Thailand,International City,Non-Member,2020-11-26
1984,Fan_01984,Non-binary,45-54,China,International City,Non-Member,2021-09-07
1985,Fan_01985,Male,18-24,UK,London,Junior Member,2023-02-13
1986,Fan_01986,Male,45-54,UK,Liverpool,Red Member,2024-06-30
1987,Fan_01987,Female,55+,UK,Liverpool,Non-Member,2024-03-21
1988,Fan_01988,Female,25-34,China,International City,Non-Member,2023-09-18
1989,Fan_01989,Female,45-54,UK,London,Red Member,2020-02-02
1990,Fan_01990,Male,55+,Australia,International City,Non-Member,2023-05-31
1991,Fan_01991,Male,Under 18,Norway,International City,Junior Member,2020-12-21
1992,Fan_01992,Non-binary,55+,USA,International City,Junior Member,2022-09-28
1993,Fan_01993,Female,45-54,China,International City,Non-Member,2024-05-31
1994,Fan_01994,Non-binary,Under 18,Ireland,International City,Red Member,2020-03-04
1995,Fan_01995,Female,55+,Australia,International City,Non-Member,2021-12-23
1996,Fan_01996,Female,35-44,UK,Liverpool,Non-Member,2024-09-14
1997,Fan_01997,Non-binary,Under 18,China,International City,Non-Member,2022-08-05
1998,Fan_01998,Female,Under 18,UK,Liverpool,Non-Member,2024-03-01
1999,Fan_01999,Non-binary,55+,UK,Liverpool,Red Member,2021-01-27
2000,Fan_02000,Non-binary,25-34,UK,Liverpool,Junior Member,2021-03-28
2001,Fan_02001,Female,Under 18,UK,Liverpool,Non-Member,2022-10-06
2002,Fan_02002,Non-binary,45-54,China,International City,Non-Member,2020-01-15
2003,Fan_02003,Non-binary,35-44,UK,Liverpool,Non-Member,2024-11-16
2004,Fan_02004,Female,18-24,UK,Liverpool,Full Member,2021-01-31
2005,Fan_02005,Non-binary,45-54,Ireland,International City,Junior Member,2023-10-29
2006,Fan_02006,Non-binary,18-24,Thailand,International City,Non-Member,2023-04-19
2007,Fan_02007,Male,25-34,UK,Liverpool,Full Member,2024-10-18
2008,Fan_02008,Non-binary,25-34,UK,Liverpool,Non-Member,2024-10-02
2009,Fan_02009,Male,55+,Australia,International City,Junior Member,2022-12-27
2010,Fan_02010,Female,55+,Thailand,International City,Full Member,2022-07-18
2011,Fan_02011,Non-binary,55+,UK,Liverpool,Full Member,2020-04-16
2012,Fan_02012,Female,25-34,UK,Liverpool,Non-Member,2023-10-24
2013,Fan_02013,Female,35-44,Egypt,International City,Red Member,2022-11-25
2014,Fan_02014,Male,55+,China,International City,Non-Member,2020-04-06
2015,Fan_02015,Non-binary,35-44,UK,Liverpool,Red Member,2020-01-11
2016,Fan_02016,Male,25-34,USA,International City,Non-Member,2023-03-17
2017,Fan_02017,Male,55+,UK,Liverpool,Red Member,2020-06-01
2018,Fan_02018,Female,25-34,UK,London,Non-Member,2023-07-06
2019,Fan_02019,Male,Under 18,Ireland,International City,Red Member,2022-06-03
2020,Fan_02020,Non-binary,25-34,UK,Liverpool,Non-Member,2021-05-21
2021,Fan_02021,Female,Under 18,UK,Liverpool,Red Member,2022-11-30
2022,Fan_02022,Non-binary,45-54,UK,Liverpool,Red Member,2024-04-13
2023,Fan_02023,Non-binary,Under 18,UK,Liverpool,Non-Member,2020-05-04
2024,Fan_02024,Non-binary,Under 18,UK,London,Non-Member,2020-05-06
2025,Fan_02025,Male,25-34,USA,International City,Full Member,2023-07-06
2026,Fan_02026,Male,Under 18,USA,International City,Junior Member,2020-04-24
2027,Fan_02027,Male,25-34,Egypt,International City,Red Member,2022-04-02
2028,Fan_02028,Female,18-24,UK,Liverpool,Full Member,2024-05-31
2029,Fan_02029,Non-binary,Under 18,Ireland,International City,Red Member,2022-02-25
2030,Fan_02030,Female,45-54,USA,International City,Full Member,2020-07-26
2031,Fan_02031,Non-binary,Under 18,UK,Liverpool,Red Member,2022-11-25
2032,Fan_02032,Male,Under 18,UK,Liverpool,Non-Member,2023-05-03
2033,Fan_02033,Male,45-54,China,International City,Non-Member,2023-03-19
2034,Fan_02034,Female,25-34,UK,Liverpool,Red Member,2022-09-12
2035,Fan_02035,Non-binary,35-44,China,International City,Non-Member,2021-05-12
2036,Fan_02036,Male,18-24,UK,Liverpool,Non-Member,2023-04-12
2037,Fan_02037,Non-binary,55+,USA,International City,Premium/Lounge,2022-01-02
2038,Fan_02038,Non-binary,18-24,UK,Liverpool,Non-Member,2022-08-19
2039,Fan_02039,Female,25-34,UK,Liverpool,Non-Member,2022-11-26
2040,Fan_02040,Non-binary,55+,Thailand,International City,Non-Member,2020-04-27
2041,Fan_02041,Non-binary,Under 18,UK,Liverpool,Red Member,2021-12-05
2042,Fan_02042,Non-binary,18-24,UK,Liverpool,Non-Member,2021-11-30
2043,Fan_02043,Non-binary,55+,UK,Liverpool,Red Member,2023-05-13
2044,Fan_02044,Female,45-54,Australia,International City,Full Member,2021-11-18
2045,Fan_02045,Female,35-44,Thailand,International City,Red Member,2020-11-28
2046,Fan_02046,Male,35-44,UK,Liverpool,Non-Member,2020-01-08
2047,Fan_02047,Male,55+,Ireland,International City,Non-Member,2022-08-13
2048,Fan_02048,Male,18-24,Thailand,International City,Red Member,2024-02-13
2049,Fan_02049,Female,55+,China,International City,Red Member,2021-02-24
2050,Fan_02050,Male,Under 18,USA,International City,Red Member,2020-01-21
2051,Fan_02051,Non-binary,Under 18,UK,London,Non-Member,2021-08-18
2052,Fan_02052,Male,55+,USA,International City,Full Member,2024-04-16
2053,Fan_02053,Male,18-24,UK,London,Non-Member,2021-08-04
2054,Fan_02054,Female,55+,UK,London,Non-Member,2021-11-26
2055,Fan_02055,Male,18-24,Egypt,International City,Non-Member,2020-02-14
2056,Fan_02056,Male,Under 18,UK,Liverpool,Junior Member,2020-10-08
2057,Fan_02057,Male,25-34,UK,Liverpool,Non-Member,2021-09-16
2058,Fan_02058,Male,25-34,USA,International City,Red Member,2023-09-15
2059,Fan_02059,Non-binary,35-44,UK,Liverpool,Junior Member,2020-05-13
2060,Fan_02060,Male,18-24,UK,London,Non-Member,2022-12-26
2061,Fan_02061,Female,45-54,UK,Liverpool,Red Member,2023-07-26
2062,Fan_02062,Non-binary,45-54,UK,Liverpool,Non-Member,2024-10-15
2063,Fan_02063,Female,18-24,Egypt,International City,Red Member,2021-05-21
2064,Fan_02064,Female,18-24,UK,Liverpool,Red Member,2023-04-11
2065,Fan_02065,Male,55+,Norway,International City,Non-Member,2024-05-25
2066,Fan_02066,Non-binary,45-54,Norway,International City,Non-Member,2020-12-08
2067,Fan_02067,Female,55+,Egypt,International City,Premium/Lounge,2022-11-08
2068,Fan_02068,Female,18-24,UK,Liverpool,Red Member,2023-12-30
2069,Fan_02069,Female,55+,UK,Liverpool,Red Member,2022-08-28
2070,Fan_02070,Non-binary,45-54,UK,Liverpool,Full Member,2020-03-15
2071,Fan_02071,Male,35-44,UK,London,Non-Member,2022-03-21
2072,Fan_02072,Female,45-54,UK,London,Non-Member,2024-09-21
2073,Fan_02073,Male,18-24,UK,London,Premium/Lounge,2020-06-21
2074,Fan_02074,Female,18-24,UK,Liverpool,Full Member,2020-03-25
2075,Fan_02075,Non-binary,45-54,USA,International City,Red Member,2022-05-22
2076,Fan_02076,Female,35-44,USA,International City,Red Member,2022-01-22
2077,Fan_02077,Female,25-34,Norway,International City,Red Member,2020-02-20
2078,Fan_02078,Female,55+,UK,Liverpool,Non-Member,2022-01-05
2079,Fan_02079,Non-binary,45-54,UK,London,Red Member,2023-08-11
2080,Fan_02080,Male,Under 18,UK,Liverpool,Non-Member,2020-05-26
2081,Fan_02081,Male,25-34,UK,London,Non-Member,2023-10-14
2082,Fan_02082,Non-binary,55+,UK,London,Non-Member,2021-01-25
2083,Fan_02083,Non-binary,18-24,China,International City,Premium/Lounge,2024-01-06
2084,Fan_02084,Non-binary,25-34,China,International City,Non-Member,2024-04-26
2085,Fan_02085,Female,35-44,UK,London,Red Member,2024-08-10
2086,Fan_02086,Non-binary,Under 18,Thailand,International City,Red Member,2023-09-01
2087,Fan_02087,Male,35-44,Egypt,International City,Non-Member,2021-04-09
2088,Fan_02088,Non-binary,18-24,China,International City,Red Member,2021-04-23
2089,Fan_02089,Non-binary,45-54,Egypt,International City,Premium/Lounge,2022-08-17
2090,Fan_02090,Female,25-34,China,International City,Non-Member,2021-10-03
2091,Fan_02091,Non-binary,35-44,UK,Liverpool,Non-Member,2022-06-17
2092,Fan_02092,Non-binary,Under 18,USA,International City,Red Member,2020-10-11
2093,Fan_02093,Male,25-34,Thailand,International City,Junior Member,2020-01-20
2094,Fan_02094,Non-binary,25-34,Norway,International City,Red Member,2021-04-06
2095,Fan_02095,Female,55+,USA,International City,Premium/Lounge,2022-04-06
2096,Fan_02096,Non-binary,45-54,China,International City,Non-Member,2021-10-29
2097,Fan_02097,Male,45-54,Thailand,International City,Non-Member,2020-10-11
2098,Fan_02098,Female,45-54,UK,Liverpool,Full Member,2024-06-24
2099,Fan_02099,Non-binary,45-54,Thailand,International City,Red Member,2022-02-19
2100,Fan_02100,Male,45-54,UK,Liverpool,Red Member,2021-01-20
2101,Fan_02101,Male,25-34,Norway,International City,Full Member,2022-07-13
2102,Fan_02102,Female,Under 18,Ireland,International City,Non-Member,2020-08-01
2103,Fan_02103,Non-binary,18-24,Australia,International City,Non-Member,2024-08-19
2104,Fan_02104,Non-binary,35-44,Australia,International City,Non-Member,2021-01-17
2105,Fan_02105,Female,25-34,UK,London,Non-Member,2021-04-22
2106,Fan_02106,Male,35-44,UK,Liverpool,Non-Member,2022-01-24
2107,Fan_02107,Male,18-24,Egypt,International City,Red Member,2024-10-26
2108,Fan_02108,Female,18-24,USA,International City,Non-Member,2020-09-21
2109,Fan_02109,Female,35-44,Egypt,International City,Premium/Lounge,2020-05-20
2110,Fan_02110,Male,18-24,UK,Liverpool,Non-Member,2021-09-26
2111,Fan_02111,Non-binary,55+,USA,International City,Red Member,2020-11-21
2112,Fan_02112,Non-binary,25-34,Thailand,International City,Full Member,2021-02-19
2113,Fan_02113,Non-binary,55+,Norway,International City,Red Member,2021-07-18
2114,Fan_02114,Male,35-44,UK,London,Non-Member,2024-08-15
2115,Fan_02115,Non-binary,18-24,USA,International City,Red Member,2021-11-04
2116,Fan_02116,Female,35-44,Egypt,International City,Red Member,2023-03-25
2117,Fan_02117,Female,55+,UK,Liverpool,Red Member,2021-12-11
2118,Fan_02118,Non-binary,25-34,Australia,International City,Red Member,2023-06-09
2119,Fan_02119,Male,45-54,UK,Liverpool,Junior Member,2022-06-03
2120,Fan_02120,Female,55+,USA,International City,Non-Member,2023-12-01
2121,Fan_02121,Male,35-44,Egypt,International City,Junior Member,2020-03-30
2122,Fan_02122,Male,25-34,UK,Liverpool,Full Member,2023-01-06
2123,Fan_02123,Male,55+,UK,Liverpool,Junior Member,2024-01-19
2124,Fan_02124,Female,45-54,UK,Liverpool,Non-Member,2022-01-25
2125,Fan_02125,Non-binary,25-34,UK,Liverpool,Red Member,2022-07-12
2126,Fan_02126,Non-binary,Under 18,UK,London,Red Member,2020-02-24
2127,Fan_02127,Non-binary,55+,UK,Liverpool,Red Member,2022-02-19
2128,Fan_02128,Male,35-44,UK,Liverpool,Non-Member,2020-01-22
2129,Fan_02129,Male,25-34,UK,London,Junior Member,2024-03-13
2130,Fan_02130,Female,35-44,USA,International City,Non-Member,2020-06-18
2131,Fan_02131,Non-binary,18-24,Egypt,International City,Junior Member,2022-06-15
2132,Fan_02132,Female,18-24,UK,Liverpool,Non-Member,2024-09-13
2133,Fan_02133,Male,25-34,UK,Liverpool,Non-Member,2022-12-30
2134,Fan_02134,Female,18-24,China,International City,Non-Member,2023-10-07
2135,Fan_02135,Male,55+,China,International City,Non-Member,2020-11-10
2136,Fan_02136,Female,18-24,USA,International City,Non-Member,2024-01-03
2137,Fan_02137,Non-binary,18-24,UK,Liverpool,Red Member,2023-11-27
2138,Fan_02138,Non-binary,55+,UK,Liverpool,Full Member,2024-01-07
2139,Fan_02139,Male,35-44,Ireland,International City,Junior Member,2021-09-23
2140,Fan_02140,Male,45-54,USA,International City,Non-Member,2020-04-09
2141,Fan_02141,Female,18-24,China,International City,Non-Member,2022-02-06
2142,Fan_02142,Male,35-44,UK,London,Non-Member,2020-01-30
2143,Fan_02143,Non-binary,55+,UK,Liverpool,Non-Member,2021-03-27
2144,Fan_02144,Non-binary,18-24,UK,Liverpool,Junior Member,2020-12-08
2145,Fan_02145,Male,25-34,UK,Liverpool,Red Member,2023-02-25
2146,Fan_02146,Male,45-54,Ireland,International City,Non-Member,2023-01-14
2147,Fan_02147,Female,Under 18,USA,International City,Non-Member,2021-03-13
2148,Fan_02148,Male,Under 18,UK,London,Red Member,2023-09-01
2149,Fan_02149,Male,35-44,UK,London,Non-Member,2020-05-15
2150,Fan_02150,Female,55+,Ireland,International City,Full Member,2022-01-25
2151,Fan_02151,Male,35-44,UK,London,Non-Member,2024-04-20
2152,Fan_02152,Female,Under 18,Thailand,International City,Junior Member,2023-01-03
2153,Fan_02153,Male,25-34,Egypt,International City,Non-Member,2023-05-13
2154,Fan_02154,Non-binary,35-44,UK,Liverpool,Junior Member,2024-04-28
2155,Fan_02155,Male,25-34,Australia,International City,Non-Member,2023-07-25
2156,Fan_02156,Non-binary,25-34,China,International City,Junior Member,2022-09-14
2157,Fan_02157,Non-binary,45-54,UK,London,Red Member,2022-02-22
2158,Fan_02158,Non-binary,55+,Egypt,International City,Non-Member,2022-10-28
2159,Fan_02159,Non-binary,Under 18,Thailand,International City,Non-Member,2020-02-13
2160,Fan_02160,Male,25-34,Thailand,International City,Non-Member,2024-02-20
2161,Fan_02161,Male,45-54,USA,International City,Non-Member,2020-05-02
2162,Fan_02162,Female,18-24,UK,London,Non-Member,2022-02-08
2163,Fan_02163,Male,55+,UK,Liverpool,Full Member,2022-06-27
2164,Fan_02164,Female,18-24,China,International City,Non-Member,2021-10-12
2165,Fan_02165,Male,45-54,Ireland,International City,Red Member,2023-08-20
2166,Fan_02166,Male,55+,UK,Liverpool,Red Member,2021-12-02
2167,Fan_02167,Male,55+,UK,London,Non-Member,2024-06-29
2168,Fan_02168,Non-binary,55+,Australia,International City,Non-Member,2023-05-30
2169,Fan_02169,Male,35-44,UK,Liverpool,Full Member,2020-01-13
2170,Fan_02170,Male,18-24,UK,Liverpool,Non-Member,2023-07-23
2171,Fan_02171,Male,Under 18,UK,Liverpool,Non-Member,2023-04-28
2172,Fan_02172,Male,18-24,Egypt,International City,Red Member,2020-06-09
2173,Fan_02173,Non-binary,35-44,USA,International City,Non-Member,2020-12-02
2174,Fan_02174,Male,18-24,China,International City,Red Member,2020-12-27
2175,Fan_02175,Male,25-34,Thailand,International City,Non-Member,2023-03-26
2176,Fan_02176,Non-binary,18-24,USA,International City,Non-Member,2024-11-01
2177,Fan_02177,Male,25-34,Norway,International City,Red Member,2022-02-12
2178,Fan_02178,Female,45-54,UK,Liverpool,Full Member,2024-02-14
2179,Fan_02179,Male,35-44,USA,International City,Non-Member,2024-04-09
2180,Fan_02180,Male,25-34,UK,Liverpool,Full Member,2023-01-05
2181,Fan_02181,Male,25-34,UK,Liverpool,Red Member,2022-08-07
2182,Fan_02182,Female,45-54,UK,Liverpool,Full Member,2022-09-11
2183,Fan_02183,Non-binary,35-44,UK,London,Non-Member,2020-11-12
2184,Fan_02184,Non-binary,55+,UK,London,Junior Member,2022-02-05
2185,Fan_02185,Female,35-44,Norway,International City,Red Member,2024-02-29
2186,Fan_02186,Female,55+,UK,London,Full Member,2020-05-25
2187,Fan_02187,Male,Under 18,USA,International City,Red Member,2023-03-04
2188,Fan_02188,Female,25-34,UK,London,Premium/Lounge,2024-03-19
2189,Fan_02189,Female,45-54,China,International City,Junior Member,2022-09-27
2190,Fan_02190,Non-binary,25-34,Ireland,International City,Junior Member,2020-04-28
2191,Fan_02191,Female,35-44,Ireland,International City,Junior Member,2021-05-20
2192,Fan_02192,Female,55+,UK,Liverpool,Junior Member,2023-10-17
2193,Fan_02193,Non-binary,18-24,UK,Liverpool,Non-Member,2023-05-24
2194,Fan_02194,Non-binary,18-24,USA,International City,Non-Member,2021-05-21
2195,Fan_02195,Non-binary,55+,Thailand,International City,Non-Member,2020-01-26
2196,Fan_02196,Non-binary,55+,UK,Liverpool,Red Member,2022-03-25
2197,Fan_02197,Non-binary,Under 18,China,International City,Red Member,2021-01-21
2198,Fan_02198,Male,35-44,USA,International City,Non-Member,2023-11-17
2199,Fan_02199,Non-binary,55+,UK,Liverpool,Red Member,2023-04-15
2200,Fan_02200,Non-binary,Under 18,UK,Liverpool,Non-Member,2023-07-26
2201,Fan_02201,Female,18-24,Thailand,International City,Non-Member,2024-03-13
2202,Fan_02202,Female,55+,UK,Liverpool,Non-Member,2020-01-14
2203,Fan_02203,Male,Under 18,UK,Liverpool,Non-Member,2024-05-03
2204,Fan_02204,Female,45-54,Australia,International City,Red Member,2023-09-02
2205,Fan_02205,Male,18-24,UK,Liverpool,Red Member,2021-01-16
2206,Fan_02206,Male,18-24,China,International City,Red Member,2021-01-07
2207,Fan_02207,Male,35-44,Norway,International City,Full Member,2024-07-25
2208,Fan_02208,Male,55+,UK,London,Non-Member,2024-07-15
2209,Fan_02209,Male,25-34,China,International City,Red Member,2022-06-21
2210,Fan_02210,Non-binary,Under 18,Ireland,International City,Full Member,2020-12-06
2211,Fan_02211,Female,Under 18,UK,London,Non-Member,2020-05-11
2212,Fan_02212,Male,35-44,UK,London,Red Member,2023-10-09
2213,Fan_02213,Male,Under 18,China,International City,Non-Member,2021-06-28
2214,Fan_02214,Male,55+,China,International City,Full Member,2024-06-04
2215,Fan_02215,Non-binary,Under 18,UK,London,Red Member,2023-05-19
2216,Fan_02216,Female,35-44,Egypt,International City,Red Member,2024-03-30
2217,Fan_02217,Female,25-34,UK,Liverpool,Junior Member,2021-12-03
2218,Fan_02218,Female,55+,UK,Liverpool,Red Member,2022-02-14
2219,Fan_02219,Male,25-34,Thailand,International City,Red Member,2024-07-09
2220,Fan_02220,Non-binary,35-44,UK,London,Junior Member,2024-09-06
2221,Fan_02221,Male,45-54,UK,London,Non-Member,2023-12-03
2222,Fan_02222,Male,25-34,China,International City,Red Member,2023-06-20
2223,Fan_02223,Non-binary,35-44,Australia,International City,Red Member,2022-04-26
2224,Fan_02224,Male,Under 18,Ireland,International City,Full Member,2024-07-22
2225,Fan_02225,Female,Under 18,UK,London,Junior Member,2021-10-28
2226,Fan_02226,Female,18-24,Australia,International City,Full Member,2022-09-19
2227,Fan_02227,Non-binary,45-54,USA,International City,Non-Member,2021-12-14
2228,Fan_02228,Female,55+,USA,International City,Junior Member,2020-07-24
2229,Fan_02229,Female,25-34,China,International City,Full Member,2021-02-03
2230,Fan_02230,Male,45-54,China,International City,Full Member,2024-05-26
2231,Fan_02231,Non-binary,Under 18,China,International City,Non-Member,2022-10-16
2232,Fan_02232,Non-binary,45-54,UK,London,Red Member,2020-12-10
2233,Fan_02233,Male,35-44,USA,International City,Full Member,2023-01-12
2234,Fan_02234,Male,55+,UK,London,Junior Member,2020-07-02
2235,Fan_02235,Non-binary,Under 18,UK,Liverpool,Non-Member,2021-10-30
2236,Fan_02236,Male,55+,UK,Liverpool,Non-Member,2023-09-25
2237,Fan_02237,Non-binary,Under 18,Norway,International City,Junior Member,2020-10-05
2238,Fan_02238,Non-binary,55+,Egypt,International City,Red Member,2020-07-04
2239,Fan_02239,Female,18-24,Australia,International City,Full Member,2024-04-18
2240,Fan_02240,Male,55+,Thailand,International City,Red Member,2022-02-11
2241,Fan_02241,Non-binary,55+,China,International City,Junior Member,2022-02-20
2242,Fan_02242,Non-binary,45-54,Ireland,International City,Red Member,2024-07-13
2243,Fan_02243,Male,25-34,UK,London,Non-Member,2020-08-16
2244,Fan_02244,Non-binary,18-24,UK,London,Premium/Lounge,2020-08-25
2245,Fan_02245,Female,18-24,Thailand,International City,Red Member,2022-02-17
2246,Fan_02246,Non-binary,Under 18,Thailand,International City,Non-Member,2020-05-06
2247,Fan_02247,Non-binary,18-24,Thailand,International City,Red Member,2022-05-17
2248,Fan_02248,Non-binary,18-24,UK,Liverpool,Red Member,2023-09-21
2249,Fan_02249,Non-binary,18-24,Thailand,International City,Non-Member,2022-03-20
2250,Fan_02250,Female,25-34,UK,Liverpool,Non-Member,2024-07-29
2251,Fan_02251,Female,55+,UK,Liverpool,Red Member,2020-10-28
2252,Fan_02252,Female,18-24,Thailand,International City,Premium/Lounge,2023-09-24
2253,Fan_02253,Male,45-54,Australia,International City,Red Member,2021-09-24
2254,Fan_02254,Non-binary,Under 18,Norway,International City,Non-Member,2024-10-02
2255,Fan_02255,Non-binary,35-44,China,International City,Full Member,2024-08-24
2256,Fan_02256,Non-binary,35-44,UK,Liverpool,Non-Member,2024-07-17
2257,Fan_02257,Non-binary,18-24,UK,London,Junior Member,2024-07-17
2258,Fan_02258,Male,18-24,UK,Liverpool,Red Member,2024-01-29
2259,Fan_02259,Female,55+,USA,International City,Non-Member,2020-02-14
2260,Fan_02260,Female,25-34,Egypt,International City,Red Member,2023-10-20
2261,Fan_02261,Female,35-44,Norway,International City,Red Member,2020-05-27
2262,Fan_02262,Non-binary,25-34,Egypt,International City,Non-Member,2023-11-27
2263,Fan_02263,Non-binary,35-44,UK,Liverpool,Non-Member,2020-09-25
2264,Fan_02264,Non-binary,Under 18,UK,Liverpool,Junior Member,2021-09-14
2265,Fan_02265,Non-binary,18-24,USA,International City,Full Member,2020-10-08
2266,Fan_02266,Non-binary,35-44,USA,International City,Non-Member,2020-10-23
2267,Fan_02267,Non-binary,18-24,UK,London,Junior Member,2023-08-26
2268,Fan_02268,Non-binary,Under 18,UK,London,Junior Member,2024-05-27
2269,Fan_02269,Female,55+,UK,London,Non-Member,2020-04-25
2270,Fan_02270,Female,18-24,UK,London,Non-Member,2020-08-28
2271,Fan_02271,Non-binary,25-34,Egypt,International City,Full Member,2022-06-07
2272,Fan_02272,Female,18-24,UK,Liverpool,Non-Member,2020-08-31
2273,Fan_02273,Female,55+,UK,London,Full Member,2020-12-19
2274,Fan_02274,Non-binary,35-44,Ireland,International City,Premium/Lounge,2023-11-17
2275,Fan_02275,Non-binary,Under 18,Australia,International City,Premium/Lounge,2022-08-07
2276,Fan_02276,Female,25-34,Ireland,International City,Full Member,2023-08-30
2277,Fan_02277,Female,Under 18,USA,International City,Non-Member,2020-08-26
2278,Fan_02278,Non-binary,55+,UK,London,Red Member,2021-04-05
2279,Fan_02279,Non-binary,35-44,UK,Liverpool,Non-Member,2023-11-21
2280,Fan_02280,Male,45-54,China,International City,Non-Member,2022-02-25
2281,Fan_02281,Non-binary,55+,Norway,International City,Red Member,2021-09-03
2282,Fan_02282,Male,Under 18,Thailand,International City,Red Member,2020-05-10
2283,Fan_02283,Non-binary,18-24,China,International City,Red Member,2024-07-22
2284,Fan_02284,Male,35-44,Australia,International City,Full Member,2024-08-01
2285,Fan_02285,Non-binary,35-44,Egypt,International City,Non-Member,2022-11-28
2286,Fan_02286,Non-binary,55+,Thailand,International City,Full Member,2020-09-11
2287,Fan_02287,Male,55+,China,International City,Non-Member,2021-01-05
2288,Fan_02288,Non-binary,18-24,Thailand,International City,Non-Member,2023-02-10
2289,Fan_02289,Female,Under 18,USA,International City,Non-Member,2020-09-20
2290,Fan_02290,Male,55+,Thailand,International City,Non-Member,2020-06-28
2291,Fan_02291,Female,Under 18,Egypt,International City,Non-Member,2020-09-12
2292,Fan_02292,Female,25-34,Norway,International City,Red Member,2020-12-17
2293,Fan_02293,Non-binary,Under 18,USA,International City,Non-Member,2021-09-07
2294,Fan_02294,Non-binary,25-34,UK,Liverpool,Full Member,2022-12-29
2295,Fan_02295,Male,45-54,USA,International City,Red Member,2023-11-24
2296,Fan_02296,Female,45-54,UK,Liverpool,Red Member,2022-11-11
2297,Fan_02297,Non-binary,Under 18,UK,Liverpool,Non-Member,2020-03-16
2298,Fan_02298,Male,18-24,UK,London,Full Member,2023-02-04
2299,Fan_02299,Female,18-24,UK,Liverpool,Junior Member,2023-06-28
2300,Fan_02300,Male,45-54,USA,International City,Non-Member,2021-06-17
2301,Fan_02301,Male,35-44,UK,Liverpool,Red Member,2020-06-19
2302,Fan_02302,Non-binary,18-24,UK,Liverpool,Red Member,2021-02-21
2303,Fan_02303,Female,55+,UK,Liverpool,Junior Member,2023-08-15
2304,Fan_02304,Non-binary,55+,UK,Liverpool,Full Member,2024-08-07
2305,Fan_02305,Non-binary,18-24,Egypt,International City,Red Member,2024-08-09
2306,Fan_02306,Female,35-44,UK,London,Non-Member,2023-05-21
2307,Fan_02307,Male,45-54,UK,London,Non-Member,2023-11-01
2308,Fan_02308,Female,Under 18,Egypt,International City,Red Member,2023-08-04
2309,Fan_02309,Female,25-34,UK,London,Non-Member,2024-11-14
2310,Fan_02310,Male,35-44,UK,London,Non-Member,2022-02-14
2311,Fan_02311,Male,18-24,UK,Liverpool,Red Member,2024-01-31
2312,Fan_02312,Female,Under 18,UK,Liverpool,Red Member,2021-12-15
2313,Fan_02313,Non-binary,25-34,Australia,International City,Full Member,2021-07-09
2314,Fan_02314,Male,Under 18,Thailand,International City,Non-Member,2021-10-13
2315,Fan_02315,Female,18-24,China,International City,Red Member,2024-07-08
2316,Fan_02316,Non-binary,45-54,China,International City,Full Member,2023-05-02
2317,Fan_02317,Female,45-54,USA,International City,Non-Member,2021-06-14
2318,Fan_02318,Non-binary,18-24,UK,Liverpool,Full Member,2020-09-15
2319,Fan_02319,Non-binary,25-34,UK,London,Non-Member,2024-01-25
2320,Fan_02320,Female,55+,Ireland,International City,Premium/Lounge,2021-05-25
2321,Fan_02321,Non-binary,35-44,Australia,International City,Junior Member,2022-07-26
2322,Fan_02322,Female,35-44,UK,Liverpool,Red Member,2021-08-10
2323,Fan_02323,Non-binary,55+,UK,Liverpool,Non-Member,2021-09-17
2324,Fan_02324,Male,25-34,Ireland,International City,Red Member,2024-04-27
2325,Fan_02325,Non-binary,Under 18,UK,Liverpool,Non-Member,2024-02-03
2326,Fan_02326,Male,45-54,UK,Liverpool,Non-Member,2020-06-22
2327,Fan_02327,Female,45-54,China,International City,Red Member,2024-07-13
2328,Fan_02328,Female,55+,UK,Liverpool,Red Member,2024-02-05
2329,Fan_02329,Non-binary,55+,UK,Liverpool,Junior Member,2022-12-26
2330,Fan_02330,Male,35-44,Australia,International City,Non-Member,2023-06-16
2331,Fan_02331,Non-binary,Under 18,UK,Liverpool,Junior Member,2022-05-20
2332,Fan_02332,Non-binary,55+,Australia,International City,Red Member,2021-05-15
2333,Fan_02333,Non-binary,45-54,China,International City,Junior Member,2023-06-01
2334,Fan_02334,Male,55+,UK,Liverpool,Premium/Lounge,2022-12-08
2335,Fan_02335,Female,18-24,UK,London,Red Member,2021-12-24
2336,Fan_02336,Female,18-24,UK,Liverpool,Red Member,2020-08-19
2337,Fan_02337,Male,45-54,UK,Liverpool,Premium/Lounge,2024-10-22
2338,Fan_02338,Female,25-34,UK,London,Non-Member,2021-03-12
2339,Fan_02339,Non-binary,35-44,UK,Liverpool,Non-Member,2021-09-16
2340,Fan_02340,Non-binary,Under 18,Ireland,International City,Red Member,2023-06-19
2341,Fan_02341,Male,25-34,Norway,International City,Non-Member,2023-06-14
2342,Fan_02342,Female,25-34,USA,International City,Red Member,2020-08-07
2343,Fan_02343,Non-binary,18-24,UK,London,Red Member,2021-12-27
2344,Fan_02344,Female,18-24,UK,London,Non-Member,2022-12-19
2345,Fan_02345,Male,35-44,Egypt,International City,Non-Member,2022-09-25
2346,Fan_02346,Non-binary,25-34,UK,London,Non-Member,2022-08-21
2347,Fan_02347,Female,25-34,USA,International City,Red Member,2022-05-27
2348,Fan_02348,Female,Under 18,UK,Liverpool,Red Member,2023-09-06
2349,Fan_02349,Male,18-24,USA,International City,Red Member,2024-03-10
2350,Fan_02350,Male,25-34,USA,International City,Junior Member,2021-02-10
2351,Fan_02351,Male,18-24,UK,London,Red Member,2022-05-12
2352,Fan_02352,Female,Under 18,China,International City,Non-Member,2023-09-26
2353,Fan_02353,Non-binary,25-34,UK,Liverpool,Non-Member,2022-05-12
2354,Fan_02354,Non-binary,35-44,Norway,International City,Junior Member,2024-01-02
2355,Fan_02355,Female,45-54,UK,London,Junior Member,2024-02-28
2356,Fan_02356,Male,Under 18,UK,London,Non-Member,2020-11-14
2357,Fan_02357,Non-binary,18-24,UK,Liverpool,Non-Member,2023-10-21
2358,Fan_02358,Non-binary,55+,UK,Liverpool,Non-Member,2022-06-08
2359,Fan_02359,Female,25-34,Norway,International City,Red Member,2020-06-18
2360,Fan_02360,Female,18-24,China,International City,Full Member,2020-11-08
2361,Fan_02361,Non-binary,18-24,China,International City,Non-Member,2021-07-29
2362,Fan_02362,Male,25-34,China,International City,Junior Member,2021-05-21
2363,Fan_02363,Female,18-24,Australia,International City,Red Member,2023-12-17
2364,Fan_02364,Non-binary,45-54,UK,Liverpool,Non-Member,2021-01-21
2365,Fan_02365,Non-binary,55+,Thailand,International City,Non-Member,2021-04-14
2366,Fan_02366,Male,25-34,UK,London,Non-Member,2020-10-26
2367,Fan_02367,Male,45-54,USA,International City,Non-Member,2020-07-05
2368,Fan_02368,Non-binary,25-34,UK,London,Junior Member,2023-07-21
2369,Fan_02369,Female,35-44,UK,London,Non-Member,2022-11-10
2370,Fan_02370,Non-binary,Under 18,USA,International City,Non-Member,2020-08-13
2371,Fan_02371,Female,55+,UK,London,Red Member,2021-05-20
2372,Fan_02372,Male,Under 18,UK,Liverpool,Non-Member,2020-04-16
2373,Fan_02373,Non-binary,25-34,Ireland,International City,Non-Member,2021-08-07
2374,Fan_02374,Female,45-54,Norway,International City,Non-Member,2022-06-01
2375,Fan_02375,Female,25-34,UK,London,Red Member,2021-09-15
2376,Fan_02376,Male,55+,UK,London,Full Member,2024-04-26
2377,Fan_02377,Non-binary,25-34,UK,London,Premium/Lounge,2024-05-13
2378,Fan_02378,Non-binary,45-54,Thailand,International City,Red Member,2021-05-02
2379,Fan_02379,Female,18-24,Ireland,International City,Full Member,2022-02-25
2380,Fan_02380,Male,55+,UK,Liverpool,Premium/Lounge,2023-05-17
2381,Fan_02381,Non-binary,18-24,UK,London,Non-Member,2023-12-14
2382,Fan_02382,Male,Under 18,USA,International City,Red Member,2023-06-21
2383,Fan_02383,Female,18-24,UK,London,Red Member,2024-01-16
2384,Fan_02384,Male,35-44,UK,London,Full Member,2023-12-28
2385,Fan_02385,Non-binary,25-34,UK,Liverpool,Red Member,2022-07-07
2386,Fan_02386,Non-binary,Under 18,Ireland,International City,Red Member,2020-05-18
2387,Fan_02387,Female,45-54,Norway,International City,Red Member,2024-06-07
2388,Fan_02388,Female,55+,UK,London,Non-Member,2021-08-16
2389,Fan_02389,Male,55+,UK,Liverpool,Non-Member,2024-02-25
2390,Fan_02390,Female,55+,USA,International City,Red Member,2024-11-17
2391,Fan_02391,Male,18-24,Egypt,International City,Red Member,2024-03-17
2392,Fan_02392,Female,45-54,Egypt,International City,Premium/Lounge,2022-03-10
2393,Fan_02393,Non-binary,25-34,USA,International City,Non-Member,2021-01-11
2394,Fan_02394,Male,45-54,UK,London,Junior Member,2020-01-19
2395,Fan_02395,Female,45-54,Egypt,International City,Junior Member,2024-01-15
2396,Fan_02396,Female,25-34,Egypt,International City,Non-Member,2021-08-29
2397,Fan_02397,Female,45-54,China,International City,Non-Member,2020-12-16
2398,Fan_02398,Male,25-34,UK,London,Non-Member,2023-08-02
2399,Fan_02399,Female,18-24,UK,Liverpool,Non-Member,2024-11-23
2400,Fan_02400,Male,18-24,UK,Liverpool,Red Member,2020-08-25
2401,Fan_02401,Non-binary,45-54,UK,Liverpool,Red Member,2021-10-26
2402,Fan_02402,Non-binary,25-34,UK,Liverpool,Junior Member,2020-09-30
2403,Fan_02403,Non-binary,25-34,USA,International City,Red Member,2020-04-27
2404,Fan_02404,Male,25-34,Ireland,International City,Non-Member,2024-02-05
2405,Fan_02405,Male,45-54,UK,London,Full Member,2024-11-12
2406,Fan_02406,Non-binary,Under 18,China,International City,Junior Member,2024-03-07
2407,Fan_02407,Female,55+,Australia,International City,Non-Member,2024-11-16
2408,Fan_02408,Non-binary,45-54,Ireland,International City,Full Member,2021-02-26
2409,Fan_02409,Male,25-34,USA,International City,Non-Member,2021-02-21
2410,Fan_02410,Non-binary,35-44,Thailand,International City,Non-Member,2022-07-02
2411,Fan_02411,Female,25-34,UK,Liverpool,Non-Member,2022-09-08
2412,Fan_02412,Female,18-24,UK,Liverpool,Non-Member,2021-01-21
2413,Fan_02413,Female,55+,Egypt,International City,Non-Member,2023-08-19
2414,Fan_02414,Male,18-24,UK,London,Red Member,2023-11-08
2415,Fan_02415,Male,Under 18,Thailand,International City,Non-Member,2020-05-27
2416,Fan_02416,Male,35-44,USA,International City,Full Member,2022-04-04
2417,Fan_02417,Male,55+,UK,Liverpool,Premium/Lounge,2024-07-12
2418,Fan_02418,Female,35-44,UK,Liverpool,Non-Member,2020-08-13
2419,Fan_02419,Non-binary,Under 18,UK,Liverpool,Non-Member,2021-05-23
2420,Fan_02420,Male,25-34,China,International City,Non-Member,2023-07-08
2421,Fan_02421,Male,Under 18,Thailand,International City,Non-Member,2023-01-15
2422,Fan_02422,Female,55+,China,International City,Non-Member,2021-02-18
2423,Fan_02423,Non-binary,35-44,UK,Liverpool,Non-Member,2021-09-21
2424,Fan_02424,Male,Under 18,UK,Liverpool,Red Member,2023-11-18
2425,Fan_02425,Male,Under 18,UK,Liverpool,Non-Member,2020-07-29
2426,Fan_02426,Female,Under 18,Egypt,International City,Red Member,2024-09-09
2427,Fan_02427,Male,Under 18,USA,International City,Non-Member,2020-02-19
2428,Fan_02428,Male,25-34,UK,Liverpool,Full Member,2021-08-10
2429,Fan_02429,Non-binary,35-44,UK,Liverpool,Junior Member,2024-01-04
2430,Fan_02430,Male,18-24,UK,Liverpool,Non-Member,2021-07-31
2431,Fan_02431,Female,Under 18,UK,London,Red Member,2020-06-22
2432,Fan_02432,Male,35-44,UK,Liverpool,Red Member,2021-11-16
2433,Fan_02433,Male,55+,Thailand,International City,Red Member,2020-11-03
2434,Fan_02434,Non-binary,25-34,Australia,International City,Full Member,2024-08-01
2435,Fan_02435,Male,25-34,UK,London,Red Member,2023-09-17
2436,Fan_02436,Non-binary,Under 18,UK,Liverpool,Non-Member,2024-10-30
2437,Fan_02437,Male,25-34,UK,Liverpool,Non-Member,2022-03-10
2438,Fan_02438,Non-binary,35-44,USA,International City,Non-Member,2020-08-19
2439,Fan_02439,Female,55+,Thailand,International City,Non-Member,2020-10-23
2440,Fan_02440,Male,18-24,UK,London,Premium/Lounge,2022-02-27
2441,Fan_02441,Female,35-44,UK,London,Junior Member,2022-04-27
2442,Fan_02442,Non-binary,25-34,Thailand,International City,Non-Member,2024-06-30
2443,Fan_02443,Male,35-44,Ireland,International City,Red Member,2023-01-30
2444,Fan_02444,Non-binary,45-54,Norway,International City,Red Member,2022-12-26
2445,Fan_02445,Male,35-44,Egypt,International City,Non-Member,2023-04-04
2446,Fan_02446,Female,45-54,China,International City,Full Member,2024-05-09
2447,Fan_02447,Non-binary,18-24,Australia,International City,Junior Member,2020-06-27
2448,Fan_02448,Male,Under 18,UK,London,Red Member,2023-02-17
2449,Fan_02449,Male,Under 18,Norway,International City,Non-Member,2021-12-16
2450,Fan_02450,Male,25-34,UK,Liverpool,Red Member,2020-10-22
2451,Fan_02451,Female,18-24,Egypt,International City,Non-Member,2024-08-22
2452,Fan_02452,Male,Under 18,UK,London,Junior Member,2023-12-12
2453,Fan_02453,Male,55+,UK,London,Red Member,2022-01-31
2454,Fan_02454,Non-binary,45-54,UK,Liverpool,Non-Member,2022-09-03
2455,Fan_02455,Male,Under 18,Thailand,International City,Non-Member,2022-01-18
2456,Fan_02456,Male,Under 18,UK,London,Full Member,2024-08-29
2457,Fan_02457,Male,18-24,USA,International City,Red Member,2024-03-02
2458,Fan_02458,Non-binary,25-34,UK,Liverpool,Red Member,2022-04-22
2459,Fan_02459,Female,35-44,China,International City,Full Member,2023-11-24
2460,Fan_02460,Male,Under 18,UK,London,Full Member,2020-03-06
2461,Fan_02461,Male,45-54,Thailand,International City,Non-Member,2020-01-23
2462,Fan_02462,Female,55+,USA,International City,Red Member,2023-02-08
2463,Fan_02463,Female,45-54,China,International City,Red Member,2021-09-18
2464,Fan_02464,Male,35-44,China,International City,Non-Member,2021-07-10
2465,Fan_02465,Male,55+,UK,Liverpool,Non-Member,2022-03-31
2466,Fan_02466,Male,18-24,Thailand,International City,Red Member,2021-01-11
2467,Fan_02467,Non-binary,45-54,China,International City,Non-Member,2024-07-30
2468,Fan_02468,Female,35-44,Australia,International City,Red Member,2023-08-29
2469,Fan_02469,Female,35-44,Ireland,International City,Non-Member,2020-04-21
2470,Fan_02470,Male,25-34,UK,Liverpool,Non-Member,2020-08-01
2471,Fan_02471,Female,Under 18,UK,London,Non-Member,2021-07-31
2472,Fan_02472,Male,18-24,UK,Liverpool,Full Member,2020-01-23
2473,Fan_02473,Female,18-24,China,International City,Full Member,2021-02-17
2474,Fan_02474,Male,18-24,Ireland,International City,Non-Member,2020-06-23
2475,Fan_02475,Non-binary,Under 18,Egypt,International City,Full Member,2024-06-06
2476,Fan_02476,Male,Under 18,Norway,International City,Red Member,2020-07-09
2477,Fan_02477,Female,25-34,UK,London,Red Member,2022-10-21
2478,Fan_02478,Female,55+,UK,London,Red Member,2020-09-22
2479,Fan_02479,Non-binary,Under 18,Australia,International City,Red Member,2022-04-14
2480,Fan_02480,Non-binary,Under 18,China,International City,Red Member,2024-07-11
2481,Fan_02481,Male,Under 18,China,International City,Full Member,2024-06-18
2482,Fan_02482,Male,25-34,UK,Liverpool,Non-Member,2020-11-06
2483,Fan_02483,Female,Under 18,Australia,International City,Full Member,2020-07-10
2484,Fan_02484,Male,18-24,China,International City,Junior Member,2023-09-01
2485,Fan_02485,Male,45-54,UK,Liverpool,Red Member,2024-02-01
2486,Fan_02486,Non-binary,45-54,Thailand,International City,Premium/Lounge,2021-11-30
2487,Fan_02487,Male,25-34,USA,International City,Non-Member,2022-01-07
2488,Fan_02488,Female,Under 18,Thailand,International City,Junior Member,2024-05-04
2489,Fan_02489,Female,18-24,Australia,International City,Non-Member,2023-06-04
2490,Fan_02490,Male,18-24,Thailand,International City,Full Member,2023-07-09
2491,Fan_02491,Male,Under 18,Norway,International City,Non-Member,2024-04-18
2492,Fan_02492,Male,35-44,UK,Liverpool,Non-Member,2022-07-20
2493,Fan_02493,Female,18-24,UK,London,Non-Member,2021-07-27
2494,Fan_02494,Female,25-34,Thailand,International City,Non-Member,2020-05-25
2495,Fan_02495,Female,25-34,UK,Liverpool,Red Member,2021-06-08
2496,Fan_02496,Female,55+,China,International City,Non-Member,2020-09-10
2497,Fan_02497,Female,Under 18,Egypt,International City,Red Member,2024-10-25
2498,Fan_02498,Non-binary,55+,UK,Liverpool,Non-Member,2022-06-21
2499,Fan_02499,Non-binary,25-34,UK,Liverpool,Red Member,2020-06-19
2500,Fan_02500,Female,45-54,Australia,International City,Red Member,2021-06-22
2501,Fan_02501,Male,45-54,Australia,International City,Full Member,2020-04-26
2502,Fan_02502,Male,55+,China,International City,Full Member,2020-01-17
2503,Fan_02503,Female,35-44,UK,Liverpool,Non-Member,2023-03-13
2504,Fan_02504,Male,18-24,USA,International City,Red Member,2024-11-25
2505,Fan_02505,Non-binary,Under 18,USA,International City,Red Member,2022-08-12
2506,Fan_02506,Non-binary,45-54,USA,International City,Red Member,2020-08-11
2507,Fan_02507,Male,35-44,UK,London,Premium/Lounge,2022-06-06
2508,Fan_02508,Male,25-34,UK,Liverpool,Red Member,2023-05-22
2509,Fan_02509,Male,55+,Norway,International City,Junior Member,2022-09-02
2510,Fan_02510,Male,45-54,UK,London,Non-Member,2022-08-20
2511,Fan_02511,Female,45-54,UK,Liverpool,Non-Member,2023-05-16
2512,Fan_02512,Female,Under 18,China,International City,Red Member,2024-06-05
2513,Fan_02513,Female,18-24,USA,International City,Non-Member,2021-03-09
2514,Fan_02514,Non-binary,35-44,UK,Liverpool,Non-Member,2021-05-31
2515,Fan_02515,Male,Under 18,Ireland,International City,Non-Member,2020-05-21
2516,Fan_02516,Female,55+,UK,Liverpool,Red Member,2024-11-19
2517,Fan_02517,Non-binary,18-24,USA,International City,Junior Member,2021-06-15
2518,Fan_02518,Male,35-44,UK,Liverpool,Red Member,2024-03-22
2519,Fan_02519,Female,35-44,UK,London,Red Member,2022-08-31
2520,Fan_02520,Non-binary,18-24,Egypt,International City,Junior Member,2022-06-13
2521,Fan_02521,Non-binary,35-44,UK,Liverpool,Non-Member,2023-02-22
2522,Fan_02522,Male,Under 18,Thailand,International City,Junior Member,2023-09-29
2523,Fan_02523,Non-binary,18-24,Thailand,International City,Red Member,2023-09-22
2524,Fan_02524,Non-binary,55+,China,International City,Junior Member,2021-10-10
2525,Fan_02525,Female,18-24,UK,London,Red Member,2024-11-05
2526,Fan_02526,Non-binary,35-44,UK,London,Non-Member,2022-12-02
2527,Fan_02527,Male,35-44,China,International City,Non-Member,2023-07-23
2528,Fan_02528,Non-binary,45-54,USA,International City,Non-Member,2020-03-15
2529,Fan_02529,Male,35-44,UK,Liverpool,Junior Member,2023-01-23
2530,Fan_02530,Male,45-54,China,International City,Red Member,2021-03-18
2531,Fan_02531,Male,55+,UK,London,Full Member,2020-01-30
2532,Fan_02532,Male,25-34,UK,Liverpool,Non-Member,2022-10-25
2533,Fan_02533,Non-binary,35-44,UK,Liverpool,Red Member,2022-04-20
2534,Fan_02534,Non-binary,35-44,UK,London,Red Member,2024-04-15
2535,Fan_02535,Male,35-44,UK,London,Red Member,2022-02-03
2536,Fan_02536,Male,45-54,UK,Liverpool,Red Member,2022-02-20
2537,Fan_02537,Non-binary,55+,UK,Liverpool,Red Member,2023-07-22
2538,Fan_02538,Male,Under 18,UK,Liverpool,Non-Member,2020-07-02
2539,Fan_02539,Male,45-54,Ireland,International City,Red Member,2020-07-31
2540,Fan_02540,Non-binary,45-54,Norway,International City,Red Member,2020-07-23
2541,Fan_02541,Female,45-54,Ireland,International City,Full Member,2024-07-08
2542,Fan_02542,Female,18-24,UK,Liverpool,Non-Member,2024-05-10
2543,Fan_02543,Non-binary,35-44,USA,International City,Non-Member,2021-02-04
2544,Fan_02544,Male,25-34,Norway,International City,Red Member,2022-04-25
2545,Fan_02545,Non-binary,55+,Ireland,International City,Red Member,2020-01-16
2546,Fan_02546,Non-binary,25-34,UK,Liverpool,Non-Member,2023-09-10
2547,Fan_02547,Female,55+,UK,London,Non-Member,2020-01-09
2548,Fan_02548,Male,Under 18,USA,International City,Non-Member,2020-11-10
2549,Fan_02549,Non-binary,55+,UK,Liverpool,Full Member,2021-10-12
2550,Fan_02550,Non-binary,35-44,UK,London,Non-Member,2023-02-12
2551,Fan_02551,Male,45-54,USA,International City,Full Member,2022-03-16
2552,Fan_02552,Non-binary,35-44,UK,Liverpool,Non-Member,2023-07-27
2553,Fan_02553,Male,35-44,UK,Liverpool,Red Member,2022-11-25
2554,Fan_02554,Male,55+,UK,Liverpool,Non-Member,2022-10-29
2555,Fan_02555,Female,55+,UK,Liverpool,Non-Member,2024-09-10
2556,Fan_02556,Male,25-34,Egypt,International City,Non-Member,2020-07-09
2557,Fan_02557,Male,55+,UK,London,Premium/Lounge,2023-04-30
2558,Fan_02558,Non-binary,45-54,UK,London,Non-Member,2023-03-17
2559,Fan_02559,Non-binary,18-24,UK,London,Red Member,2023-07-23
2560,Fan_02560,Female,18-24,Ireland,International City,Non-Member,2023-08-29
2561,Fan_02561,Non-binary,18-24,UK,London,Junior Member,2024-05-16
2562,Fan_02562,Non-binary,Under 18,UK,Liverpool,Non-Member,2020-06-18
2563,Fan_02563,Non-binary,45-54,UK,Liverpool,Non-Member,2020-08-15
2564,Fan_02564,Non-binary,Under 18,USA,International City,Non-Member,2020-10-17
2565,Fan_02565,Male,Under 18,UK,London,Non-Member,2022-10-09
2566,Fan_02566,Male,35-44,UK,Liverpool,Non-Member,2022-10-02
2567,Fan_02567,Female,55+,UK,Liverpool,Non-Member,2021-03-06
2568,Fan_02568,Female,35-44,Australia,International City,Red Member,2023-07-21
2569,Fan_02569,Male,18-24,USA,International City,Non-Member,2020-01-21
2570,Fan_02570,Non-binary,45-54,UK,Liverpool,Non-Member,2020-08-28
2571,Fan_02571,Female,45-54,UK,Liverpool,Full Member,2023-01-24
2572,Fan_02572,Non-binary,25-34,UK,London,Non-Member,2021-01-29
2573,Fan_02573,Male,45-54,Thailand,International City,Non-Member,2022-11-26
2574,Fan_02574,Male,18-24,Egypt,International City,Red Member,2020-08-23
2575,Fan_02575,Male,18-24,UK,London,Non-Member,2024-01-30
2576,Fan_02576,Male,25-34,Australia,International City,Non-Member,2022-09-13
2577,Fan_02577,Female,55+,UK,Liverpool,Full Member,2023-08-28
2578,Fan_02578,Female,35-44,UK,Liverpool,Red Member,2022-03-30
2579,Fan_02579,Male,55+,UK,London,Junior Member,2021-07-29
2580,Fan_02580,Male,45-54,USA,International City,Premium/Lounge,2023-04-18
2581,Fan_02581,Male,55+,UK,London,Red Member,2022-06-06
2582,Fan_02582,Female,45-54,USA,International City,Premium/Lounge,2021-07-10
2583,Fan_02583,Non-binary,35-44,UK,Liverpool,Red Member,2021-02-13
2584,Fan_02584,Female,25-34,Egypt,International City,Full Member,2024-08-05
2585,Fan_02585,Male,45-54,UK,Liverpool,Non-Member,2023-04-16
2586,Fan_02586,Female,45-54,USA,International City,Full Member,2022-12-22
2587,Fan_02587,Male,18-24,UK,London,Red Member,2022-05-29
2588,Fan_02588,Male,18-24,UK,London,Full Member,2022-01-31
2589,Fan_02589,Female,Under 18,UK,London,Non-Member,2021-10-14
2590,Fan_02590,Male,55+,Australia,International City,Red Member,2021-03-13
2591,Fan_02591,Non-binary,25-34,USA,International City,Non-Member,2023-02-24
2592,Fan_02592,Non-binary,18-24,UK,London,Red Member,2021-03-21
2593,Fan_02593,Non-binary,45-54,UK,Liverpool,Junior Member,2020-06-02
2594,Fan_02594,Non-binary,35-44,Thailand,International City,Junior Member,2024-03-28
2595,Fan_02595,Female,25-34,USA,International City,Non-Member,2021-02-07
2596,Fan_02596,Female,Under 18,UK,Liverpool,Non-Member,2022-05-12
2597,Fan_02597,Male,45-54,UK,London,Red Member,2023-04-25
2598,Fan_02598,Male,25-34,UK,London,Non-Member,2023-08-11
2599,Fan_02599,Male,35-44,Thailand,International City,Non-Member,2020-09-25
2600,Fan_02600,Male,45-54,USA,International City,Red Member,2020-03-21
2601,Fan_02601,Male,35-44,UK,Liverpool,Non-Member,2024-08-26
2602,Fan_02602,Non-binary,25-34,USA,International City,Non-Member,2021-10-11
2603,Fan_02603,Female,35-44,China,International City,Non-Member,2023-02-13
2604,Fan_02604,Female,35-44,China,International City,Full Member,2020-04-06
2605,Fan_02605,Female,55+,USA,International City,Red Member,2022-10-07
2606,Fan_02606,Male,25-34,Ireland,International City,Full Member,2020-07-29
2607,Fan_02607,Male,18-24,UK,London,Non-Member,2021-10-23
2608,Fan_02608,Non-binary,35-44,Australia,International City,Non-Member,2020-12-14
2609,Fan_02609,Female,45-54,UK,London,Non-Member,2023-11-10
2610,Fan_02610,Male,Under 18,UK,London,Non-Member,2021-09-15
2611,Fan_02611,Non-binary,45-54,UK,London,Red Member,2021-07-06
2612,Fan_02612,Male,18-24,Australia,International City,Full Member,2022-08-01
2613,Fan_02613,Male,45-54,UK,London,Red Member,2023-07-28
2614,Fan_02614,Non-binary,Under 18,USA,International City,Red Member,2022-12-16
2615,Fan_02615,Non-binary,35-44,UK,Liverpool,Non-Member,2021-10-21
2616,Fan_02616,Non-binary,35-44,China,International City,Non-Member,2020-07-07
2617,Fan_02617,Non-binary,Under 18,UK,Liverpool,Red Member,2023-02-17
2618,Fan_02618,Non-binary,18-24,UK,Liverpool,Junior Member,2020-06-08
2619,Fan_02619,Male,18-24,UK,Liverpool,Non-Member,2023-10-05
2620,Fan_02620,Female,18-24,UK,Liverpool,Red Member,2020-08-02
2621,Fan_02621,Non-binary,45-54,UK,London,Red Member,2024-10-24
2622,Fan_02622,Female,55+,UK,Liverpool,Red Member,2023-09-04
2623,Fan_02623,Male,18-24,UK,Liverpool,Non-Member,2022-01-14
2624,Fan_02624,Non-binary,45-54,UK,Liverpool,Non-Member,2024-05-16
2625,Fan_02625,Male,Under 18,USA,International City,Non-Member,2022-05-16
2626,Fan_02626,Non-binary,55+,UK,Liverpool,Non-Member,2020-10-28
2627,Fan_02627,Male,55+,USA,International City,Non-Member,2021-05-07
2628,Fan_02628,Male,25-34,UK,Liverpool,Non-Member,2022-09-02
2629,Fan_02629,Non-binary,35-44,Ireland,International City,Red Member,2021-06-27
2630,Fan_02630,Male,25-34,UK,Liverpool,Red Member,2021-03-10
2631,Fan_02631,Female,45-54,UK,London,Red Member,2020-04-18
2632,Fan_02632,Female,25-34,USA,International City,Non-Member,2020-04-10
2633,Fan_02633,Female,55+,Ireland,International City,Red Member,2021-02-01
2634,Fan_02634,Male,45-54,UK,London,Non-Member,2022-12-20
2635,Fan_02635,Female,45-54,Thailand,International City,Red Member,2020-08-11
2636,Fan_02636,Male,55+,Australia,International City,Non-Member,2020-08-15
2637,Fan_02637,Male,45-54,UK,London,Non-Member,2021-05-03
2638,Fan_02638,Female,18-24,UK,Liverpool,Full Member,2023-12-03
2639,Fan_02639,Female,35-44,China,International City,Red Member,2020-07-26
2640,Fan_02640,Non-binary,25-34,UK,Liverpool,Red Member,2021-02-25
2641,Fan_02641,Female,55+,UK,Liverpool,Non-Member,2023-12-16
2642,Fan_02642,Female,55+,Thailand,International City,Non-Member,2020-07-12
2643,Fan_02643,Non-binary,45-54,UK,Liverpool,Red Member,2024-02-22
2644,Fan_02644,Non-binary,18-24,UK,Liverpool,Non-Member,2021-10-07
2645,Fan_02645,Male,18-24,Australia,International City,Non-Member,2021-11-11
2646,Fan_02646,Male,Under 18,USA,International City,Junior Member,2022-08-29
2647,Fan_02647,Female,Under 18,USA,International City,Non-Member,2021-06-24
2648,Fan_02648,Male,45-54,UK,London,Red Member,2022-08-28
2649,Fan_02649,Male,35-44,Thailand,International City,Non-Member,2022-08-25
2650,Fan_02650,Male,45-54,UK,London,Junior Member,2021-08-18
2651,Fan_02651,Male,18-24,UK,Liverpool,Premium/Lounge,2020-07-11
2652,Fan_02652,Non-binary,25-34,UK,London,Red Member,2022-10-01
2653,Fan_02653,Female,45-54,China,International City,Non-Member,2023-09-20
2654,Fan_02654,Female,25-34,Norway,International City,Red Member,2020-01-28
2655,Fan_02655,Female,45-54,UK,London,Premium/Lounge,2023-09-21
2656,Fan_02656,Female,Under 18,Thailand,International City,Non-Member,2023-11-05
2657,Fan_02657,Non-binary,55+,Egypt,International City,Non-Member,2020-10-29
2658,Fan_02658,Male,55+,USA,International City,Non-Member,2022-01-01
2659,Fan_02659,Male,18-24,Norway,International City,Full Member,2024-02-26
2660,Fan_02660,Female,25-34,Australia,International City,Non-Member,2024-03-04
2661,Fan_02661,Female,55+,UK,London,Non-Member,2021-07-14
2662,Fan_02662,Non-binary,45-54,Ireland,International City,Red Member,2024-11-29
2663,Fan_02663,Male,25-34,Egypt,International City,Junior Member,2021-12-15
2664,Fan_02664,Female,25-34,UK,London,Non-Member,2021-01-25
2665,Fan_02665,Non-binary,25-34,UK,Liverpool,Full Member,2020-09-08
2666,Fan_02666,Female,45-54,USA,International City,Red Member,2021-08-13
2667,Fan_02667,Female,55+,UK,Liverpool,Non-Member,2022-08-13
2668,Fan_02668,Male,45-54,Australia,International City,Non-Member,2023-07-01
2669,Fan_02669,Non-binary,18-24,Egypt,International City,Non-Member,2022-09-24
2670,Fan_02670,Female,Under 18,UK,London,Red Member,2020-03-24
2671,Fan_02671,Non-binary,Under 18,UK,London,Non-Member,2022-09-27
2672,Fan_02672,Female,55+,UK,London,Non-Member,2020-04-12
2673,Fan_02673,Female,45-54,UK,London,Junior Member,2024-04-23
2674,Fan_02674,Male,Under 18,Egypt,International City,Junior Member,2021-07-08
2675,Fan_02675,Male,35-44,UK,Liverpool,Full Member,2020-06-14
2676,Fan_02676,Female,25-34,UK,London,Non-Member,2024-07-20
2677,Fan_02677,Non-binary,35-44,Australia,International City,Red Member,2022-03-28
2678,Fan_02678,Female,45-54,UK,Liverpool,Non-Member,2020-12-20
2679,Fan_02679,Female,55+,Egypt,International City,Red Member,2024-07-05
2680,Fan_02680,Male,55+,Thailand,International City,Premium/Lounge,2021-02-12
2681,Fan_02681,Non-binary,18-24,UK,London,Non-Member,2021-09-16
2682,Fan_02682,Non-binary,35-44,UK,London,Red Member,2021-01-10
2683,Fan_02683,Female,Under 18,UK,Liverpool,Non-Member,2022-12-14
2684,Fan_02684,Non-binary,25-34,USA,International City,Red Member,2023-11-04
2685,Fan_02685,Female,35-44,China,International City,Red Member,2022-05-25
2686,Fan_02686,Female,35-44,USA,International City,Red Member,2020-02-26
2687,Fan_02687,Male,35-44,Egypt,International City,Non-Member,2024-03-27
2688,Fan_02688,Female,18-24,UK,Liverpool,Full Member,2022-11-14
2689,Fan_02689,Non-binary,45-54,UK,London,Non-Member,2020-04-19
2690,Fan_02690,Female,18-24,China,International City,Red Member,2023-10-04
2691,Fan_02691,Non-binary,35-44,UK,Liverpool,Non-Member,2020-06-22
2692,Fan_02692,Non-binary,Under 18,UK,London,Red Member,2023-05-02
2693,Fan_02693,Non-binary,35-44,UK,Liverpool,Junior Member,2021-11-09
2694,Fan_02694,Non-binary,55+,UK,London,Red Member,2024-02-23
2695,Fan_02695,Male,55+,China,International City,Non-Member,2022-11-23
2696,Fan_02696,Female,18-24,UK,Liverpool,Non-Member,2023-10-15
2697,Fan_02697,Male,25-34,Ireland,International City,Full Member,2021-09-28
2698,Fan_02698,Male,35-44,China,International City,Full Member,2023-11-09
2699,Fan_02699,Male,18-24,UK,London,Full Member,2020-09-04
2700,Fan_02700,Male,18-24,Egypt,International City,Non-Member,2020-07-31
2701,Fan_02701,Male,45-54,Norway,International City,Red Member,2022-03-11
2702,Fan_02702,Female,35-44,UK,Liverpool,Red Member,2021-01-11
2703,Fan_02703,Non-binary,25-34,UK,Liverpool,Full Member,2023-10-27
2704,Fan_02704,Non-binary,45-54,USA,International City,Non-Member,2022-06-04
2705,Fan_02705,Male,18-24,UK,Liverpool,Premium/Lounge,2023-09-08
2706,Fan_02706,Non-binary,55+,UK,London,Red Member,2021-02-14
2707,Fan_02707,Female,25-34,Norway,International City,Non-Member,2023-09-29
2708,Fan_02708,Female,25-34,UK,Liverpool,Junior Member,2021-07-17
2709,Fan_02709,Female,55+,USA,International City,Non-Member,2022-08-08
2710,Fan_02710,Female,18-24,USA,International City,Non-Member,2021-08-03
2711,Fan_02711,Male,45-54,USA,International City,Red Member,2020-01-23
2712,Fan_02712,Female,Under 18,Thailand,International City,Full Member,2023-08-25
2713,Fan_02713,Non-binary,35-44,Ireland,International City,Non-Member,2021-12-27
2714,Fan_02714,Non-binary,35-44,UK,Liverpool,Non-Member,2020-01-19
2715,Fan_02715,Non-binary,18-24,UK,London,Red Member,2023-12-17
2716,Fan_02716,Female,45-54,Egypt,International City,Non-Member,2020-12-23
2717,Fan_02717,Male,25-34,Ireland,International City,Full Member,2024-01-12
2718,Fan_02718,Female,35-44,Egypt,International City,Junior Member,2024-10-24
2719,Fan_02719,Non-binary,25-34,UK,London,Red Member,2020-05-19
2720,Fan_02720,Female,35-44,Ireland,International City,Red Member,2023-05-25
2721,Fan_02721,Male,45-54,Ireland,International City,Junior Member,2022-11-04
2722,Fan_02722,Non-binary,45-54,China,International City,Non-Member,2020-09-22
2723,Fan_02723,Female,45-54,Australia,International City,Full Member,2021-12-13
2724,Fan_02724,Non-binary,35-44,Thailand,International City,Non-Member,2020-04-02
2725,Fan_02725,Male,18-24,UK,Liverpool,Non-Member,2023-09-24
2726,Fan_02726,Non-binary,35-44,UK,Liverpool,Red Member,2024-04-05
2727,Fan_02727,Non-binary,18-24,UK,Liverpool,Non-Member,2020-12-22
2728,Fan_02728,Female,35-44,China,International City,Non-Member,2020-05-06
2729,Fan_02729,Female,Under 18,Thailand,International City,Non-Member,2024-09-30
2730,Fan_02730,Male,35-44,China,International City,Premium/Lounge,2022-02-05
2731,Fan_02731,Non-binary,Under 18,Thailand,International City,Non-Member,2021-10-19
2732,Fan_02732,Female,18-24,UK,Liverpool,Full Member,2023-03-21
2733,Fan_02733,Male,18-24,Egypt,International City,Non-Member,2022-10-02
2734,Fan_02734,Non-binary,25-34,USA,International City,Non-Member,2021-02-16
2735,Fan_02735,Male,35-44,China,International City,Red Member,2024-07-14
2736,Fan_02736,Male,55+,UK,London,Junior Member,2020-07-16
2737,Fan_02737,Male,Under 18,UK,London,Red Member,2024-05-04
2738,Fan_02738,Non-binary,45-54,USA,International City,Non-Member,2021-11-28
2739,Fan_02739,Non-binary,55+,UK,Liverpool,Red Member,2022-10-13
2740,Fan_02740,Non-binary,35-44,UK,Liverpool,Red Member,2021-12-22
2741,Fan_02741,Non-binary,18-24,UK,Liverpool,Non-Member,2022-06-17
2742,Fan_02742,Non-binary,35-44,USA,International City,Non-Member,2023-03-11
2743,Fan_02743,Non-binary,25-34,UK,London,Non-Member,2020-08-29
2744,Fan_02744,Male,Under 18,Norway,International City,Full Member,2023-01-12
2745,Fan_02745,Female,25-34,UK,London,Red Member,2023-12-11
2746,Fan_02746,Male,25-34,UK,London,Non-Member,2022-12-30
2747,Fan_02747,Male,45-54,Thailand,International City,Full Member,2022-10-21
2748,Fan_02748,Male,45-54,UK,London,Junior Member,2020-08-15
2749,Fan_02749,Female,25-34,Thailand,International City,Full Member,2020-03-02
2750,Fan_02750,Female,18-24,UK,London,Red Member,2024-04-15
2751,Fan_02751,Non-binary,55+,UK,London,Red Member,2024-03-31
2752,Fan_02752,Male,18-24,Ireland,International City,Red Member,2020-05-29
2753,Fan_02753,Non-binary,55+,Egypt,International City,Premium/Lounge,2024-07-11
2754,Fan_02754,Male,35-44,UK,London,Full Member,2024-02-23
2755,Fan_02755,Male,45-54,Thailand,International City,Red Member,2020-09-22
2756,Fan_02756,Male,Under 18,UK,Liverpool,Red Member,2022-11-05
2757,Fan_02757,Female,35-44,UK,Liverpool,Non-Member,2024-05-19
2758,Fan_02758,Male,Under 18,UK,London,Premium/Lounge,2024-05-20
2759,Fan_02759,Female,55+,UK,Liverpool,Junior Member,2024-02-20
2760,Fan_02760,Male,35-44,UK,Liverpool,Premium/Lounge,2022-02-11
2761,Fan_02761,Male,35-44,Australia,International City,Junior Member,2022-05-24
2762,Fan_02762,Male,Under 18,Egypt,International City,Red Member,2020-08-29
2763,Fan_02763,Female,25-34,Thailand,International City,Non-Member,2021-12-03
2764,Fan_02764,Male,18-24,USA,International City,Non-Member,2020-07-07
2765,Fan_02765,Male,18-24,Thailand,International City,Red Member,2024-03-10
2766,Fan_02766,Non-binary,45-54,China,International City,Non-Member,2024-06-30
2767,Fan_02767,Male,Under 18,UK,Liverpool,Non-Member,2020-04-26
2768,Fan_02768,Female,Under 18,UK,Liverpool,Red Member,2021-12-17
2769,Fan_02769,Non-binary,18-24,Thailand,International City,Non-Member,2020-09-22
2770,Fan_02770,Female,35-44,Thailand,International City,Full Member,2020-09-07
2771,Fan_02771,Male,Under 18,Ireland,International City,Non-Member,2023-01-18
2772,Fan_02772,Non-binary,25-34,UK,Liverpool,Non-Member,2022-06-27
2773,Fan_02773,Female,25-34,China,International City,Premium/Lounge,2023-02-03
2774,Fan_02774,Male,45-54,UK,Liverpool,Non-Member,2021-10-15
2775,Fan_02775,Non-binary,45-54,Australia,International City,Non-Member,2020-04-20
2776,Fan_02776,Non-binary,45-54,UK,Liverpool,Red Member,2021-07-26
2777,Fan_02777,Male,45-54,UK,London,Non-Member,2021-09-16
2778,Fan_02778,Non-binary,18-24,China,International City,Non-Member,2022-02-01
2779,Fan_02779,Male,Under 18,China,International City,Non-Member,2023-12-01
2780,Fan_02780,Non-binary,35-44,USA,International City,Non-Member,2020-02-13
2781,Fan_02781,Male,25-34,Norway,International City,Non-Member,2023-04-19
2782,Fan_02782,Male,Under 18,UK,London,Non-Member,2024-10-16
2783,Fan_02783,Female,35-44,Thailand,International City,Non-Member,2024-11-01
2784,Fan_02784,Male,18-24,UK,London,Non-Member,2022-02-15
2785,Fan_02785,Non-binary,Under 18,UK,Liverpool,Full Member,2021-09-16
2786,Fan_02786,Female,Under 18,UK,Liverpool,Full Member,2024-03-25
2787,Fan_02787,Female,45-54,UK,Liverpool,Non-Member,2024-03-30
2788,Fan_02788,Non-binary,35-44,UK,London,Red Member,2024-05-21
2789,Fan_02789,Non-binary,Under 18,China,International City,Non-Member,2023-02-07
2790,Fan_02790,Non-binary,25-34,UK,Liverpool,Red Member,2022-08-07
2791,Fan_02791,Non-binary,55+,USA,International City,Full Member,2024-04-23
2792,Fan_02792,Female,18-24,Egypt,International City,Red Member,2022-08-15
2793,Fan_02793,Male,18-24,China,International City,Non-Member,2021-07-28
2794,Fan_02794,Female,Under 18,Australia,International City,Non-Member,2024-04-28
2795,Fan_02795,Female,25-34,Egypt,International City,Full Member,2022-03-19
2796,Fan_02796,Female,25-34,UK,Liverpool,Full Member,2021-05-28
2797,Fan_02797,Non-binary,Under 18,Ireland,International City,Non-Member,2021-09-20
2798,Fan_02798,Non-binary,25-34,Egypt,International City,Non-Member,2024-10-01
2799,Fan_02799,Male,35-44,UK,Liverpool,Non-Member,2022-08-13
2800,Fan_02800,Female,55+,UK,Liverpool,Full Member,2021-03-22
2801,Fan_02801,Male,45-54,USA,International City,Non-Member,2021-07-20
2802,Fan_02802,Non-binary,25-34,Thailand,International City,Non-Member,2022-06-21
2803,Fan_02803,Female,25-34,UK,London,Red Member,2020-09-17
2804,Fan_02804,Male,45-54,UK,Liverpool,Full Member,2020-04-11
2805,Fan_02805,Male,18-24,UK,London,Junior Member,2022-11-03
2806,Fan_02806,Non-binary,25-34,USA,International City,Non-Member,2023-02-07
2807,Fan_02807,Male,Under 18,China,International City,Junior Member,2021-06-14
2808,Fan_02808,Female,45-54,UK,London,Junior Member,2020-04-01
2809,Fan_02809,Male,25-34,Thailand,International City,Non-Member,2020-06-07
2810,Fan_02810,Female,Under 18,Norway,International City,Red Member,2020-06-07
2811,Fan_02811,Non-binary,25-34,UK,London,Junior Member,2022-05-01
2812,Fan_02812,Female,18-24,UK,Liverpool,Non-Member,2021-10-30
2813,Fan_02813,Female,25-34,Thailand,International City,Red Member,2023-08-28
2814,Fan_02814,Female,45-54,UK,Liverpool,Non-Member,2020-11-24
2815,Fan_02815,Male,45-54,UK,London,Non-Member,2020-08-05
2816,Fan_02816,Male,25-34,Thailand,International City,Red Member,2024-01-05
2817,Fan_02817,Non-binary,45-54,China,International City,Full Member,2023-12-30
2818,Fan_02818,Female,45-54,UK,Liverpool,Non-Member,2023-09-07
2819,Fan_02819,Male,35-44,China,International City,Premium/Lounge,2023-08-22
2820,Fan_02820,Male,45-54,UK,Liverpool,Red Member,2023-03-22
2821,Fan_02821,Non-binary,55+,Ireland,International City,Red Member,2023-01-08
2822,Fan_02822,Male,45-54,China,International City,Non-Member,2023-05-28
2823,Fan_02823,Non-binary,45-54,Norway,International City,Red Member,2022-06-22
2824,Fan_02824,Non-binary,25-34,UK,London,Non-Member,2021-11-04
2825,Fan_02825,Female,18-24,UK,Liverpool,Red Member,2021-10-06
2826,Fan_02826,Male,55+,China,International City,Non-Member,2022-06-30
2827,Fan_02827,Female,25-34,China,International City,Non-Member,2021-12-21
2828,Fan_02828,Non-binary,Under 18,Egypt,International City,Red Member,2023-08-31
2829,Fan_02829,Non-binary,18-24,Norway,International City,Red Member,2024-05-29
2830,Fan_02830,Male,45-54,USA,International City,Non-Member,2023-01-06
2831,Fan_02831,Female,55+,UK,Liverpool,Full Member,2023-09-25
2832,Fan_02832,Female,25-34,UK,Liverpool,Red Member,2020-08-29
2833,Fan_02833,Non-binary,18-24,UK,Liverpool,Full Member,2022-10-09
2834,Fan_02834,Male,18-24,Ireland,International City,Red Member,2020-02-01
2835,Fan_02835,Female,45-54,UK,London,Junior Member,2022-08-20
2836,Fan_02836,Male,18-24,China,International City,Non-Member,2024-09-03
2837,Fan_02837,Male,55+,USA,International City,Non-Member,2020-05-29
2838,Fan_02838,Non-binary,35-44,UK,Liverpool,Red Member,2021-12-26
2839,Fan_02839,Non-binary,18-24,UK,Liverpool,Junior Member,2021-08-23
2840,Fan_02840,Female,45-54,UK,London,Full Member,2023-06-16
2841,Fan_02841,Male,Under 18,UK,Liverpool,Junior Member,2021-12-27
2842,Fan_02842,Female,55+,USA,International City,Red Member,2024-02-25
2843,Fan_02843,Female,35-44,USA,International City,Junior Member,2020-10-02
2844,Fan_02844,Male,55+,China,International City,Premium/Lounge,2023-04-22
2845,Fan_02845,Male,18-24,Egypt,International City,Non-Member,2023-04-30
2846,Fan_02846,Female,55+,Thailand,International City,Full Member,2022-07-17
2847,Fan_02847,Male,45-54,UK,London,Junior Member,2023-04-19
2848,Fan_02848,Male,18-24,UK,Liverpool,Non-Member,2022-10-07
2849,Fan_02849,Non-binary,45-54,UK,London,Full Member,2022-11-06
2850,Fan_02850,Female,25-34,USA,International City,Red Member,2021-10-14
2851,Fan_02851,Male,18-24,China,International City,Non-Member,2024-07-25
2852,Fan_02852,Non-binary,18-24,China,International City,Red Member,2022-11-29
2853,Fan_02853,Non-binary,25-34,UK,Liverpool,Non-Member,2021-12-12
2854,Fan_02854,Female,25-34,UK,London,Red Member,2022-06-17
2855,Fan_02855,Female,25-34,UK,Liverpool,Full Member,2024-03-23
2856,Fan_02856,Non-binary,25-34,UK,Liverpool,Non-Member,2020-07-15
2857,Fan_02857,Non-binary,18-24,UK,Liverpool,Non-Member,2023-05-10
2858,Fan_02858,Non-binary,45-54,UK,Liverpool,Non-Member,2020-01-14
2859,Fan_02859,Male,25-34,Norway,International City,Non-Member,2021-07-31
2860,Fan_02860,Female,55+,Thailand,International City,Red Member,2022-12-02
2861,Fan_02861,Female,Under 18,UK,Liverpool,Junior Member,2023-12-17
2862,Fan_02862,Female,35-44,UK,Liverpool,Non-Member,2020-06-26
2863,Fan_02863,Non-binary,55+,UK,Liverpool,Non-Member,2021-12-25
2864,Fan_02864,Male,55+,UK,Liverpool,Non-Member,2021-10-31
2865,Fan_02865,Female,35-44,UK,Liverpool,Full Member,2024-02-15
2866,Fan_02866,Non-binary,Under 18,Egypt,International City,Junior Member,2023-11-09
2867,Fan_02867,Male,35-44,UK,Liverpool,Non-Member,2023-12-15
2868,Fan_02868,Female,18-24,Egypt,International City,Full Member,2023-09-15
2869,Fan_02869,Male,55+,Ireland,International City,Full Member,2020-01-17
2870,Fan_02870,Female,18-24,UK,London,Junior Member,2021-02-04
2871,Fan_02871,Female,18-24,UK,Liverpool,Junior Member,2022-10-14
2872,Fan_02872,Non-binary,Under 18,UK,London,Red Member,2024-10-21
2873,Fan_02873,Non-binary,18-24,China,International City,Non-Member,2022-06-08
2874,Fan_02874,Non-binary,18-24,UK,Liverpool,Junior Member,2020-12-30
2875,Fan_02875,Female,45-54,UK,Liverpool,Red Member,2023-07-16
2876,Fan_02876,Male,55+,Thailand,International City,Red Member,2022-09-18
2877,Fan_02877,Non-binary,18-24,Egypt,International City,Non-Member,2024-09-17
2878,Fan_02878,Non-binary,35-44,UK,Liverpool,Red Member,2024-06-19
2879,Fan_02879,Female,45-54,Ireland,International City,Red Member,2023-01-17
2880,Fan_02880,Female,Under 18,Norway,International City,Non-Member,2020-08-18
2881,Fan_02881,Female,35-44,China,International City,Red Member,2021-10-28
2882,Fan_02882,Male,18-24,UK,Liverpool,Red Member,2021-10-15
2883,Fan_02883,Male,25-34,Ireland,International City,Junior Member,2022-03-26
2884,Fan_02884,Male,35-44,China,International City,Red Member,2023-05-15
2885,Fan_02885,Non-binary,18-24,USA,International City,Non-Member,2021-08-18
2886,Fan_02886,Female,Under 18,UK,Liverpool,Full Member,2024-04-29
2887,Fan_02887,Female,35-44,UK,London,Red Member,2024-07-14
2888,Fan_02888,Female,35-44,USA,International City,Non-Member,2020-04-21
2889,Fan_02889,Male,25-34,UK,Liverpool,Full Member,2024-08-03
2890,Fan_02890,Female,18-24,UK,London,Full Member,2024-11-28
2891,Fan_02891,Non-binary,Under 18,UK,Liverpool,Full Member,2023-06-04
2892,Fan_02892,Non-binary,Under 18,UK,London,Junior Member,2020-02-13
2893,Fan_02893,Non-binary,25-34,UK,London,Red Member,2024-04-19
2894,Fan_02894,Non-binary,Under 18,China,International City,Full Member,2020-04-10
2895,Fan_02895,Male,25-34,Egypt,International City,Red Member,2021-02-10
2896,Fan_02896,Female,55+,UK,Liverpool,Non-Member,2021-08-17
2897,Fan_02897,Female,35-44,UK,Liverpool,Non-Member,2023-02-06
2898,Fan_02898,Male,Under 18,China,International City,Non-Member,2024-09-27
2899,Fan_02899,Non-binary,Under 18,UK,Liverpool,Red Member,2022-03-25
2900,Fan_02900,Male,18-24,Norway,International City,Non-Member,2021-09-09
2901,Fan_02901,Non-binary,18-24,UK,London,Non-Member,2021-07-11
2902,Fan_02902,Male,35-44,China,International City,Full Member,2022-03-31
2903,Fan_02903,Female,Under 18,UK,Liverpool,Non-Member,2020-05-31
2904,Fan_02904,Non-binary,55+,Norway,International City,Premium/Lounge,2024-02-09
2905,Fan_02905,Male,Under 18,USA,International City,Premium/Lounge,2024-08-27
2906,Fan_02906,Non-binary,18-24,Egypt,International City,Non-Member,2024-02-16
2907,Fan_02907,Female,18-24,Thailand,International City,Full Member,2024-10-25
2908,Fan_02908,Female,45-54,UK,Liverpool,Premium/Lounge,2020-02-17
2909,Fan_02909,Male,Under 18,UK,London,Non-Member,2023-09-05
2910,Fan_02910,Female,35-44,Thailand,International City,Non-Member,2022-05-29
2911,Fan_02911,Female,45-54,UK,London,Non-Member,2022-09-16
2912,Fan_02912,Non-binary,45-54,UK,Liverpool,Non-Member,2022-02-22
2913,Fan_02913,Non-binary,35-44,UK,Liverpool,Red Member,2024-04-11
2914,Fan_02914,Non-binary,Under 18,Egypt,International City,Red Member,2021-04-03
2915,Fan_02915,Male,35-44,Thailand,International City,Premium/Lounge,2021-04-20
2916,Fan_02916,Female,35-44,USA,International City,Full Member,2020-08-11
2917,Fan_02917,Female,25-34,Ireland,International City,Non-Member,2024-07-16
2918,Fan_02918,Male,Under 18,Ireland,International City,Full Member,2020-12-12
2919,Fan_02919,Female,45-54,UK,Liverpool,Non-Member,2020-06-20
2920,Fan_02920,Female,45-54,UK,Liverpool,Junior Member,2024-09-15
2921,Fan_02921,Male,Under 18,Egypt,International City,Premium/Lounge,2022-10-07
2922,Fan_02922,Non-binary,25-34,UK,Liverpool,Non-Member,2020-03-15
2923,Fan_02923,Non-binary,35-44,UK,Liverpool,Non-Member,2021-07-03
2924,Fan_02924,Male,45-54,Australia,International City,Red Member,2023-01-22
2925,Fan_02925,Female,55+,Norway,International City,Non-Member,2021-10-21
2926,Fan_02926,Non-binary,35-44,USA,International City,Red Member,2023-02-10
2927,Fan_02927,Non-binary,Under 18,China,International City,Non-Member,2022-05-21
2928,Fan_02928,Male,35-44,Australia,International City,Non-Member,2024-03-30
2929,Fan_02929,Non-binary,Under 18,UK,London,Non-Member,2021-02-08
2930,Fan_02930,Male,Under 18,USA,International City,Red Member,2022-10-11
2931,Fan_02931,Non-binary,35-44,UK,Liverpool,Non-Member,2024-03-13
2932,Fan_02932,Female,35-44,Egypt,International City,Non-Member,2021-08-30
2933,Fan_02933,Female,55+,UK,Liverpool,Junior Member,2021-07-09
2934,Fan_02934,Female,45-54,Egypt,International City,Red Member,2023-02-28
2935,Fan_02935,Male,18-24,Ireland,International City,Non-Member,2022-12-07
2936,Fan_02936,Male,45-54,Australia,International City,Junior Member,2022-01-30
2937,Fan_02937,Non-binary,25-34,Egypt,International City,Red Member,2022-08-05
2938,Fan_02938,Non-binary,55+,UK,Liverpool,Non-Member,2020-12-02
2939,Fan_02939,Non-binary,35-44,Egypt,International City,Non-Member,2021-10-12
2940,Fan_02940,Male,18-24,USA,International City,Red Member,2020-05-17
2941,Fan_02941,Male,18-24,UK,London,Junior Member,2020-07-11
2942,Fan_02942,Female,25-34,Egypt,International City,Non-Member,2020-05-05
2943,Fan_02943,Female,45-54,Thailand,International City,Non-Member,2020-05-16
2944,Fan_02944,Male,25-34,UK,Liverpool,Full Member,2020-01-29
2945,Fan_02945,Female,45-54,UK,London,Junior Member,2021-09-18
2946,Fan_02946,Female,25-34,UK,Liverpool,Full Member,2023-01-13
2947,Fan_02947,Non-binary,18-24,Ireland,International City,Non-Member,2023-04-28
2948,Fan_02948,Male,25-34,UK,London,Non-Member,2021-06-22
2949,Fan_02949,Male,18-24,Egypt,International City,Red Member,2023-04-17
2950,Fan_02950,Female,25-34,Ireland,International City,Full Member,2024-04-30
2951,Fan_02951,Non-binary,25-34,Thailand,International City,Junior Member,2024-11-19
2952,Fan_02952,Non-binary,35-44,Thailand,International City,Non-Member,2020-12-10
2953,Fan_02953,Male,Under 18,UK,Liverpool,Full Member,2020-10-27
2954,Fan_02954,Male,25-34,UK,London,Non-Member,2020-04-16
2955,Fan_02955,Female,35-44,UK,Liverpool,Junior Member,2022-08-24
2956,Fan_02956,Male,18-24,UK,London,Full Member,2022-03-16
2957,Fan_02957,Non-binary,35-44,UK,Liverpool,Red Member,2021-09-30
2958,Fan_02958,Female,45-54,Egypt,International City,Non-Member,2023-05-24
2959,Fan_02959,Non-binary,25-34,UK,Liverpool,Junior Member,2020-10-19
2960,Fan_02960,Non-binary,35-44,USA,International City,Red Member,2023-11-24
2961,Fan_02961,Non-binary,35-44,UK,Liverpool,Full Member,2021-12-14
2962,Fan_02962,Female,35-44,UK,London,Premium/Lounge,2023-10-04
2963,Fan_02963,Male,45-54,UK,Liverpool,Full Member,2024-11-29
2964,Fan_02964,Male,55+,UK,London,Non-Member,2021-02-05
2965,Fan_02965,Female,45-54,USA,International City,Non-Member,2020-01-12
2966,Fan_02966,Female,25-34,Thailand,International City,Non-Member,2022-01-25
2967,Fan_02967,Male,45-54,UK,Liverpool,Non-Member,2020-03-09
2968,Fan_02968,Female,55+,Ireland,International City,Red Member,2022-03-26
2969,Fan_02969,Non-binary,25-34,UK,Liverpool,Non-Member,2023-07-04
2970,Fan_02970,Male,55+,UK,Liverpool,Red Member,2023-05-29
2971,Fan_02971,Female,35-44,Ireland,International City,Non-Member,2022-08-27
2972,Fan_02972,Non-binary,45-54,China,International City,Non-Member,2020-03-19
2973,Fan_02973,Non-binary,18-24,UK,London,Junior Member,2024-02-16
2974,Fan_02974,Male,Under 18,UK,Liverpool,Red Member,2024-09-04
2975,Fan_02975,Non-binary,55+,UK,London,Non-Member,2021-10-05
2976,Fan_02976,Female,18-24,UK,Liverpool,Full Member,2023-06-11
2977,Fan_02977,Male,25-34,China,International City,Junior Member,2024-10-03
2978,Fan_02978,Male,45-54,UK,Liverpool,Junior Member,2022-01-20
2979,Fan_02979,Male,55+,Egypt,International City,Red Member,2022-05-02
2980,Fan_02980,Non-binary,Under 18,Australia,International City,Non-Member,2021-01-30
2981,Fan_02981,Non-binary,18-24,China,International City,Junior Member,2021-06-30
2982,Fan_02982,Male,25-34,UK,London,Full Member,2021-02-10
2983,Fan_02983,Non-binary,35-44,Australia,International City,Non-Member,2023-07-25
2984,Fan_02984,Male,25-34,China,International City,Non-Member,2023-02-22
2985,Fan_02985,Female,45-54,UK,London,Junior Member,2020-06-25
2986,Fan_02986,Female,Under 18,Egypt,International City,Non-Member,2020-07-04
2987,Fan_02987,Male,25-34,UK,Liverpool,Full Member,2023-07-07
2988,Fan_02988,Male,18-24,UK,Liverpool,Full Member,2022-02-06
2989,Fan_02989,Male,55+,USA,International City,Non-Member,2021-09-22
2990,Fan_02990,Non-binary,18-24,Australia,International City,Premium/Lounge,2024-03-27
2991,Fan_02991,Male,25-34,China,International City,Non-Member,2022-02-15
2992,Fan_02992,Female,18-24,China,International City,Non-Member,2020-10-14
2993,Fan_02993,Female,35-44,Egypt,International City,Non-Member,2024-09-06
2994,Fan_02994,Male,18-24,UK,London,Non-Member,2021-06-15
2995,Fan_02995,Female,25-34,Australia,International City,Non-Member,2022-09-30
2996,Fan_02996,Female,55+,UK,Liverpool,Red Member,2022-07-09
2997,Fan_02997,Non-binary,18-24,Ireland,International City,Non-Member,2024-09-05
2998,Fan_02998,Female,18-24,Thailand,International City,Red Member,2023-03-10
2999,Fan_02999,Female,25-34,UK,Liverpool,Full Member,2024-07-18
3000,Fan_03000,Female,18-24,Australia,International City,Red Member,2023-12-03
3001,Fan_03001,Non-binary,55+,Norway,International City,Non-Member,2020-07-04
3002,Fan_03002,Male,25-34,Egypt,International City,Non-Member,2022-08-15
3003,Fan_03003,Male,45-54,UK,London,Full Member,2023-07-16
3004,Fan_03004,Female,45-54,UK,Liverpool,Red Member,2022-02-01
3005,Fan_03005,Female,55+,Egypt,International City,Full Member,2020-03-10
3006,Fan_03006,Non-binary,25-34,UK,Liverpool,Non-Member,2020-11-21
3007,Fan_03007,Female,25-34,USA,International City,Red Member,2023-08-19
3008,Fan_03008,Female,25-34,UK,London,Non-Member,2022-08-14
3009,Fan_03009,Male,Under 18,Egypt,International City,Red Member,2024-07-15
3010,Fan_03010,Female,45-54,Thailand,International City,Full Member,2023-11-23
3011,Fan_03011,Non-binary,35-44,USA,International City,Red Member,2024-09-04
3012,Fan_03012,Female,45-54,UK,London,Red Member,2022-09-15
3013,Fan_03013,Female,25-34,Australia,International City,Non-Member,2024-12-01
3014,Fan_03014,Non-binary,Under 18,UK,Liverpool,Red Member,2022-05-22
3015,Fan_03015,Female,45-54,China,International City,Red Member,2023-04-29
3016,Fan_03016,Male,25-34,UK,London,Full Member,2023-11-29
3017,Fan_03017,Male,45-54,Egypt,International City,Premium/Lounge,2020-10-12
3018,Fan_03018,Male,Under 18,UK,Liverpool,Non-Member,2024-06-11
3019,Fan_03019,Male,25-34,China,International City,Red Member,2022-03-21
3020,Fan_03020,Non-binary,18-24,UK,Liverpool,Non-Member,2020-12-18
3021,Fan_03021,Male,18-24,UK,London,Non-Member,2022-06-13
3022,Fan_03022,Male,55+,UK,Liverpool,Full Member,2024-09-27
3023,Fan_03023,Female,Under 18,China,International City,Red Member,2020-11-22
3024,Fan_03024,Non-binary,55+,UK,London,Red Member,2023-12-02
3025,Fan_03025,Non-binary,35-44,UK,Liverpool,Red Member,2023-12-17
3026,Fan_03026,Male,35-44,UK,Liverpool,Non-Member,2021-10-13
3027,Fan_03027,Male,35-44,China,International City,Premium/Lounge,2021-10-31
3028,Fan_03028,Non-binary,35-44,UK,Liverpool,Full Member,2022-03-17
3029,Fan_03029,Male,25-34,Egypt,International City,Red Member,2023-10-03
3030,Fan_03030,Non-binary,Under 18,China,International City,Non-Member,2023-05-31
3031,Fan_03031,Female,25-34,UK,Liverpool,Red Member,2022-10-23
3032,Fan_03032,Female,Under 18,UK,Liverpool,Full Member,2021-04-16
3033,Fan_03033,Male,18-24,UK,Liverpool,Non-Member,2022-06-10
3034,Fan_03034,Non-binary,18-24,UK,London,Red Member,2020-11-04
3035,Fan_03035,Non-binary,35-44,UK,London,Non-Member,2021-06-18
3036,Fan_03036,Male,18-24,USA,International City,Red Member,2023-10-29
3037,Fan_03037,Male,35-44,Egypt,International City,Non-Member,2021-12-10
3038,Fan_03038,Non-binary,Under 18,Australia,International City,Full Member,2024-11-01
3039,Fan_03039,Male,18-24,USA,International City,Red Member,2020-09-20
3040,Fan_03040,Non-binary,35-44,Thailand,International City,Junior Member,2022-07-20
3041,Fan_03041,Non-binary,35-44,UK,Liverpool,Red Member,2024-04-28
3042,Fan_03042,Female,55+,UK,London,Full Member,2020-08-25
3043,Fan_03043,Female,45-54,Thailand,International City,Red Member,2024-05-18
3044,Fan_03044,Non-binary,25-34,Norway,International City,Red Member,2022-01-17
3045,Fan_03045,Female,45-54,UK,Liverpool,Premium/Lounge,2022-02-24
3046,Fan_03046,Male,18-24,Australia,International City,Non-Member,2021-11-21
3047,Fan_03047,Non-binary,25-34,China,International City,Non-Member,2022-11-20
3048,Fan_03048,Non-binary,35-44,Thailand,International City,Red Member,2020-04-09
3049,Fan_03049,Female,Under 18,USA,International City,Non-Member,2024-11-12
3050,Fan_03050,Female,25-34,Norway,International City,Non-Member,2023-05-12
3051,Fan_03051,Female,25-34,Australia,International City,Red Member,2021-11-22
3052,Fan_03052,Female,Under 18,Australia,International City,Red Member,2021-07-01
3053,Fan_03053,Female,Under 18,UK,London,Red Member,2021-10-26
3054,Fan_03054,Non-binary,Under 18,UK,Liverpool,Red Member,2024-02-07
3055,Fan_03055,Female,18-24,UK,Liverpool,Non-Member,2020-06-21
3056,Fan_03056,Male,18-24,Egypt,International City,Junior Member,2020-10-23
3057,Fan_03057,Female,35-44,Ireland,International City,Non-Member,2021-12-08
3058,Fan_03058,Non-binary,45-54,USA,International City,Non-Member,2024-08-17
3059,Fan_03059,Non-binary,45-54,China,International City,Red Member,2020-03-24
3060,Fan_03060,Male,18-24,UK,London,Full Member,2024-01-22
3061,Fan_03061,Male,35-44,Ireland,International City,Red Member,2024-01-25
3062,Fan_03062,Non-binary,55+,UK,London,Non-Member,2022-05-15
3063,Fan_03063,Male,18-24,USA,International City,Premium/Lounge,2021-06-10
3064,Fan_03064,Non-binary,55+,China,International City,Non-Member,2024-09-09
3065,Fan_03065,Male,18-24,USA,International City,Full Member,2021-06-18
3066,Fan_03066,Non-binary,18-24,UK,Liverpool,Junior Member,2024-06-24
3067,Fan_03067,Female,18-24,UK,London,Premium/Lounge,2022-06-13
3068,Fan_03068,Male,25-34,UK,Liverpool,Red Member,2023-10-07
3069,Fan_03069,Male,55+,UK,Liverpool,Non-Member,2021-07-12
3070,Fan_03070,Male,35-44,UK,Liverpool,Full Member,2020-09-22
3071,Fan_03071,Non-binary,55+,UK,London,Red Member,2020-07-17
3072,Fan_03072,Non-binary,25-34,UK,London,Non-Member,2020-05-10
3073,Fan_03073,Female,55+,Thailand,International City,Junior Member,2023-06-01
3074,Fan_03074,Non-binary,35-44,USA,International City,Full Member,2023-05-04
3075,Fan_03075,Female,45-54,UK,Liverpool,Non-Member,2021-12-03
3076,Fan_03076,Female,18-24,UK,London,Red Member,2024-10-15
3077,Fan_03077,Female,18-24,China,International City,Red Member,2023-11-29
3078,Fan_03078,Female,35-44,UK,Liverpool,Non-Member,2023-09-15
3079,Fan_03079,Male,55+,Thailand,International City,Red Member,2023-02-23
3080,Fan_03080,Non-binary,45-54,UK,London,Red Member,2021-09-14
3081,Fan_03081,Female,55+,UK,Liverpool,Red Member,2020-03-01
3082,Fan_03082,Male,45-54,UK,Liverpool,Red Member,2023-03-02
3083,Fan_03083,Female,Under 18,USA,International City,Premium/Lounge,2021-08-04
3084,Fan_03084,Non-binary,35-44,Egypt,International City,Non-Member,2022-02-07
3085,Fan_03085,Male,35-44,Egypt,International City,Full Member,2024-10-06
3086,Fan_03086,Male,18-24,UK,London,Non-Member,2023-03-14
3087,Fan_03087,Male,55+,UK,London,Red Member,2023-01-31
3088,Fan_03088,Female,18-24,USA,International City,Red Member,2023-05-12
3089,Fan_03089,Female,55+,UK,London,Non-Member,2023-09-22
3090,Fan_03090,Non-binary,55+,Australia,International City,Red Member,2022-10-25
3091,Fan_03091,Non-binary,35-44,Egypt,International City,Non-Member,2024-10-25
3092,Fan_03092,Female,35-44,USA,International City,Non-Member,2024-08-18
3093,Fan_03093,Male,18-24,USA,International City,Red Member,2021-08-13
3094,Fan_03094,Female,35-44,UK,Liverpool,Full Member,2020-12-18
3095,Fan_03095,Male,35-44,Australia,International City,Full Member,2023-08-30
3096,Fan_03096,Female,35-44,USA,International City,Non-Member,2023-07-27
3097,Fan_03097,Male,45-54,UK,Liverpool,Full Member,2022-10-27
3098,Fan_03098,Non-binary,35-44,UK,Liverpool,Non-Member,2021-10-27
3099,Fan_03099,Male,18-24,Thailand,International City,Full Member,2023-07-05
3100,Fan_03100,Non-binary,Under 18,Norway,International City,Red Member,2020-02-16
3101,Fan_03101,Non-binary,55+,China,International City,Red Member,2023-02-04
3102,Fan_03102,Male,18-24,Egypt,International City,Red Member,2022-01-25
3103,Fan_03103,Male,18-24,China,International City,Red Member,2023-12-30
3104,Fan_03104,Female,Under 18,UK,London,Non-Member,2021-02-27
3105,Fan_03105,Female,35-44,Thailand,International City,Non-Member,2023-11-01
3106,Fan_03106,Female,18-24,Thailand,International City,Non-Member,2022-08-02
3107,Fan_03107,Non-binary,Under 18,Norway,International City,Full Member,2024-09-11
3108,Fan_03108,Male,18-24,UK,Liverpool,Red Member,2024-01-18
3109,Fan_03109,Male,55+,UK,London,Junior Member,2022-04-12
3110,Fan_03110,Female,35-44,Egypt,International City,Non-Member,2024-05-22
3111,Fan_03111,Female,55+,USA,International City,Red Member,2020-09-04
3112,Fan_03112,Non-binary,55+,China,International City,Red Member,2024-01-03
3113,Fan_03113,Non-binary,Under 18,UK,Liverpool,Non-Member,2024-07-20
3114,Fan_03114,Non-binary,Under 18,USA,International City,Red Member,2022-03-29
3115,Fan_03115,Non-binary,55+,China,International City,Full Member,2022-06-20
3116,Fan_03116,Male,Under 18,USA,International City,Non-Member,2024-09-30
3117,Fan_03117,Non-binary,Under 18,UK,Liverpool,Junior Member,2020-12-12
3118,Fan_03118,Female,18-24,UK,Liverpool,Non-Member,2024-06-17
3119,Fan_03119,Male,25-34,Norway,International City,Non-Member,2021-11-06
3120,Fan_03120,Non-binary,Under 18,Ireland,International City,Red Member,2023-12-23
3121,Fan_03121,Male,25-34,Norway,International City,Red Member,2021-08-27
3122,Fan_03122,Female,25-34,Australia,International City,Red Member,2023-12-03
3123,Fan_03123,Non-binary,Under 18,UK,Liverpool,Premium/Lounge,2020-10-13
3124,Fan_03124,Male,18-24,UK,Liverpool,Red Member,2023-02-28
3125,Fan_03125,Female,55+,UK,Liverpool,Non-Member,2023-03-08
3126,Fan_03126,Female,35-44,Ireland,International City,Junior Member,2022-06-19
3127,Fan_03127,Female,18-24,Australia,International City,Premium/Lounge,2024-07-07
3128,Fan_03128,Male,18-24,Australia,International City,Full Member,2021-08-21
3129,Fan_03129,Male,Under 18,UK,London,Non-Member,2023-04-09
3130,Fan_03130,Male,25-34,UK,London,Red Member,2024-01-16
3131,Fan_03131,Non-binary,45-54,Egypt,International City,Red Member,2022-09-03
3132,Fan_03132,Male,25-34,Thailand,International City,Full Member,2020-11-15
3133,Fan_03133,Non-binary,25-34,Thailand,International City,Red Member,2022-02-05
3134,Fan_03134,Female,55+,UK,Liverpool,Non-Member,2024-11-18
3135,Fan_03135,Female,18-24,Egypt,International City,Red Member,2022-02-16
3136,Fan_03136,Male,25-34,UK,Liverpool,Non-Member,2021-09-25
3137,Fan_03137,Female,45-54,UK,London,Premium/Lounge,2024-02-01
3138,Fan_03138,Female,35-44,UK,Liverpool,Red Member,2023-03-12
3139,Fan_03139,Male,55+,Ireland,International City,Red Member,2021-04-12
3140,Fan_03140,Male,25-34,China,International City,Junior Member,2020-03-08
3141,Fan_03141,Non-binary,Under 18,USA,International City,Red Member,2022-11-05
3142,Fan_03142,Non-binary,55+,UK,London,Red Member,2024-11-22
3143,Fan_03143,Male,35-44,UK,Liverpool,Full Member,2022-12-06
3144,Fan_03144,Non-binary,18-24,UK,London,Junior Member,2023-08-25
3145,Fan_03145,Non-binary,35-44,UK,London,Non-Member,2020-03-23
3146,Fan_03146,Female,45-54,Thailand,International City,Non-Member,2020-07-06
3147,Fan_03147,Male,55+,China,International City,Non-Member,2020-09-28
3148,Fan_03148,Female,Under 18,Egypt,International City,Non-Member,2021-04-11
3149,Fan_03149,Non-binary,35-44,UK,Liverpool,Red Member,2020-07-20
3150,Fan_03150,Male,25-34,Egypt,International City,Full Member,2020-05-29
3151,Fan_03151,Female,Under 18,UK,Liverpool,Red Member,2021-02-08
3152,Fan_03152,Male,45-54,UK,Liverpool,Red Member,2021-09-06
3153,Fan_03153,Male,45-54,Egypt,International City,Red Member,2024-10-29
3154,Fan_03154,Female,55+,UK,Liverpool,Non-Member,2023-04-21
3155,Fan_03155,Non-binary,35-44,Ireland,International City,Non-Member,2021-05-30
3156,Fan_03156,Female,45-54,China,International City,Non-Member,2022-10-05
3157,Fan_03157,Male,25-34,Ireland,International City,Red Member,2022-09-16
3158,Fan_03158,Female,55+,Egypt,International City,Non-Member,2021-06-25
3159,Fan_03159,Male,25-34,Egypt,International City,Non-Member,2023-10-20
3160,Fan_03160,Non-binary,25-34,Egypt,International City,Full Member,2022-06-20
3161,Fan_03161,Male,35-44,UK,Liverpool,Non-Member,2021-10-15
3162,Fan_03162,Female,35-44,Egypt,International City,Non-Member,2021-01-01
3163,Fan_03163,Non-binary,25-34,UK,Liverpool,Non-Member,2024-10-31
3164,Fan_03164,Female,55+,USA,International City,Junior Member,2023-01-08
3165,Fan_03165,Male,18-24,UK,London,Non-Member,2021-09-21
3166,Fan_03166,Female,25-34,Norway,International City,Premium/Lounge,2022-12-22
3167,Fan_03167,Male,55+,Norway,International City,Non-Member,2023-06-02
3168,Fan_03168,Male,25-34,UK,Liverpool,Non-Member,2021-01-28
3169,Fan_03169,Female,18-24,China,International City,Non-Member,2023-06-03
3170,Fan_03170,Male,25-34,Ireland,International City,Red Member,2022-08-28
3171,Fan_03171,Non-binary,35-44,Ireland,International City,Premium/Lounge,2024-01-27
3172,Fan_03172,Female,35-44,UK,London,Non-Member,2022-01-29
3173,Fan_03173,Non-binary,25-34,UK,London,Premium/Lounge,2021-10-07
3174,Fan_03174,Female,35-44,USA,International City,Full Member,2022-03-16
3175,Fan_03175,Female,Under 18,China,International City,Premium/Lounge,2022-04-07
3176,Fan_03176,Female,55+,UK,Liverpool,Non-Member,2022-07-24
3177,Fan_03177,Female,Under 18,China,International City,Junior Member,2021-02-18
3178,Fan_03178,Female,25-34,UK,Liverpool,Red Member,2020-02-18
3179,Fan_03179,Female,25-34,UK,Liverpool,Full Member,2023-02-20
3180,Fan_03180,Male,18-24,China,International City,Full Member,2022-10-27
3181,Fan_03181,Female,Under 18,USA,International City,Non-Member,2021-05-12
3182,Fan_03182,Female,55+,UK,London,Full Member,2022-08-20
3183,Fan_03183,Female,55+,UK,Liverpool,Junior Member,2022-09-24
3184,Fan_03184,Non-binary,45-54,UK,London,Red Member,2020-05-01
3185,Fan_03185,Female,25-34,UK,London,Red Member,2022-01-26
3186,Fan_03186,Female,Under 18,USA,International City,Red Member,2020-10-02
3187,Fan_03187,Male,25-34,China,International City,Premium/Lounge,2024-02-09
3188,Fan_03188,Male,18-24,USA,International City,Full Member,2021-09-04
3189,Fan_03189,Male,45-54,Thailand,International City,Non-Member,2022-06-16
3190,Fan_03190,Non-binary,55+,UK,London,Non-Member,2023-02-14
3191,Fan_03191,Female,55+,Egypt,International City,Non-Member,2020-10-14
3192,Fan_03192,Male,55+,China,International City,Junior Member,2024-02-22
3193,Fan_03193,Female,35-44,UK,Liverpool,Premium/Lounge,2021-03-15
3194,Fan_03194,Male,35-44,UK,London,Red Member,2021-11-13
3195,Fan_03195,Non-binary,25-34,UK,Liverpool,Non-Member,2023-05-21
3196,Fan_03196,Male,18-24,China,International City,Non-Member,2023-08-08
3197,Fan_03197,Female,35-44,USA,International City,Red Member,2024-06-22
3198,Fan_03198,Male,45-54,UK,Liverpool,Red Member,2020-02-03
3199,Fan_03199,Female,Under 18,Egypt,International City,Red Member,2024-11-23
3200,Fan_03200,Female,25-34,UK,Liverpool,Full Member,2021-11-14
3201,Fan_03201,Male,55+,Ireland,International City,Non-Member,2023-03-03
3202,Fan_03202,Male,45-54,UK,Liverpool,Non-Member,2024-06-23
3203,Fan_03203,Male,45-54,Egypt,International City,Red Member,2023-06-03
3204,Fan_03204,Male,Under 18,Ireland,International City,Premium/Lounge,2023-11-01
3205,Fan_03205,Female,35-44,USA,International City,Red Member,2024-02-22
3206,Fan_03206,Male,18-24,UK,Liverpool,Full Member,2023-03-24
3207,Fan_03207,Non-binary,55+,UK,Liverpool,Red Member,2020-02-13
3208,Fan_03208,Non-binary,25-34,USA,International City,Non-Member,2023-07-01
3209,Fan_03209,Male,25-34,UK,London,Red Member,2020-11-04
3210,Fan_03210,Non-binary,55+,UK,Liverpool,Premium/Lounge,2021-10-30
3211,Fan_03211,Female,55+,Egypt,International City,Junior Member,2021-02-14
3212,Fan_03212,Non-binary,25-34,China,International City,Junior Member,2024-11-11
3213,Fan_03213,Male,18-24,Thailand,International City,Premium/Lounge,2020-10-30
3214,Fan_03214,Male,Under 18,UK,London,Red Member,2023-05-17
3215,Fan_03215,Non-binary,25-34,UK,Liverpool,Non-Member,2021-11-01
3216,Fan_03216,Non-binary,18-24,UK,Liverpool,Non-Member,2021-09-12
3217,Fan_03217,Female,18-24,UK,Liverpool,Non-Member,2024-04-30
3218,Fan_03218,Female,Under 18,UK,London,Red Member,2020-02-22
3219,Fan_03219,Non-binary,55+,USA,International City,Non-Member,2022-02-18
3220,Fan_03220,Female,18-24,UK,Liverpool,Non-Member,2024-04-27
3221,Fan_03221,Male,Under 18,UK,Liverpool,Non-Member,2022-11-03
3222,Fan_03222,Non-binary,45-54,Thailand,International City,Non-Member,2020-11-29
3223,Fan_03223,Male,Under 18,China,International City,Red Member,2024-02-25
3224,Fan_03224,Female,55+,Thailand,International City,Red Member,2022-04-30
3225,Fan_03225,Male,45-54,UK,London,Red Member,2022-09-05
3226,Fan_03226,Female,Under 18,UK,Liverpool,Non-Member,2022-02-17
3227,Fan_03227,Female,Under 18,USA,International City,Red Member,2022-01-08
3228,Fan_03228,Female,55+,UK,Liverpool,Non-Member,2021-04-14
3229,Fan_03229,Male,55+,Australia,International City,Full Member,2024-07-17
3230,Fan_03230,Male,25-34,UK,Liverpool,Junior Member,2023-08-18
3231,Fan_03231,Male,18-24,UK,London,Full Member,2020-01-19
3232,Fan_03232,Male,55+,UK,Liverpool,Red Member,2024-04-10
3233,Fan_03233,Male,55+,UK,London,Full Member,2021-08-23
3234,Fan_03234,Male,35-44,UK,Liverpool,Non-Member,2020-12-23
3235,Fan_03235,Male,55+,Egypt,International City,Junior Member,2021-01-06
3236,Fan_03236,Male,18-24,UK,Liverpool,Non-Member,2022-10-15
3237,Fan_03237,Non-binary,25-34,UK,London,Non-Member,2023-06-27
3238,Fan_03238,Male,25-34,UK,London,Non-Member,2022-08-21
3239,Fan_03239,Male,35-44,UK,Liverpool,Non-Member,2023-01-09
3240,Fan_03240,Non-binary,45-54,UK,Liverpool,Non-Member,2020-11-19
3241,Fan_03241,Male,Under 18,UK,London,Red Member,2020-05-15
3242,Fan_03242,Female,35-44,UK,Liverpool,Red Member,2022-06-20
3243,Fan_03243,Non-binary,Under 18,UK,Liverpool,Non-Member,2022-09-02
3244,Fan_03244,Female,18-24,Norway,International City,Red Member,2023-09-06
3245,Fan_03245,Female,45-54,Egypt,International City,Junior Member,2024-01-07
3246,Fan_03246,Non-binary,45-54,UK,Liverpool,Non-Member,2020-09-14
3247,Fan_03247,Male,18-24,UK,Liverpool,Full Member,2020-06-17
3248,Fan_03248,Male,55+,China,International City,Red Member,2021-08-01
3249,Fan_03249,Male,18-24,Thailand,International City,Non-Member,2021-05-28
3250,Fan_03250,Female,25-34,UK,Liverpool,Junior Member,2022-08-04
3251,Fan_03251,Non-binary,45-54,Australia,International City,Red Member,2023-03-28
3252,Fan_03252,Male,25-34,UK,Liverpool,Red Member,2022-02-06
3253,Fan_03253,Male,45-54,Ireland,International City,Junior Member,2024-10-08
3254,Fan_03254,Female,55+,UK,Liverpool,Non-Member,2024-06-14
3255,Fan_03255,Male,18-24,UK,Liverpool,Full Member,2020-03-10
3256,Fan_03256,Female,Under 18,UK,London,Full Member,2022-09-11
3257,Fan_03257,Female,18-24,Norway,International City,Full Member,2024-11-15
3258,Fan_03258,Female,35-44,Thailand,International City,Non-Member,2022-07-17
3259,Fan_03259,Female,45-54,Thailand,International City,Red Member,2020-08-29
3260,Fan_03260,Female,55+,China,International City,Premium/Lounge,2022-11-19
3261,Fan_03261,Male,25-34,UK,London,Red Member,2024-07-10
3262,Fan_03262,Non-binary,35-44,Norway,International City,Full Member,2020-07-16
3263,Fan_03263,Female,45-54,Australia,International City,Non-Member,2020-05-09
3264,Fan_03264,Male,45-54,UK,Liverpool,Non-Member,2020-07-12
3265,Fan_03265,Male,Under 18,UK,Liverpool,Full Member,2023-12-30
3266,Fan_03266,Female,25-34,UK,London,Red Member,2022-06-12
3267,Fan_03267,Male,45-54,Egypt,International City,Non-Member,2022-03-25
3268,Fan_03268,Male,18-24,Egypt,International City,Junior Member,2021-03-30
3269,Fan_03269,Male,18-24,China,International City,Junior Member,2024-03-04
3270,Fan_03270,Male,45-54,UK,Liverpool,Red Member,2022-12-11
3271,Fan_03271,Female,45-54,UK,Liverpool,Non-Member,2023-11-21
3272,Fan_03272,Male,25-34,Egypt,International City,Non-Member,2020-07-24
3273,Fan_03273,Male,55+,Australia,International City,Full Member,2024-10-25
3274,Fan_03274,Male,55+,Thailand,International City,Non-Member,2023-01-12
3275,Fan_03275,Female,18-24,Thailand,International City,Non-Member,2020-04-10
3276,Fan_03276,Female,35-44,USA,International City,Red Member,2022-05-12
3277,Fan_03277,Female,25-34,Norway,International City,Non-Member,2024-01-17
3278,Fan_03278,Female,55+,UK,London,Full Member,2023-09-30
3279,Fan_03279,Non-binary,45-54,UK,London,Full Member,2020-05-16
3280,Fan_03280,Male,18-24,UK,Liverpool,Red Member,2024-08-11
3281,Fan_03281,Male,35-44,UK,Liverpool,Non-Member,2023-08-16
3282,Fan_03282,Female,45-54,USA,International City,Non-Member,2021-05-24
3283,Fan_03283,Female,18-24,UK,London,Red Member,2020-09-09
3284,Fan_03284,Non-binary,45-54,China,International City,Junior Member,2020-11-06
3285,Fan_03285,Non-binary,25-34,UK,Liverpool,Premium/Lounge,2021-11-01
3286,Fan_03286,Non-binary,25-34,UK,Liverpool,Red Member,2020-07-29
3287,Fan_03287,Non-binary,45-54,China,International City,Red Member,2021-04-20
3288,Fan_03288,Female,25-34,Ireland,International City,Non-Member,2023-01-13
3289,Fan_03289,Non-binary,35-44,China,International City,Non-Member,2020-05-24
3290,Fan_03290,Non-binary,25-34,China,International City,Non-Member,2020-03-24
3291,Fan_03291,Female,Under 18,UK,Liverpool,Full Member,2022-08-13
3292,Fan_03292,Non-binary,18-24,USA,International City,Junior Member,2023-11-17
3293,Fan_03293,Female,18-24,Norway,International City,Red Member,2020-07-30
3294,Fan_03294,Non-binary,45-54,UK,Liverpool,Red Member,2021-05-09
3295,Fan_03295,Female,55+,Australia,International City,Red Member,2022-05-13
3296,Fan_03296,Female,55+,UK,Liverpool,Junior Member,2021-07-18
3297,Fan_03297,Female,35-44,UK,Liverpool,Junior Member,2024-09-08
3298,Fan_03298,Male,Under 18,UK,Liverpool,Non-Member,2023-12-31
3299,Fan_03299,Male,45-54,Norway,International City,Red Member,2021-03-29
3300,Fan_03300,Female,55+,Thailand,International City,Non-Member,2020-07-31
3301,Fan_03301,Non-binary,35-44,China,International City,Full Member,2023-05-27
3302,Fan_03302,Female,45-54,Egypt,International City,Red Member,2024-11-17
3303,Fan_03303,Female,Under 18,Australia,International City,Full Member,2020-08-08
3304,Fan_03304,Non-binary,Under 18,Thailand,International City,Full Member,2020-07-13
3305,Fan_03305,Male,25-34,UK,Liverpool,Full Member,2023-10-09
3306,Fan_03306,Non-binary,35-44,China,International City,Red Member,2024-01-11
3307,Fan_03307,Male,25-34,China,International City,Full Member,2024-06-02
3308,Fan_03308,Female,45-54,USA,International City,Red Member,2020-03-17
3309,Fan_03309,Non-binary,55+,USA,International City,Premium/Lounge,2022-06-03
3310,Fan_03310,Male,18-24,Australia,International City,Full Member,2021-01-05
3311,Fan_03311,Female,Under 18,UK,Liverpool,Non-Member,2022-04-24
3312,Fan_03312,Female,25-34,UK,Liverpool,Junior Member,2021-12-05
3313,Fan_03313,Male,25-34,UK,Liverpool,Red Member,2024-05-24
3314,Fan_03314,Non-binary,55+,UK,London,Non-Member,2024-04-23
3315,Fan_03315,Non-binary,55+,UK,London,Red Member,2024-02-25
3316,Fan_03316,Female,18-24,USA,International City,Red Member,2024-10-20
3317,Fan_03317,Non-binary,45-54,UK,London,Junior Member,2024-07-06
3318,Fan_03318,Female,Under 18,UK,London,Junior Member,2020-07-04
3319,Fan_03319,Female,25-34,Ireland,International City,Full Member,2022-10-15
3320,Fan_03320,Male,35-44,Ireland,International City,Non-Member,2021-06-26
3321,Fan_03321,Female,25-34,China,International City,Red Member,2024-07-08
3322,Fan_03322,Female,18-24,USA,International City,Non-Member,2021-10-23
3323,Fan_03323,Non-binary,25-34,UK,London,Red Member,2023-12-05
3324,Fan_03324,Non-binary,25-34,Ireland,International City,Premium/Lounge,2023-02-20
3325,Fan_03325,Male,35-44,Egypt,International City,Full Member,2023-11-25
3326,Fan_03326,Male,55+,UK,London,Full Member,2024-11-30
3327,Fan_03327,Female,25-34,Ireland,International City,Non-Member,2024-01-06
3328,Fan_03328,Female,18-24,UK,Liverpool,Red Member,2020-07-31
3329,Fan_03329,Female,45-54,China,International City,Full Member,2020-06-17
3330,Fan_03330,Female,Under 18,UK,Liverpool,Non-Member,2023-01-27
3331,Fan_03331,Female,Under 18,UK,Liverpool,Red Member,2021-04-04
3332,Fan_03332,Male,18-24,Australia,International City,Non-Member,2022-06-20
3333,Fan_03333,Male,18-24,Ireland,International City,Non-Member,2021-08-30
3334,Fan_03334,Non-binary,35-44,UK,Liverpool,Red Member,2022-04-28
3335,Fan_03335,Non-binary,45-54,Egypt,International City,Non-Member,2022-04-24
3336,Fan_03336,Non-binary,35-44,UK,Liverpool,Full Member,2023-03-24
3337,Fan_03337,Non-binary,25-34,UK,Liverpool,Non-Member,2022-06-02
3338,Fan_03338,Male,25-34,UK,London,Red Member,2022-01-01
3339,Fan_03339,Male,25-34,UK,Liverpool,Junior Member,2021-05-20
3340,Fan_03340,Non-binary,18-24,Egypt,International City,Non-Member,2024-05-25
3341,Fan_03341,Non-binary,35-44,Norway,International City,Red Member,2021-10-04
3342,Fan_03342,Non-binary,18-24,UK,Liverpool,Junior Member,2021-12-14
3343,Fan_03343,Non-binary,55+,China,International City,Full Member,2024-08-08
3344,Fan_03344,Non-binary,Under 18,UK,Liverpool,Red Member,2023-06-21
3345,Fan_03345,Female,45-54,USA,International City,Red Member,2020-05-12
3346,Fan_03346,Female,45-54,UK,London,Full Member,2020-04-27
3347,Fan_03347,Non-binary,18-24,UK,Liverpool,Non-Member,2023-10-28
3348,Fan_03348,Non-binary,25-34,UK,London,Full Member,2021-05-31
3349,Fan_03349,Male,55+,China,International City,Full Member,2022-10-02
3350,Fan_03350,Non-binary,18-24,USA,International City,Red Member,2021-03-16
3351,Fan_03351,Female,25-34,Ireland,International City,Red Member,2023-11-28
3352,Fan_03352,Female,25-34,Australia,International City,Non-Member,2023-03-13
3353,Fan_03353,Female,18-24,Egypt,International City,Premium/Lounge,2023-01-10
3354,Fan_03354,Non-binary,25-34,Australia,International City,Non-Member,2023-06-02
3355,Fan_03355,Female,45-54,UK,Liverpool,Non-Member,2024-05-05
3356,Fan_03356,Non-binary,35-44,UK,Liverpool,Junior Member,2020-11-26
3357,Fan_03357,Male,18-24,China,International City,Full Member,2024-05-03
3358,Fan_03358,Male,18-24,China,International City,Non-Member,2023-08-22
3359,Fan_03359,Non-binary,Under 18,Norway,International City,Red Member,2020-07-01
3360,Fan_03360,Non-binary,55+,UK,Liverpool,Junior Member,2022-03-04
3361,Fan_03361,Female,55+,USA,International City,Red Member,2020-10-10
3362,Fan_03362,Female,25-34,UK,London,Non-Member,2023-12-19
3363,Fan_03363,Female,35-44,USA,International City,Non-Member,2021-01-12
3364,Fan_03364,Male,25-34,UK,Liverpool,Full Member,2023-07-20
3365,Fan_03365,Male,45-54,UK,London,Non-Member,2020-02-11
3366,Fan_03366,Male,45-54,Thailand,International City,Non-Member,2023-10-30
3367,Fan_03367,Male,45-54,UK,London,Non-Member,2020-01-10
3368,Fan_03368,Male,45-54,UK,London,Full Member,2022-02-06
3369,Fan_03369,Male,55+,UK,Liverpool,Full Member,2022-10-17
3370,Fan_03370,Female,Under 18,UK,Liverpool,Junior Member,2020-11-12
3371,Fan_03371,Female,45-54,Thailand,International City,Non-Member,2022-06-21
3372,Fan_03372,Male,45-54,China,International City,Non-Member,2024-07-25
3373,Fan_03373,Male,45-54,USA,International City,Non-Member,2023-01-05
3374,Fan_03374,Female,25-34,UK,Liverpool,Non-Member,2021-12-15
3375,Fan_03375,Male,45-54,Australia,International City,Red Member,2020-12-08
3376,Fan_03376,Non-binary,18-24,UK,Liverpool,Full Member,2021-11-21
3377,Fan_03377,Non-binary,45-54,USA,International City,Red Member,2024-05-24
3378,Fan_03378,Male,55+,USA,International City,Full Member,2020-05-14
3379,Fan_03379,Male,18-24,UK,London,Red Member,2021-01-20
3380,Fan_03380,Male,25-34,USA,International City,Non-Member,2022-09-10
3381,Fan_03381,Non-binary,45-54,Ireland,International City,Non-Member,2024-10-02
3382,Fan_03382,Male,55+,Egypt,International City,Full Member,2021-10-18
3383,Fan_03383,Non-binary,45-54,Egypt,International City,Junior Member,2022-12-25
3384,Fan_03384,Female,45-54,Egypt,International City,Full Member,2021-02-15
3385,Fan_03385,Female,18-24,UK,London,Non-Member,2023-07-06
3386,Fan_03386,Female,35-44,USA,International City,Red Member,2020-06-17
3387,Fan_03387,Male,35-44,Norway,International City,Non-Member,2021-10-20
3388,Fan_03388,Female,45-54,Egypt,International City,Red Member,2021-09-18
3389,Fan_03389,Female,55+,Norway,International City,Junior Member,2020-04-22
3390,Fan_03390,Male,18-24,Egypt,International City,Non-Member,2021-09-20
3391,Fan_03391,Non-binary,45-54,Thailand,International City,Red Member,2020-12-21
3392,Fan_03392,Female,55+,Ireland,International City,Non-Member,2022-12-30
3393,Fan_03393,Female,35-44,UK,London,Non-Member,2021-12-21
3394,Fan_03394,Male,55+,Egypt,International City,Red Member,2024-02-21
3395,Fan_03395,Non-binary,18-24,Egypt,International City,Red Member,2022-01-29
3396,Fan_03396,Non-binary,Under 18,Australia,International City,Non-Member,2020-07-21
3397,Fan_03397,Male,18-24,USA,International City,Junior Member,2021-10-17
3398,Fan_03398,Female,18-24,UK,Liverpool,Full Member,2023-08-04
3399,Fan_03399,Male,Under 18,Thailand,International City,Red Member,2021-02-25
3400,Fan_03400,Male,25-34,Australia,International City,Non-Member,2021-05-07
3401,Fan_03401,Female,18-24,Ireland,International City,Red Member,2024-08-19
3402,Fan_03402,Female,Under 18,UK,London,Non-Member,2020-10-17
3403,Fan_03403,Male,45-54,Thailand,International City,Junior Member,2021-06-12
3404,Fan_03404,Non-binary,45-54,USA,International City,Junior Member,2024-11-03
3405,Fan_03405,Female,18-24,Ireland,International City,Full Member,2024-02-17
3406,Fan_03406,Male,35-44,UK,Liverpool,Red Member,2022-02-11
3407,Fan_03407,Male,35-44,UK,Liverpool,Non-Member,2023-05-14
3408,Fan_03408,Female,Under 18,UK,Liverpool,Junior Member,2024-04-20
3409,Fan_03409,Male,55+,USA,International City,Junior Member,2021-04-01
3410,Fan_03410,Male,18-24,UK,Liverpool,Red Member,2020-05-16
3411,Fan_03411,Male,55+,UK,Liverpool,Non-Member,2023-10-26
3412,Fan_03412,Non-binary,35-44,China,International City,Non-Member,2023-01-03
3413,Fan_03413,Non-binary,25-34,UK,London,Non-Member,2024-04-07
3414,Fan_03414,Male,Under 18,UK,London,Full Member,2024-09-29
3415,Fan_03415,Male,18-24,Norway,International City,Red Member,2020-03-14
3416,Fan_03416,Female,Under 18,Norway,International City,Non-Member,2021-04-13
3417,Fan_03417,Male,Under 18,UK,Liverpool,Premium/Lounge,2023-11-21
3418,Fan_03418,Non-binary,25-34,UK,London,Red Member,2024-02-21
3419,Fan_03419,Male,55+,UK,Liverpool,Red Member,2024-04-19
3420,Fan_03420,Non-binary,25-34,UK,Liverpool,Non-Member,2023-03-10
3421,Fan_03421,Female,25-34,UK,Liverpool,Non-Member,2021-12-18
3422,Fan_03422,Male,55+,USA,International City,Non-Member,2022-03-12
3423,Fan_03423,Female,45-54,UK,London,Non-Member,2021-04-06
3424,Fan_03424,Female,55+,UK,Liverpool,Junior Member,2022-06-17
3425,Fan_03425,Male,18-24,UK,Liverpool,Full Member,2022-12-18
3426,Fan_03426,Male,45-54,UK,Liverpool,Red Member,2020-04-26
3427,Fan_03427,Female,45-54,UK,Liverpool,Red Member,2020-02-05
3428,Fan_03428,Non-binary,18-24,Thailand,International City,Junior Member,2021-10-20
3429,Fan_03429,Male,55+,UK,London,Non-Member,2020-01-13
3430,Fan_03430,Male,35-44,UK,London,Premium/Lounge,2023-03-07
3431,Fan_03431,Non-binary,Under 18,UK,Liverpool,Full Member,2023-01-22
3432,Fan_03432,Female,45-54,UK,London,Full Member,2022-03-01
3433,Fan_03433,Female,35-44,UK,Liverpool,Premium/Lounge,2021-05-01
3434,Fan_03434,Female,45-54,Australia,International City,Non-Member,2021-12-07
3435,Fan_03435,Female,35-44,Ireland,International City,Non-Member,2022-07-19
3436,Fan_03436,Female,18-24,Egypt,International City,Non-Member,2021-08-10
3437,Fan_03437,Non-binary,18-24,Ireland,International City,Red Member,2021-06-10
3438,Fan_03438,Male,35-44,UK,London,Non-Member,2020-10-21
3439,Fan_03439,Non-binary,45-54,UK,Liverpool,Non-Member,2022-04-03
3440,Fan_03440,Female,18-24,UK,Liverpool,Red Member,2022-05-12
3441,Fan_03441,Female,55+,USA,International City,Red Member,2022-06-28
3442,Fan_03442,Female,25-34,UK,Liverpool,Junior Member,2022-03-27
3443,Fan_03443,Male,18-24,UK,Liverpool,Non-Member,2023-12-30
3444,Fan_03444,Non-binary,55+,UK,Liverpool,Full Member,2022-01-14
3445,Fan_03445,Non-binary,35-44,USA,International City,Red Member,2023-08-11
3446,Fan_03446,Male,35-44,UK,London,Non-Member,2023-01-16
3447,Fan_03447,Female,25-34,Ireland,International City,Premium/Lounge,2024-11-16
3448,Fan_03448,Female,Under 18,Thailand,International City,Non-Member,2021-03-20
3449,Fan_03449,Male,55+,UK,Liverpool,Red Member,2022-11-25
3450,Fan_03450,Male,35-44,USA,International City,Non-Member,2023-11-22
3451,Fan_03451,Non-binary,18-24,UK,London,Non-Member,2024-03-07
3452,Fan_03452,Non-binary,18-24,Australia,International City,Full Member,2022-04-03
3453,Fan_03453,Male,18-24,Thailand,International City,Red Member,2021-10-10
3454,Fan_03454,Male,55+,USA,International City,Non-Member,2024-04-10
3455,Fan_03455,Female,45-54,Norway,International City,Premium/Lounge,2023-06-08
3456,Fan_03456,Non-binary,55+,Egypt,International City,Non-Member,2023-10-16
3457,Fan_03457,Male,Under 18,UK,Liverpool,Non-Member,2024-10-31
3458,Fan_03458,Male,25-34,UK,London,Red Member,2021-02-19
3459,Fan_03459,Male,18-24,China,International City,Non-Member,2024-09-17
3460,Fan_03460,Female,45-54,UK,London,Red Member,2022-08-30
3461,Fan_03461,Female,25-34,UK,Liverpool,Non-Member,2024-07-01
3462,Fan_03462,Male,18-24,Egypt,International City,Non-Member,2022-04-30
3463,Fan_03463,Non-binary,35-44,UK,Liverpool,Non-Member,2023-02-24
3464,Fan_03464,Non-binary,35-44,Egypt,International City,Junior Member,2021-07-29
3465,Fan_03465,Male,Under 18,Australia,International City,Full Member,2020-10-27
3466,Fan_03466,Male,Under 18,USA,International City,Non-Member,2022-02-19
3467,Fan_03467,Female,35-44,Norway,International City,Non-Member,2024-04-20
3468,Fan_03468,Female,35-44,UK,Liverpool,Full Member,2023-03-17
3469,Fan_03469,Male,35-44,UK,Liverpool,Junior Member,2023-03-06
3470,Fan_03470,Male,25-34,UK,Liverpool,Non-Member,2020-12-28
3471,Fan_03471,Non-binary,35-44,UK,Liverpool,Non-Member,2020-08-15
3472,Fan_03472,Male,55+,Australia,International City,Red Member,2021-08-21
3473,Fan_03473,Male,25-34,China,International City,Full Member,2024-06-25
3474,Fan_03474,Male,45-54,Norway,International City,Full Member,2022-05-05
3475,Fan_03475,Female,18-24,UK,London,Red Member,2021-07-27
3476,Fan_03476,Male,35-44,Egypt,International City,Red Member,2020-12-07
3477,Fan_03477,Non-binary,25-34,UK,Liverpool,Non-Member,2022-07-08
3478,Fan_03478,Female,Under 18,USA,International City,Non-Member,2024-03-15
3479,Fan_03479,Non-binary,35-44,China,International City,Full Member,2020-06-13
3480,Fan_03480,Male,45-54,UK,Liverpool,Non-Member,2024-02-13
3481,Fan_03481,Male,25-34,Thailand,International City,Red Member,2021-02-12
3482,Fan_03482,Female,35-44,Norway,International City,Non-Member,2023-11-24
3483,Fan_03483,Female,55+,Australia,International City,Red Member,2021-11-18
3484,Fan_03484,Female,35-44,UK,Liverpool,Junior Member,2021-12-01
3485,Fan_03485,Non-binary,25-34,UK,Liverpool,Full Member,2021-01-30
3486,Fan_03486,Female,25-34,Norway,International City,Non-Member,2022-07-10
3487,Fan_03487,Male,55+,Australia,International City,Red Member,2024-10-30
3488,Fan_03488,Male,Under 18,Egypt,International City,Non-Member,2024-07-09
3489,Fan_03489,Male,18-24,China,International City,Non-Member,2020-12-28
3490,Fan_03490,Non-binary,18-24,UK,London,Premium/Lounge,2020-06-27
3491,Fan_03491,Male,55+,UK,London,Red Member,2024-11-17
3492,Fan_03492,Male,18-24,Thailand,International City,Full Member,2023-07-06
3493,Fan_03493,Non-binary,25-34,USA,International City,Junior Member,2020-08-04
3494,Fan_03494,Male,Under 18,Thailand,International City,Junior Member,2020-10-11
3495,Fan_03495,Male,18-24,UK,Liverpool,Non-Member,2024-01-10
3496,Fan_03496,Non-binary,18-24,UK,London,Non-Member,2020-04-12
3497,Fan_03497,Male,35-44,China,International City,Red Member,2023-07-04
3498,Fan_03498,Male,35-44,Egypt,International City,Non-Member,2023-12-21
3499,Fan_03499,Non-binary,55+,Norway,International City,Non-Member,2022-08-18
3500,Fan_03500,Non-binary,Under 18,UK,Liverpool,Red Member,2021-01-13
3501,Fan_03501,Male,Under 18,Norway,International City,Non-Member,2021-02-08
3502,Fan_03502,Non-binary,45-54,UK,London,Non-Member,2023-12-04
3503,Fan_03503,Male,18-24,UK,Liverpool,Non-Member,2024-10-03
3504,Fan_03504,Male,18-24,UK,Liverpool,Red Member,2023-07-25
3505,Fan_03505,Female,45-54,Thailand,International City,Red Member,2022-11-03
3506,Fan_03506,Female,18-24,Ireland,International City,Red Member,2021-05-28
3507,Fan_03507,Non-binary,Under 18,UK,Liverpool,Full Member,2023-10-31
3508,Fan_03508,Male,Under 18,UK,London,Non-Member,2020-05-08
3509,Fan_03509,Female,55+,Norway,International City,Non-Member,2023-06-23
3510,Fan_03510,Female,Under 18,China,International City,Junior Member,2024-04-14
3511,Fan_03511,Female,Under 18,China,International City,Premium/Lounge,2023-10-13
3512,Fan_03512,Female,55+,UK,London,Junior Member,2023-05-25
3513,Fan_03513,Male,45-54,Australia,International City,Non-Member,2024-01-29
3514,Fan_03514,Non-binary,35-44,UK,Liverpool,Red Member,2022-10-20
3515,Fan_03515,Female,45-54,UK,Liverpool,Premium/Lounge,2021-01-24
3516,Fan_03516,Male,55+,UK,Liverpool,Red Member,2022-04-19
3517,Fan_03517,Female,25-34,USA,International City,Red Member,2022-08-07
3518,Fan_03518,Female,18-24,USA,International City,Non-Member,2024-02-20
3519,Fan_03519,Female,35-44,China,International City,Non-Member,2024-11-23
3520,Fan_03520,Female,55+,UK,Liverpool,Non-Member,2022-03-29
3521,Fan_03521,Non-binary,18-24,UK,London,Non-Member,2023-04-29
3522,Fan_03522,Male,35-44,UK,London,Red Member,2020-11-02
3523,Fan_03523,Male,35-44,UK,London,Red Member,2020-11-20
3524,Fan_03524,Non-binary,25-34,UK,Liverpool,Non-Member,2021-01-24
3525,Fan_03525,Non-binary,55+,Norway,International City,Red Member,2022-06-05
3526,Fan_03526,Male,35-44,USA,International City,Junior Member,2020-05-02
3527,Fan_03527,Male,25-34,UK,Liverpool,Junior Member,2022-09-03
3528,Fan_03528,Female,18-24,Thailand,International City,Non-Member,2022-11-28
3529,Fan_03529,Male,35-44,Norway,International City,Red Member,2020-01-27
3530,Fan_03530,Female,55+,UK,Liverpool,Non-Member,2023-11-01
3531,Fan_03531,Female,45-54,Thailand,International City,Non-Member,2023-05-11
3532,Fan_03532,Female,55+,UK,Liverpool,Red Member,2024-07-10
3533,Fan_03533,Male,25-34,Australia,International City,Full Member,2022-08-27
3534,Fan_03534,Female,35-44,UK,London,Non-Member,2021-03-04
3535,Fan_03535,Female,55+,UK,Liverpool,Red Member,2024-05-30
3536,Fan_03536,Non-binary,25-34,UK,Liverpool,Junior Member,2021-02-02
3537,Fan_03537,Non-binary,45-54,UK,Liverpool,Non-Member,2023-12-21
3538,Fan_03538,Non-binary,18-24,Thailand,International City,Non-Member,2022-09-27
3539,Fan_03539,Female,Under 18,Egypt,International City,Red Member,2022-11-12
3540,Fan_03540,Male,45-54,UK,London,Red Member,2020-06-15
3541,Fan_03541,Female,35-44,Egypt,International City,Full Member,2024-01-30
3542,Fan_03542,Female,18-24,UK,London,Premium/Lounge,2021-07-19
3543,Fan_03543,Male,25-34,China,International City,Premium/Lounge,2020-04-30
3544,Fan_03544,Male,18-24,Norway,International City,Full Member,2020-01-07
3545,Fan_03545,Non-binary,35-44,UK,London,Full Member,2020-10-26
3546,Fan_03546,Female,25-34,UK,Liverpool,Full Member,2023-01-03
3547,Fan_03547,Non-binary,18-24,UK,Liverpool,Full Member,2023-05-24
3548,Fan_03548,Male,55+,UK,London,Non-Member,2022-12-08
3549,Fan_03549,Female,18-24,Norway,International City,Red Member,2022-05-16
3550,Fan_03550,Male,25-34,Australia,International City,Non-Member,2021-02-22
3551,Fan_03551,Male,55+,UK,London,Full Member,2024-04-10
3552,Fan_03552,Male,25-34,USA,International City,Red Member,2024-05-07
3553,Fan_03553,Female,45-54,UK,Liverpool,Non-Member,2023-05-01
3554,Fan_03554,Female,Under 18,USA,International City,Non-Member,2022-07-22
3555,Fan_03555,Non-binary,35-44,UK,London,Non-Member,2020-11-29
3556,Fan_03556,Male,25-34,Thailand,International City,Non-Member,2020-09-10
3557,Fan_03557,Non-binary,35-44,UK,Liverpool,Red Member,2020-10-17
3558,Fan_03558,Female,45-54,UK,Liverpool,Non-Member,2023-07-11
3559,Fan_03559,Non-binary,25-34,USA,International City,Red Member,2020-12-30
3560,Fan_03560,Male,55+,UK,Liverpool,Non-Member,2021-10-25
3561,Fan_03561,Non-binary,Under 18,Egypt,International City,Red Member,2020-04-24
3562,Fan_03562,Non-binary,55+,China,International City,Non-Member,2022-10-14
3563,Fan_03563,Male,18-24,UK,Liverpool,Non-Member,2022-12-06
3564,Fan_03564,Male,Under 18,UK,Liverpool,Premium/Lounge,2022-01-07
3565,Fan_03565,Female,25-34,UK,London,Premium/Lounge,2020-05-22
3566,Fan_03566,Female,45-54,Norway,International City,Non-Member,2022-12-10
3567,Fan_03567,Non-binary,35-44,USA,International City,Junior Member,2020-11-13
3568,Fan_03568,Male,18-24,Egypt,International City,Red Member,2020-11-21
3569,Fan_03569,Female,18-24,UK,Liverpool,Non-Member,2020-04-25
3570,Fan_03570,Non-binary,45-54,Ireland,International City,Non-Member,2020-04-17
3571,Fan_03571,Non-binary,18-24,Ireland,International City,Red Member,2020-03-27
3572,Fan_03572,Male,18-24,UK,London,Non-Member,2022-10-22
3573,Fan_03573,Non-binary,55+,UK,London,Red Member,2020-02-09
3574,Fan_03574,Female,35-44,Egypt,International City,Non-Member,2023-10-03
3575,Fan_03575,Non-binary,35-44,China,International City,Full Member,2020-05-19
3576,Fan_03576,Male,18-24,UK,London,Non-Member,2023-04-08
3577,Fan_03577,Male,25-34,Norway,International City,Junior Member,2020-06-14
3578,Fan_03578,Female,45-54,Thailand,International City,Non-Member,2022-03-24
3579,Fan_03579,Male,55+,UK,London,Premium/Lounge,2023-06-29
3580,Fan_03580,Female,45-54,UK,London,Red Member,2020-11-23
3581,Fan_03581,Female,25-34,UK,Liverpool,Non-Member,2021-10-31
3582,Fan_03582,Non-binary,25-34,UK,London,Red Member,2020-02-29
3583,Fan_03583,Non-binary,55+,USA,International City,Junior Member,2022-11-14
3584,Fan_03584,Female,18-24,China,International City,Non-Member,2020-08-18
3585,Fan_03585,Male,55+,UK,London,Non-Member,2021-02-13
3586,Fan_03586,Non-binary,55+,China,International City,Premium/Lounge,2021-09-03
3587,Fan_03587,Non-binary,18-24,Australia,International City,Full Member,2024-08-01
3588,Fan_03588,Male,55+,UK,London,Full Member,2021-04-15
3589,Fan_03589,Female,18-24,Egypt,International City,Red Member,2020-02-18
3590,Fan_03590,Male,25-34,UK,London,Non-Member,2022-10-20
3591,Fan_03591,Female,55+,China,International City,Red Member,2022-07-26
3592,Fan_03592,Non-binary,18-24,USA,International City,Red Member,2022-09-10
3593,Fan_03593,Non-binary,25-34,Egypt,International City,Junior Member,2024-10-21
3594,Fan_03594,Male,Under 18,UK,London,Non-Member,2023-06-22
3595,Fan_03595,Female,Under 18,UK,Liverpool,Non-Member,2022-06-30
3596,Fan_03596,Male,Under 18,UK,Liverpool,Non-Member,2022-01-23
3597,Fan_03597,Female,55+,UK,Liverpool,Red Member,2020-06-04
3598,Fan_03598,Male,25-34,UK,Liverpool,Premium/Lounge,2020-03-12
3599,Fan_03599,Female,35-44,UK,London,Non-Member,2020-09-03
3600,Fan_03600,Non-binary,55+,Ireland,International City,Non-Member,2022-09-02
3601,Fan_03601,Male,55+,UK,London,Non-Member,2022-07-21
3602,Fan_03602,Non-binary,45-54,Thailand,International City,Non-Member,2021-07-07
3603,Fan_03603,Female,Under 18,UK,Liverpool,Junior Member,2023-11-17
3604,Fan_03604,Female,55+,UK,London,Red Member,2020-03-02
3605,Fan_03605,Female,35-44,UK,Liverpool,Non-Member,2020-01-28
3606,Fan_03606,Male,55+,Thailand,International City,Non-Member,2024-04-25
3607,Fan_03607,Non-binary,35-44,UK,Liverpool,Non-Member,2024-06-30
3608,Fan_03608,Female,18-24,UK,London,Non-Member,2023-11-13
3609,Fan_03609,Male,55+,USA,International City,Non-Member,2024-11-23
3610,Fan_03610,Female,45-54,Egypt,International City,Junior Member,2022-09-27
3611,Fan_03611,Non-binary,Under 18,UK,Liverpool,Non-Member,2022-01-15
3612,Fan_03612,Female,35-44,UK,Liverpool,Red Member,2020-12-01
3613,Fan_03613,Female,55+,UK,Liverpool,Full Member,2023-01-12
3614,Fan_03614,Non-binary,25-34,UK,London,Red Member,2020-12-22
3615,Fan_03615,Female,25-34,Thailand,International City,Red Member,2021-12-12
3616,Fan_03616,Female,18-24,China,International City,Junior Member,2024-03-19
3617,Fan_03617,Non-binary,45-54,Norway,International City,Red Member,2022-01-07
3618,Fan_03618,Male,45-54,USA,International City,Non-Member,2020-10-08
3619,Fan_03619,Non-binary,35-44,UK,Liverpool,Red Member,2024-03-23
3620,Fan_03620,Non-binary,18-24,Egypt,International City,Non-Member,2021-12-04
3621,Fan_03621,Non-binary,18-24,Norway,International City,Full Member,2021-11-30
3622,Fan_03622,Non-binary,55+,Egypt,International City,Non-Member,2024-10-09
3623,Fan_03623,Male,18-24,Thailand,International City,Junior Member,2022-03-22
3624,Fan_03624,Male,45-54,UK,Liverpool,Red Member,2020-03-26
3625,Fan_03625,Male,45-54,Egypt,International City,Non-Member,2021-06-05
3626,Fan_03626,Non-binary,18-24,Egypt,International City,Junior Member,2021-04-09
3627,Fan_03627,Non-binary,25-34,Australia,International City,Red Member,2020-08-27
3628,Fan_03628,Female,45-54,UK,Liverpool,Red Member,2022-12-07
3629,Fan_03629,Female,18-24,Ireland,International City,Full Member,2021-12-20
3630,Fan_03630,Female,55+,China,International City,Premium/Lounge,2020-08-05
3631,Fan_03631,Female,18-24,UK,Liverpool,Junior Member,2024-03-22
3632,Fan_03632,Non-binary,Under 18,UK,Liverpool,Red Member,2020-10-22
3633,Fan_03633,Female,18-24,UK,Liverpool,Premium/Lounge,2022-04-11
3634,Fan_03634,Non-binary,55+,UK,Liverpool,Non-Member,2024-07-26
3635,Fan_03635,Male,25-34,UK,London,Non-Member,2021-02-28
3636,Fan_03636,Non-binary,Under 18,UK,Liverpool,Non-Member,2021-06-03
3637,Fan_03637,Male,35-44,USA,International City,Red Member,2023-09-16
3638,Fan_03638,Male,55+,USA,International City,Full Member,2021-09-06
3639,Fan_03639,Male,25-34,UK,London,Red Member,2023-06-22
3640,Fan_03640,Female,55+,Thailand,International City,Full Member,2023-04-30
3641,Fan_03641,Male,35-44,UK,Liverpool,Red Member,2021-12-20
3642,Fan_03642,Female,35-44,UK,London,Premium/Lounge,2023-01-08
3643,Fan_03643,Male,35-44,China,International City,Junior Member,2023-04-17
3644,Fan_03644,Female,55+,Thailand,International City,Red Member,2020-02-25
3645,Fan_03645,Female,Under 18,UK,London,Red Member,2021-05-31
3646,Fan_03646,Male,Under 18,Egypt,International City,Non-Member,2024-01-23
3647,Fan_03647,Non-binary,Under 18,China,International City,Red Member,2022-02-16
3648,Fan_03648,Female,18-24,China,International City,Full Member,2022-08-19
3649,Fan_03649,Non-binary,55+,UK,London,Red Member,2021-03-19
3650,Fan_03650,Female,Under 18,Thailand,International City,Non-Member,2023-11-01
3651,Fan_03651,Non-binary,Under 18,UK,Liverpool,Red Member,2022-06-29
3652,Fan_03652,Female,25-34,UK,Liverpool,Junior Member,2023-03-03
3653,Fan_03653,Non-binary,55+,UK,Liverpool,Junior Member,2020-04-09
3654,Fan_03654,Non-binary,45-54,UK,Liverpool,Red Member,2020-12-22
3655,Fan_03655,Female,18-24,USA,International City,Non-Member,2021-08-17
3656,Fan_03656,Female,35-44,Thailand,International City,Non-Member,2023-11-07
3657,Fan_03657,Male,18-24,UK,Liverpool,Red Member,2022-09-22
3658,Fan_03658,Non-binary,55+,UK,London,Non-Member,2024-05-01
3659,Fan_03659,Male,18-24,UK,London,Red Member,2024-11-07
3660,Fan_03660,Non-binary,35-44,Australia,International City,Non-Member,2024-01-01
3661,Fan_03661,Non-binary,Under 18,USA,International City,Non-Member,2020-12-02
3662,Fan_03662,Non-binary,45-54,UK,London,Non-Member,2022-06-16
3663,Fan_03663,Female,55+,Norway,International City,Red Member,2020-02-12
3664,Fan_03664,Non-binary,55+,China,International City,Red Member,2023-07-24
3665,Fan_03665,Male,35-44,Egypt,International City,Red Member,2020-03-09
3666,Fan_03666,Non-binary,35-44,UK,Liverpool,Non-Member,2020-05-13
3667,Fan_03667,Non-binary,25-34,UK,London,Red Member,2022-04-01
3668,Fan_03668,Male,18-24,Norway,International City,Non-Member,2020-02-19
3669,Fan_03669,Male,55+,UK,London,Non-Member,2022-07-02
3670,Fan_03670,Non-binary,25-34,Ireland,International City,Full Member,2021-06-22
3671,Fan_03671,Male,55+,Norway,International City,Non-Member,2023-04-07
3672,Fan_03672,Male,45-54,USA,International City,Non-Member,2021-04-20
3673,Fan_03673,Male,55+,UK,London,Junior Member,2022-03-11
3674,Fan_03674,Non-binary,Under 18,UK,London,Non-Member,2022-12-10
3675,Fan_03675,Female,45-54,Australia,International City,Red Member,2020-01-19
3676,Fan_03676,Male,25-34,UK,Liverpool,Non-Member,2024-10-28
3677,Fan_03677,Male,18-24,Norway,International City,Full Member,2022-08-30
3678,Fan_03678,Female,18-24,Norway,International City,Non-Member,2020-12-19
3679,Fan_03679,Non-binary,45-54,UK,Liverpool,Non-Member,2020-10-26
3680,Fan_03680,Male,45-54,Australia,International City,Non-Member,2024-10-29
3681,Fan_03681,Male,35-44,China,International City,Red Member,2020-05-28
3682,Fan_03682,Male,18-24,Egypt,International City,Full Member,2024-03-22
3683,Fan_03683,Non-binary,25-34,USA,International City,Non-Member,2024-08-22
3684,Fan_03684,Female,Under 18,UK,Liverpool,Red Member,2024-05-17
3685,Fan_03685,Male,18-24,USA,International City,Junior Member,2024-01-27
3686,Fan_03686,Non-binary,18-24,UK,London,Premium/Lounge,2020-09-17
3687,Fan_03687,Non-binary,45-54,Norway,International City,Red Member,2023-08-16
3688,Fan_03688,Non-binary,18-24,China,International City,Non-Member,2023-05-11
3689,Fan_03689,Female,35-44,Egypt,International City,Premium/Lounge,2020-06-02
3690,Fan_03690,Non-binary,Under 18,USA,International City,Red Member,2020-05-15
3691,Fan_03691,Male,55+,Egypt,International City,Premium/Lounge,2020-10-25
3692,Fan_03692,Non-binary,Under 18,China,International City,Red Member,2021-07-22
3693,Fan_03693,Female,35-44,USA,International City,Full Member,2024-07-10
3694,Fan_03694,Non-binary,45-54,UK,London,Red Member,2021-09-23
3695,Fan_03695,Non-binary,35-44,Norway,International City,Red Member,2024-03-31
3696,Fan_03696,Non-binary,55+,Australia,International City,Full Member,2023-10-29
3697,Fan_03697,Non-binary,55+,Thailand,International City,Full Member,2020-10-08
3698,Fan_03698,Female,Under 18,Norway,International City,Junior Member,2022-09-29
3699,Fan_03699,Non-binary,55+,UK,Liverpool,Non-Member,2021-05-30
3700,Fan_03700,Female,25-34,Ireland,International City,Non-Member,2023-05-02
3701,Fan_03701,Male,25-34,Egypt,International City,Red Member,2021-05-05
3702,Fan_03702,Male,25-34,Egypt,International City,Non-Member,2021-01-27
3703,Fan_03703,Female,25-34,UK,Liverpool,Non-Member,2023-05-09
3704,Fan_03704,Non-binary,55+,USA,International City,Non-Member,2024-04-22
3705,Fan_03705,Male,55+,Thailand,International City,Non-Member,2021-01-24
3706,Fan_03706,Non-binary,25-34,Australia,International City,Junior Member,2023-01-16
3707,Fan_03707,Female,18-24,Egypt,International City,Red Member,2023-04-06
3708,Fan_03708,Male,Under 18,Egypt,International City,Junior Member,2024-01-20
3709,Fan_03709,Male,45-54,UK,Liverpool,Full Member,2024-08-27
3710,Fan_03710,Non-binary,35-44,UK,London,Red Member,2021-05-18
3711,Fan_03711,Female,55+,USA,International City,Non-Member,2023-03-09
3712,Fan_03712,Non-binary,25-34,USA,International City,Non-Member,2021-06-05
3713,Fan_03713,Male,25-34,Thailand,International City,Non-Member,2022-02-10
3714,Fan_03714,Female,Under 18,Egypt,International City,Non-Member,2021-01-21
3715,Fan_03715,Female,45-54,UK,Liverpool,Full Member,2024-08-08
3716,Fan_03716,Female,18-24,UK,Liverpool,Non-Member,2020-04-14
3717,Fan_03717,Non-binary,35-44,USA,International City,Full Member,2020-08-09
3718,Fan_03718,Female,35-44,Norway,International City,Red Member,2020-09-01
3719,Fan_03719,Female,Under 18,UK,London,Non-Member,2024-10-01
3720,Fan_03720,Non-binary,45-54,UK,London,Non-Member,2020-09-17
3721,Fan_03721,Non-binary,35-44,UK,Liverpool,Non-Member,2020-03-22
3722,Fan_03722,Non-binary,Under 18,Ireland,International City,Non-Member,2020-08-16
3723,Fan_03723,Non-binary,25-34,UK,Liverpool,Non-Member,2022-05-30
3724,Fan_03724,Non-binary,45-54,UK,London,Full Member,2024-03-19
3725,Fan_03725,Female,18-24,UK,Liverpool,Non-Member,2020-02-17
3726,Fan_03726,Non-binary,25-34,Egypt,International City,Premium/Lounge,2021-03-26
3727,Fan_03727,Female,18-24,UK,Liverpool,Red Member,2023-06-16
3728,Fan_03728,Male,45-54,UK,Liverpool,Junior Member,2023-06-11
3729,Fan_03729,Male,Under 18,UK,Liverpool,Non-Member,2024-09-27
3730,Fan_03730,Male,18-24,USA,International City,Red Member,2023-06-02
3731,Fan_03731,Male,25-34,UK,Liverpool,Non-Member,2020-01-07
3732,Fan_03732,Female,45-54,UK,Liverpool,Full Member,2024-10-05
3733,Fan_03733,Male,Under 18,UK,Liverpool,Non-Member,2022-04-16
3734,Fan_03734,Female,35-44,China,International City,Non-Member,2024-02-22
3735,Fan_03735,Female,Under 18,UK,Liverpool,Red Member,2024-04-15
3736,Fan_03736,Non-binary,35-44,UK,London,Red Member,2024-06-05
3737,Fan_03737,Female,25-34,Egypt,International City,Non-Member,2022-10-19
3738,Fan_03738,Non-binary,35-44,Norway,International City,Red Member,2023-05-27
3739,Fan_03739,Non-binary,Under 18,UK,London,Full Member,2024-09-10
3740,Fan_03740,Non-binary,35-44,Australia,International City,Non-Member,2024-06-01
3741,Fan_03741,Male,18-24,USA,International City,Red Member,2021-12-24
3742,Fan_03742,Female,18-24,USA,International City,Junior Member,2021-08-18
3743,Fan_03743,Female,Under 18,UK,London,Junior Member,2023-02-27
3744,Fan_03744,Male,35-44,UK,Liverpool,Junior Member,2024-06-26
3745,Fan_03745,Female,25-34,UK,London,Red Member,2020-02-11
3746,Fan_03746,Female,55+,Norway,International City,Red Member,2022-05-18
3747,Fan_03747,Female,18-24,UK,Liverpool,Non-Member,2022-01-20
3748,Fan_03748,Male,18-24,UK,Liverpool,Full Member,2023-08-13
3749,Fan_03749,Non-binary,45-54,Egypt,International City,Non-Member,2024-09-28
3750,Fan_03750,Female,Under 18,UK,Liverpool,Premium/Lounge,2021-04-13
3751,Fan_03751,Male,Under 18,UK,Liverpool,Full Member,2023-11-25
3752,Fan_03752,Male,25-34,Egypt,International City,Non-Member,2022-12-11
3753,Fan_03753,Female,18-24,UK,Liverpool,Red Member,2021-07-24
3754,Fan_03754,Female,18-24,UK,London,Red Member,2020-05-16
3755,Fan_03755,Non-binary,Under 18,UK,Liverpool,Full Member,2023-09-02
3756,Fan_03756,Male,25-34,China,International City,Full Member,2022-08-21
3757,Fan_03757,Male,18-24,USA,International City,Non-Member,2024-07-12
3758,Fan_03758,Male,Under 18,UK,Liverpool,Premium/Lounge,2020-07-26
3759,Fan_03759,Male,45-54,UK,Liverpool,Non-Member,2024-05-14
3760,Fan_03760,Non-binary,25-34,USA,International City,Junior Member,2021-01-01
3761,Fan_03761,Male,18-24,UK,Liverpool,Non-Member,2021-10-28
3762,Fan_03762,Non-binary,Under 18,UK,Liverpool,Red Member,2022-10-30
3763,Fan_03763,Male,Under 18,UK,London,Red Member,2020-11-15
3764,Fan_03764,Non-binary,25-34,UK,London,Full Member,2024-05-22
3765,Fan_03765,Female,18-24,UK,Liverpool,Junior Member,2020-08-13
3766,Fan_03766,Male,18-24,China,International City,Full Member,2023-05-26
3767,Fan_03767,Male,Under 18,China,International City,Red Member,2020-10-05
3768,Fan_03768,Non-binary,35-44,UK,London,Junior Member,2024-03-24
3769,Fan_03769,Non-binary,45-54,USA,International City,Junior Member,2022-04-07
3770,Fan_03770,Female,55+,Egypt,International City,Red Member,2021-12-25
3771,Fan_03771,Non-binary,55+,Thailand,International City,Premium/Lounge,2022-04-09
3772,Fan_03772,Female,45-54,China,International City,Red Member,2020-12-07
3773,Fan_03773,Female,18-24,Norway,International City,Non-Member,2021-02-27
3774,Fan_03774,Female,25-34,UK,Liverpool,Non-Member,2023-05-22
3775,Fan_03775,Female,35-44,USA,International City,Non-Member,2022-02-04
3776,Fan_03776,Male,Under 18,UK,London,Non-Member,2022-06-10
3777,Fan_03777,Non-binary,18-24,China,International City,Red Member,2024-11-06
3778,Fan_03778,Non-binary,18-24,Thailand,International City,Full Member,2024-06-13
3779,Fan_03779,Male,Under 18,UK,London,Non-Member,2022-06-18
3780,Fan_03780,Female,55+,UK,Liverpool,Red Member,2022-01-30
3781,Fan_03781,Female,Under 18,UK,Liverpool,Non-Member,2020-10-25
3782,Fan_03782,Male,25-34,Ireland,International City,Red Member,2020-04-18
3783,Fan_03783,Female,55+,UK,Liverpool,Red Member,2020-06-08
3784,Fan_03784,Female,25-34,Thailand,International City,Red Member,2023-02-03
3785,Fan_03785,Male,35-44,Norway,International City,Non-Member,2021-12-22
3786,Fan_03786,Non-binary,18-24,UK,London,Non-Member,2020-07-26
3787,Fan_03787,Non-binary,25-34,UK,Liverpool,Non-Member,2020-02-20
3788,Fan_03788,Male,55+,Egypt,International City,Red Member,2022-01-30
3789,Fan_03789,Female,45-54,UK,Liverpool,Red Member,2021-12-11
3790,Fan_03790,Female,25-34,Thailand,International City,Red Member,2020-04-14
3791,Fan_03791,Non-binary,Under 18,Egypt,International City,Red Member,2024-04-02
3792,Fan_03792,Female,45-54,Norway,International City,Non-Member,2023-09-26
3793,Fan_03793,Non-binary,55+,China,International City,Premium/Lounge,2023-03-05
3794,Fan_03794,Male,18-24,Norway,International City,Red Member,2021-11-07
3795,Fan_03795,Non-binary,35-44,Ireland,International City,Junior Member,2024-01-19
3796,Fan_03796,Female,18-24,Ireland,International City,Non-Member,2024-04-09
3797,Fan_03797,Female,25-34,UK,London,Red Member,2021-03-27
3798,Fan_03798,Male,18-24,UK,London,Non-Member,2022-05-06
3799,Fan_03799,Male,35-44,Egypt,International City,Non-Member,2022-05-24
3800,Fan_03800,Non-binary,25-34,Egypt,International City,Non-Member,2020-01-02
3801,Fan_03801,Male,25-34,UK,London,Junior Member,2022-09-15
3802,Fan_03802,Male,55+,UK,London,Red Member,2020-08-21
3803,Fan_03803,Female,45-54,UK,Liverpool,Junior Member,2022-02-01
3804,Fan_03804,Female,45-54,Norway,International City,Full Member,2023-01-27
3805,Fan_03805,Female,55+,China,International City,Junior Member,2021-10-30
3806,Fan_03806,Male,55+,Egypt,International City,Junior Member,2024-09-06
3807,Fan_03807,Non-binary,45-54,China,International City,Junior Member,2021-07-25
3808,Fan_03808,Male,18-24,Thailand,International City,Non-Member,2022-06-07
3809,Fan_03809,Female,25-34,Norway,International City,Red Member,2021-09-07
3810,Fan_03810,Non-binary,35-44,Norway,International City,Non-Member,2023-04-26
3811,Fan_03811,Female,Under 18,UK,Liverpool,Non-Member,2023-02-10
3812,Fan_03812,Male,18-24,UK,Liverpool,Red Member,2020-11-09
3813,Fan_03813,Non-binary,25-34,UK,Liverpool,Red Member,2024-02-29
3814,Fan_03814,Female,45-54,USA,International City,Red Member,2021-09-04
3815,Fan_03815,Non-binary,35-44,UK,London,Full Member,2020-05-15
3816,Fan_03816,Female,Under 18,China,International City,Red Member,2022-04-11
3817,Fan_03817,Male,35-44,USA,International City,Red Member,2020-03-03
3818,Fan_03818,Male,25-34,UK,Liverpool,Non-Member,2022-09-23
3819,Fan_03819,Female,45-54,Norway,International City,Non-Member,2022-04-10
3820,Fan_03820,Male,25-34,USA,International City,Non-Member,2023-06-04
3821,Fan_03821,Non-binary,25-34,UK,London,Full Member,2022-02-10
3822,Fan_03822,Male,55+,UK,London,Non-Member,2020-11-03
3823,Fan_03823,Female,35-44,Egypt,International City,Non-Member,2024-06-13
3824,Fan_03824,Non-binary,18-24,Australia,International City,Non-Member,2020-01-05
3825,Fan_03825,Male,Under 18,Norway,International City,Non-Member,2021-08-19
3826,Fan_03826,Non-binary,25-34,UK,Liverpool,Junior Member,2023-03-17
3827,Fan_03827,Female,25-34,UK,London,Non-Member,2020-03-20
3828,Fan_03828,Male,Under 18,Thailand,International City,Full Member,2020-01-01
3829,Fan_03829,Female,35-44,UK,Liverpool,Non-Member,2021-07-01
3830,Fan_03830,Female,45-54,Thailand,International City,Red Member,2020-05-26
3831,Fan_03831,Female,18-24,Thailand,International City,Non-Member,2022-08-04
3832,Fan_03832,Female,18-24,Thailand,International City,Full Member,2024-05-08
3833,Fan_03833,Non-binary,Under 18,Australia,International City,Red Member,2023-05-27
3834,Fan_03834,Male,35-44,UK,Liverpool,Red Member,2023-09-23
3835,Fan_03835,Female,25-34,UK,Liverpool,Red Member,2021-09-19
3836,Fan_03836,Female,35-44,UK,Liverpool,Non-Member,2024-06-14
3837,Fan_03837,Male,18-24,UK,Liverpool,Red Member,2020-10-31
3838,Fan_03838,Male,Under 18,China,International City,Non-Member,2020-04-30
3839,Fan_03839,Male,18-24,Thailand,International City,Non-Member,2022-07-08
3840,Fan_03840,Male,25-34,UK,London,Premium/Lounge,2021-11-12
3841,Fan_03841,Female,45-54,Australia,International City,Non-Member,2024-01-11
3842,Fan_03842,Female,35-44,Norway,International City,Non-Member,2023-08-12
3843,Fan_03843,Non-binary,45-54,Australia,International City,Junior Member,2023-04-18
3844,Fan_03844,Male,35-44,UK,Liverpool,Full Member,2020-03-10
3845,Fan_03845,Male,25-34,UK,London,Non-Member,2020-04-10
3846,Fan_03846,Female,35-44,UK,Liverpool,Non-Member,2024-07-22
3847,Fan_03847,Female,55+,Norway,International City,Red Member,2024-05-24
3848,Fan_03848,Female,35-44,China,International City,Non-Member,2024-07-28
3849,Fan_03849,Non-binary,35-44,UK,Liverpool,Full Member,2021-10-06
3850,Fan_03850,Non-binary,55+,China,International City,Non-Member,2020-01-16
3851,Fan_03851,Female,Under 18,UK,Liverpool,Red Member,2024-11-28
3852,Fan_03852,Male,18-24,UK,London,Red Member,2023-05-21
3853,Fan_03853,Female,18-24,Norway,International City,Junior Member,2021-01-04
3854,Fan_03854,Male,Under 18,USA,International City,Full Member,2022-01-08
3855,Fan_03855,Female,45-54,China,International City,Red Member,2021-11-21
3856,Fan_03856,Non-binary,18-24,UK,London,Non-Member,2020-10-29
3857,Fan_03857,Non-binary,55+,UK,Liverpool,Red Member,2021-07-14
3858,Fan_03858,Female,45-54,Egypt,International City,Full Member,2023-06-08
3859,Fan_03859,Male,35-44,Thailand,International City,Premium/Lounge,2024-02-06
3860,Fan_03860,Non-binary,45-54,UK,Liverpool,Full Member,2021-08-17
3861,Fan_03861,Female,Under 18,Egypt,International City,Non-Member,2021-11-12
3862,Fan_03862,Non-binary,Under 18,UK,Liverpool,Red Member,2024-08-25
3863,Fan_03863,Female,45-54,USA,International City,Full Member,2021-04-17
3864,Fan_03864,Male,35-44,UK,Liverpool,Non-Member,2021-09-06
3865,Fan_03865,Male,18-24,Ireland,International City,Junior Member,2023-04-01
3866,Fan_03866,Male,45-54,UK,London,Non-Member,2020-03-24
3867,Fan_03867,Female,18-24,UK,Liverpool,Red Member,2020-01-05
3868,Fan_03868,Male,Under 18,USA,International City,Non-Member,2023-01-01
3869,Fan_03869,Female,Under 18,Egypt,International City,Red Member,2024-11-13
3870,Fan_03870,Non-binary,25-34,China,International City,Premium/Lounge,2023-05-14
3871,Fan_03871,Male,35-44,Ireland,International City,Full Member,2021-03-13
3872,Fan_03872,Non-binary,45-54,Egypt,International City,Non-Member,2024-05-15
3873,Fan_03873,Female,45-54,UK,Liverpool,Junior Member,2021-11-03
3874,Fan_03874,Male,Under 18,UK,Liverpool,Junior Member,2022-05-29
3875,Fan_03875,Male,35-44,UK,London,Non-Member,2020-07-22
3876,Fan_03876,Non-binary,25-34,UK,Liverpool,Non-Member,2023-09-08
3877,Fan_03877,Female,18-24,UK,Liverpool,Red Member,2021-02-21
3878,Fan_03878,Male,25-34,China,International City,Non-Member,2024-04-15
3879,Fan_03879,Non-binary,55+,UK,London,Full Member,2023-08-01
3880,Fan_03880,Male,Under 18,UK,London,Non-Member,2021-05-05
3881,Fan_03881,Female,18-24,UK,Liverpool,Non-Member,2024-04-15
3882,Fan_03882,Female,Under 18,USA,International City,Red Member,2024-04-17
3883,Fan_03883,Non-binary,35-44,China,International City,Red Member,2020-09-07
3884,Fan_03884,Non-binary,45-54,Norway,International City,Non-Member,2024-05-27
3885,Fan_03885,Male,25-34,UK,London,Non-Member,2022-03-05
3886,Fan_03886,Female,55+,UK,Liverpool,Non-Member,2023-06-24
3887,Fan_03887,Male,Under 18,China,International City,Non-Member,2020-10-25
3888,Fan_03888,Non-binary,45-54,UK,London,Non-Member,2022-09-07
3889,Fan_03889,Non-binary,25-34,China,International City,Non-Member,2021-11-27
3890,Fan_03890,Female,Under 18,UK,Liverpool,Red Member,2024-05-07
3891,Fan_03891,Male,18-24,USA,International City,Non-Member,2023-06-25
3892,Fan_03892,Female,45-54,Ireland,International City,Premium/Lounge,2023-11-29
3893,Fan_03893,Non-binary,18-24,UK,Liverpool,Full Member,2024-05-18
3894,Fan_03894,Non-binary,35-44,Norway,International City,Red Member,2021-10-21
3895,Fan_03895,Female,18-24,Ireland,International City,Non-Member,2020-03-15
3896,Fan_03896,Male,Under 18,USA,International City,Full Member,2021-12-28
3897,Fan_03897,Female,55+,UK,Liverpool,Red Member,2022-05-01
3898,Fan_03898,Male,25-34,China,International City,Red Member,2020-06-23
3899,Fan_03899,Non-binary,45-54,UK,Liverpool,Full Member,2024-04-18
3900,Fan_03900,Female,35-44,UK,Liverpool,Full Member,2023-02-03
3901,Fan_03901,Female,Under 18,China,International City,Full Member,2024-07-18
3902,Fan_03902,Non-binary,25-34,UK,Liverpool,Non-Member,2021-10-01
3903,Fan_03903,Female,25-34,Egypt,International City,Non-Member,2024-10-24
3904,Fan_03904,Female,55+,UK,London,Non-Member,2023-11-26
3905,Fan_03905,Male,25-34,UK,Liverpool,Red Member,2024-10-06
3906,Fan_03906,Male,45-54,USA,International City,Red Member,2020-06-02
3907,Fan_03907,Female,55+,Norway,International City,Non-Member,2022-04-13
3908,Fan_03908,Female,25-34,UK,London,Non-Member,2023-12-28
3909,Fan_03909,Non-binary,45-54,UK,Liverpool,Full Member,2024-10-10
3910,Fan_03910,Male,25-34,UK,London,Premium/Lounge,2021-11-14
3911,Fan_03911,Male,45-54,UK,Liverpool,Non-Member,2023-04-07
3912,Fan_03912,Female,25-34,UK,London,Premium/Lounge,2023-01-31
3913,Fan_03913,Non-binary,Under 18,China,International City,Junior Member,2023-01-29
3914,Fan_03914,Non-binary,45-54,Thailand,International City,Non-Member,2023-02-05
3915,Fan_03915,Female,Under 18,Ireland,International City,Red Member,2024-03-20
3916,Fan_03916,Female,Under 18,UK,London,Full Member,2021-11-13
3917,Fan_03917,Male,Under 18,UK,Liverpool,Non-Member,2023-04-19
3918,Fan_03918,Female,Under 18,UK,London,Red Member,2024-07-15
3919,Fan_03919,Male,25-34,UK,Liverpool,Non-Member,2023-04-25
3920,Fan_03920,Male,Under 18,Egypt,International City,Red Member,2020-12-10
3921,Fan_03921,Non-binary,55+,UK,Liverpool,Non-Member,2023-07-15
3922,Fan_03922,Non-binary,55+,UK,Liverpool,Non-Member,2020-12-12
3923,Fan_03923,Non-binary,45-54,China,International City,Non-Member,2022-04-15
3924,Fan_03924,Female,45-54,UK,Liverpool,Junior Member,2024-05-08
3925,Fan_03925,Male,Under 18,UK,Liverpool,Red Member,2021-03-08
3926,Fan_03926,Non-binary,35-44,Thailand,International City,Non-Member,2024-08-16
3927,Fan_03927,Female,25-34,Egypt,International City,Non-Member,2022-04-08
3928,Fan_03928,Female,45-54,Thailand,International City,Non-Member,2021-07-05
3929,Fan_03929,Male,55+,UK,Liverpool,Red Member,2021-06-06
3930,Fan_03930,Non-binary,35-44,Ireland,International City,Non-Member,2020-08-22
3931,Fan_03931,Non-binary,18-24,USA,International City,Premium/Lounge,2021-06-02
3932,Fan_03932,Male,45-54,Australia,International City,Non-Member,2024-07-25
3933,Fan_03933,Non-binary,Under 18,Ireland,International City,Junior Member,2021-05-24
3934,Fan_03934,Male,18-24,UK,Liverpool,Premium/Lounge,2020-04-05
3935,Fan_03935,Male,55+,China,International City,Red Member,2020-09-29
3936,Fan_03936,Male,45-54,UK,London,Non-Member,2023-08-27
3937,Fan_03937,Non-binary,Under 18,UK,Liverpool,Red Member,2020-08-07
3938,Fan_03938,Male,18-24,UK,London,Junior Member,2023-08-20
3939,Fan_03939,Female,35-44,UK,Liverpool,Red Member,2023-09-12
3940,Fan_03940,Non-binary,25-34,Egypt,International City,Red Member,2023-09-20
3941,Fan_03941,Male,18-24,UK,Liverpool,Red Member,2021-12-24
3942,Fan_03942,Non-binary,18-24,UK,Liverpool,Red Member,2022-09-28
3943,Fan_03943,Female,Under 18,UK,Liverpool,Red Member,2022-08-07
3944,Fan_03944,Male,55+,UK,London,Red Member,2022-12-09
3945,Fan_03945,Male,25-34,UK,London,Non-Member,2021-08-03
3946,Fan_03946,Male,35-44,UK,London,Premium/Lounge,2022-12-20
3947,Fan_03947,Female,25-34,UK,Liverpool,Full Member,2021-04-04
3948,Fan_03948,Male,55+,USA,International City,Non-Member,2024-09-15
3949,Fan_03949,Female,25-34,Norway,International City,Non-Member,2022-09-10
3950,Fan_03950,Male,Under 18,UK,Liverpool,Premium/Lounge,2021-04-25
3951,Fan_03951,Female,35-44,Ireland,International City,Non-Member,2023-02-03
3952,Fan_03952,Non-binary,18-24,Egypt,International City,Non-Member,2021-07-02
3953,Fan_03953,Female,45-54,China,International City,Non-Member,2023-11-13
3954,Fan_03954,Non-binary,45-54,UK,London,Non-Member,2024-03-08
3955,Fan_03955,Male,Under 18,USA,International City,Full Member,2020-08-07
3956,Fan_03956,Female,18-24,UK,Liverpool,Premium/Lounge,2023-09-30
3957,Fan_03957,Non-binary,45-54,Egypt,International City,Red Member,2021-01-09
3958,Fan_03958,Female,45-54,Ireland,International City,Non-Member,2020-11-01
3959,Fan_03959,Non-binary,45-54,UK,London,Red Member,2023-03-09
3960,Fan_03960,Male,18-24,UK,London,Non-Member,2024-02-09
3961,Fan_03961,Female,25-34,UK,Liverpool,Junior Member,2024-07-05
3962,Fan_03962,Non-binary,35-44,UK,Liverpool,Junior Member,2024-09-20
3963,Fan_03963,Non-binary,45-54,Thailand,International City,Red Member,2020-07-15
3964,Fan_03964,Male,18-24,UK,Liverpool,Red Member,2020-04-03
3965,Fan_03965,Male,45-54,UK,London,Red Member,2022-10-06
3966,Fan_03966,Non-binary,Under 18,UK,Liverpool,Junior Member,2020-06-05
3967,Fan_03967,Male,18-24,UK,Liverpool,Red Member,2024-11-09
3968,Fan_03968,Female,45-54,UK,London,Junior Member,2020-05-28
3969,Fan_03969,Non-binary,35-44,UK,Liverpool,Junior Member,2020-10-04
3970,Fan_03970,Male,25-34,UK,Liverpool,Non-Member,2020-03-15
3971,Fan_03971,Non-binary,35-44,UK,London,Non-Member,2021-07-28
3972,Fan_03972,Non-binary,35-44,Ireland,International City,Non-Member,2020-07-10
3973,Fan_03973,Non-binary,Under 18,UK,Liverpool,Non-Member,2024-07-07
3974,Fan_03974,Non-binary,55+,UK,Liverpool,Full Member,2024-04-07
3975,Fan_03975,Non-binary,25-34,UK,London,Red Member,2020-12-08
3976,Fan_03976,Non-binary,55+,Ireland,International City,Non-Member,2024-09-20
3977,Fan_03977,Male,35-44,Norway,International City,Red Member,2020-07-23
3978,Fan_03978,Male,45-54,UK,Liverpool,Non-Member,2020-01-01
3979,Fan_03979,Non-binary,25-34,USA,International City,Red Member,2024-03-22
3980,Fan_03980,Non-binary,55+,USA,International City,Non-Member,2020-02-25
3981,Fan_03981,Male,55+,China,International City,Full Member,2020-02-13
3982,Fan_03982,Female,18-24,Australia,International City,Non-Member,2024-08-11
3983,Fan_03983,Male,55+,UK,London,Non-Member,2021-02-05
3984,Fan_03984,Female,35-44,UK,London,Non-Member,2023-09-17
3985,Fan_03985,Male,45-54,USA,International City,Non-Member,2020-03-05
3986,Fan_03986,Non-binary,18-24,UK,Liverpool,Red Member,2023-07-08
3987,Fan_03987,Female,55+,China,International City,Red Member,2020-11-11
3988,Fan_03988,Male,18-24,Australia,International City,Red Member,2022-02-13
3989,Fan_03989,Male,45-54,UK,London,Non-Member,2023-11-02
3990,Fan_03990,Male,Under 18,USA,International City,Premium/Lounge,2020-11-18
3991,Fan_03991,Female,Under 18,UK,London,Red Member,2021-04-14
3992,Fan_03992,Male,25-34,Australia,International City,Junior Member,2022-12-01
3993,Fan_03993,Non-binary,55+,China,International City,Red Member,2023-04-26
3994,Fan_03994,Female,35-44,Thailand,International City,Non-Member,2024-08-24
3995,Fan_03995,Non-binary,55+,Thailand,International City,Full Member,2021-03-17
3996,Fan_03996,Female,18-24,USA,International City,Full Member,2024-09-09
3997,Fan_03997,Female,25-34,USA,International City,Non-Member,2023-05-26
3998,Fan_03998,Male,18-24,UK,Liverpool,Red Member,2021-08-28
3999,Fan_03999,Female,Under 18,UK,Liverpool,Full Member,2020-08-24
4000,Fan_04000,Male,Under 18,Australia,International City,Non-Member,2024-02-18
4001,Fan_04001,Non-binary,Under 18,Australia,International City,Full Member,2022-09-08
4002,Fan_04002,Non-binary,45-54,USA,International City,Junior Member,2024-02-19
4003,Fan_04003,Male,45-54,UK,London,Non-Member,2024-06-24
4004,Fan_04004,Male,45-54,UK,London,Full Member,2023-01-18
4005,Fan_04005,Non-binary,Under 18,UK,London,Red Member,2022-12-11
4006,Fan_04006,Male,25-34,Egypt,International City,Non-Member,2021-11-11
4007,Fan_04007,Male,18-24,Egypt,International City,Non-Member,2022-05-25
4008,Fan_04008,Male,18-24,Norway,International City,Non-Member,2023-12-02
4009,Fan_04009,Male,45-54,Ireland,International City,Non-Member,2023-07-03
4010,Fan_04010,Male,35-44,USA,International City,Junior Member,2023-07-22
4011,Fan_04011,Male,55+,Egypt,International City,Premium/Lounge,2021-10-21
4012,Fan_04012,Male,55+,USA,International City,Non-Member,2024-10-01
4013,Fan_04013,Male,Under 18,UK,London,Premium/Lounge,2023-09-23
4014,Fan_04014,Male,55+,Australia,International City,Non-Member,2020-06-20
4015,Fan_04015,Non-binary,55+,UK,London,Full Member,2020-06-15
4016,Fan_04016,Female,Under 18,UK,Liverpool,Red Member,2024-05-23
4017,Fan_04017,Non-binary,25-34,Egypt,International City,Non-Member,2024-05-31
4018,Fan_04018,Non-binary,45-54,Ireland,International City,Non-Member,2024-01-12
4019,Fan_04019,Female,35-44,UK,Liverpool,Junior Member,2020-08-23
4020,Fan_04020,Non-binary,25-34,Norway,International City,Premium/Lounge,2021-08-21
4021,Fan_04021,Non-binary,18-24,UK,London,Full Member,2023-09-30
4022,Fan_04022,Non-binary,35-44,Thailand,International City,Non-Member,2022-10-02
4023,Fan_04023,Male,18-24,Egypt,International City,Non-Member,2024-08-15
4024,Fan_04024,Female,45-54,China,International City,Full Member,2024-06-02
4025,Fan_04025,Female,Under 18,UK,London,Red Member,2022-06-09
4026,Fan_04026,Male,Under 18,USA,International City,Full Member,2020-04-10
4027,Fan_04027,Male,35-44,UK,Liverpool,Red Member,2023-07-27
4028,Fan_04028,Non-binary,45-54,UK,London,Non-Member,2022-12-21
4029,Fan_04029,Non-binary,Under 18,UK,Liverpool,Non-Member,2022-04-25
4030,Fan_04030,Non-binary,18-24,UK,Liverpool,Red Member,2022-01-26
4031,Fan_04031,Male,25-34,Ireland,International City,Non-Member,2024-08-09
4032,Fan_04032,Female,55+,UK,Liverpool,Non-Member,2023-02-05
4033,Fan_04033,Male,55+,China,International City,Red Member,2020-04-18
4034,Fan_04034,Male,18-24,USA,International City,Red Member,2023-05-18
4035,Fan_04035,Non-binary,35-44,Thailand,International City,Full Member,2021-12-28
4036,Fan_04036,Non-binary,45-54,UK,Liverpool,Non-Member,2020-09-14
4037,Fan_04037,Male,Under 18,UK,London,Red Member,2021-06-01
4038,Fan_04038,Male,45-54,Egypt,International City,Red Member,2024-02-21
4039,Fan_04039,Non-binary,25-34,UK,London,Full Member,2020-12-29
4040,Fan_04040,Female,35-44,Egypt,International City,Non-Member,2022-11-22
4041,Fan_04041,Male,45-54,UK,London,Full Member,2020-05-11
4042,Fan_04042,Female,18-24,USA,International City,Non-Member,2023-10-10
4043,Fan_04043,Female,45-54,UK,London,Junior Member,2021-08-27
4044,Fan_04044,Male,45-54,China,International City,Full Member,2023-08-14
4045,Fan_04045,Non-binary,55+,Australia,International City,Non-Member,2022-04-14
4046,Fan_04046,Male,35-44,UK,London,Premium/Lounge,2024-01-08
4047,Fan_04047,Non-binary,45-54,UK,London,Red Member,2021-03-14
4048,Fan_04048,Female,Under 18,UK,London,Red Member,2024-11-23
4049,Fan_04049,Female,55+,UK,Liverpool,Red Member,2020-11-16
4050,Fan_04050,Female,25-34,UK,Liverpool,Non-Member,2021-01-17
4051,Fan_04051,Male,55+,USA,International City,Junior Member,2022-01-25
4052,Fan_04052,Male,25-34,UK,Liverpool,Non-Member,2024-11-07
4053,Fan_04053,Male,55+,China,International City,Non-Member,2022-08-20
4054,Fan_04054,Female,25-34,UK,London,Red Member,2023-03-25
4055,Fan_04055,Non-binary,Under 18,Egypt,International City,Premium/Lounge,2021-04-07
4056,Fan_04056,Male,25-34,China,International City,Non-Member,2023-02-12
4057,Fan_04057,Non-binary,45-54,Australia,International City,Non-Member,2024-08-27
4058,Fan_04058,Male,35-44,UK,London,Full Member,2024-08-30
4059,Fan_04059,Male,55+,Australia,International City,Junior Member,2021-11-27
4060,Fan_04060,Non-binary,Under 18,UK,London,Non-Member,2021-05-04
4061,Fan_04061,Male,25-34,UK,Liverpool,Non-Member,2024-08-23
4062,Fan_04062,Female,45-54,Egypt,International City,Red Member,2023-12-22
4063,Fan_04063,Male,18-24,UK,London,Non-Member,2020-07-03
4064,Fan_04064,Female,45-54,UK,Liverpool,Red Member,2024-01-17
4065,Fan_04065,Non-binary,18-24,UK,Liverpool,Non-Member,2023-04-30
4066,Fan_04066,Male,35-44,UK,Liverpool,Non-Member,2020-10-02
4067,Fan_04067,Non-binary,25-34,USA,International City,Non-Member,2020-03-21
4068,Fan_04068,Male,55+,USA,International City,Non-Member,2020-06-20
4069,Fan_04069,Non-binary,45-54,China,International City,Red Member,2024-04-02
4070,Fan_04070,Male,35-44,UK,Liverpool,Red Member,2024-10-23
4071,Fan_04071,Non-binary,55+,USA,International City,Red Member,2020-01-18
4072,Fan_04072,Male,Under 18,UK,Liverpool,Non-Member,2023-04-15
4073,Fan_04073,Female,Under 18,UK,London,Full Member,2020-09-18
4074,Fan_04074,Non-binary,Under 18,Thailand,International City,Non-Member,2023-11-10
4075,Fan_04075,Non-binary,55+,UK,London,Red Member,2021-06-24
4076,Fan_04076,Female,45-54,China,International City,Non-Member,2024-01-24
4077,Fan_04077,Male,45-54,USA,International City,Junior Member,2021-03-13
4078,Fan_04078,Female,45-54,USA,International City,Red Member,2020-10-01
4079,Fan_04079,Non-binary,Under 18,UK,London,Non-Member,2024-11-18
4080,Fan_04080,Non-binary,45-54,Egypt,International City,Non-Member,2020-08-10
4081,Fan_04081,Female,18-24,Egypt,International City,Non-Member,2022-03-24
4082,Fan_04082,Female,25-34,Egypt,International City,Non-Member,2023-04-16
4083,Fan_04083,Female,18-24,UK,Liverpool,Non-Member,2024-07-27
4084,Fan_04084,Male,18-24,China,International City,Full Member,2023-05-17
4085,Fan_04085,Male,Under 18,Norway,International City,Non-Member,2022-07-13
4086,Fan_04086,Female,Under 18,UK,London,Non-Member,2021-06-06
4087,Fan_04087,Non-binary,25-34,UK,Liverpool,Non-Member,2022-11-30
4088,Fan_04088,Female,55+,Egypt,International City,Non-Member,2024-08-25
4089,Fan_04089,Female,18-24,UK,Liverpool,Red Member,2022-03-20
4090,Fan_04090,Female,55+,USA,International City,Non-Member,2022-11-29
4091,Fan_04091,Male,Under 18,Australia,International City,Premium/Lounge,2020-09-20
4092,Fan_04092,Male,Under 18,USA,International City,Non-Member,2024-11-26
4093,Fan_04093,Male,25-34,UK,Liverpool,Red Member,2022-03-25
4094,Fan_04094,Male,Under 18,Thailand,International City,Red Member,2020-11-11
4095,Fan_04095,Female,Under 18,Australia,International City,Red Member,2024-03-06
4096,Fan_04096,Male,18-24,UK,London,Non-Member,2021-11-28
4097,Fan_04097,Female,45-54,UK,London,Full Member,2021-01-10
4098,Fan_04098,Non-binary,Under 18,USA,International City,Red Member,2023-07-06
4099,Fan_04099,Female,45-54,Norway,International City,Full Member,2020-10-19
4100,Fan_04100,Male,45-54,Thailand,International City,Non-Member,2021-08-17
4101,Fan_04101,Male,Under 18,China,International City,Non-Member,2021-09-14
4102,Fan_04102,Male,45-54,Egypt,International City,Red Member,2024-05-16
4103,Fan_04103,Male,35-44,UK,London,Junior Member,2023-01-31
4104,Fan_04104,Non-binary,18-24,China,International City,Red Member,2020-04-04
4105,Fan_04105,Female,45-54,UK,London,Junior Member,2020-09-11
4106,Fan_04106,Female,35-44,UK,London,Junior Member,2023-11-22
4107,Fan_04107,Male,45-54,UK,Liverpool,Red Member,2023-03-02
4108,Fan_04108,Non-binary,Under 18,Thailand,International City,Non-Member,2021-08-08
4109,Fan_04109,Male,Under 18,Thailand,International City,Junior Member,2022-07-16
4110,Fan_04110,Male,35-44,UK,Liverpool,Premium/Lounge,2023-05-09
4111,Fan_04111,Non-binary,45-54,China,International City,Full Member,2022-05-11
4112,Fan_04112,Non-binary,45-54,China,International City,Red Member,2024-11-15
4113,Fan_04113,Non-binary,25-34,China,International City,Full Member,2023-08-07
4114,Fan_04114,Non-binary,55+,Thailand,International City,Junior Member,2023-10-16
4115,Fan_04115,Female,Under 18,Australia,International City,Red Member,2021-08-28
4116,Fan_04116,Female,45-54,UK,Liverpool,Red Member,2023-07-28
4117,Fan_04117,Male,18-24,Egypt,International City,Red Member,2023-03-03
4118,Fan_04118,Non-binary,25-34,UK,London,Full Member,2023-06-21
4119,Fan_04119,Male,Under 18,UK,Liverpool,Non-Member,2024-09-14
4120,Fan_04120,Male,25-34,China,International City,Premium/Lounge,2020-10-16
4121,Fan_04121,Female,35-44,China,International City,Full Member,2023-02-20
4122,Fan_04122,Non-binary,Under 18,UK,Liverpool,Full Member,2022-08-26
4123,Fan_04123,Male,35-44,UK,London,Premium/Lounge,2022-05-05
4124,Fan_04124,Male,55+,UK,Liverpool,Non-Member,2021-09-25
4125,Fan_04125,Non-binary,18-24,Egypt,International City,Red Member,2023-05-27
4126,Fan_04126,Non-binary,45-54,UK,London,Red Member,2023-08-24
4127,Fan_04127,Non-binary,18-24,UK,Liverpool,Full Member,2023-02-23
4128,Fan_04128,Male,25-34,China,International City,Non-Member,2021-12-06
4129,Fan_04129,Non-binary,Under 18,USA,International City,Non-Member,2023-11-24
4130,Fan_04130,Non-binary,35-44,Egypt,International City,Red Member,2020-03-02
4131,Fan_04131,Male,35-44,Egypt,International City,Full Member,2024-04-11
4132,Fan_04132,Male,35-44,UK,Liverpool,Full Member,2021-06-28
4133,Fan_04133,Female,45-54,UK,Liverpool,Red Member,2021-12-06
4134,Fan_04134,Non-binary,Under 18,USA,International City,Non-Member,2020-01-31
4135,Fan_04135,Female,35-44,Egypt,International City,Non-Member,2023-10-08
4136,Fan_04136,Male,18-24,Australia,International City,Red Member,2021-10-04
4137,Fan_04137,Female,Under 18,Thailand,International City,Non-Member,2024-09-23
4138,Fan_04138,Female,45-54,UK,Liverpool,Non-Member,2021-05-07
4139,Fan_04139,Female,45-54,Thailand,International City,Non-Member,2023-07-06
4140,Fan_04140,Male,35-44,UK,Liverpool,Premium/Lounge,2021-04-03
4141,Fan_04141,Non-binary,35-44,UK,London,Full Member,2022-03-11
4142,Fan_04142,Male,Under 18,UK,London,Premium/Lounge,2022-03-03
4143,Fan_04143,Male,Under 18,Norway,International City,Non-Member,2023-09-30
4144,Fan_04144,Female,Under 18,UK,Liverpool,Non-Member,2020-05-15
4145,Fan_04145,Non-binary,55+,UK,Liverpool,Non-Member,2020-06-13
4146,Fan_04146,Male,55+,UK,Liverpool,Red Member,2020-04-21
4147,Fan_04147,Female,18-24,USA,International City,Full Member,2022-12-04
4148,Fan_04148,Female,55+,UK,Liverpool,Red Member,2023-07-08
4149,Fan_04149,Female,18-24,UK,London,Full Member,2021-07-27
4150,Fan_04150,Female,35-44,UK,London,Red Member,2023-05-11
4151,Fan_04151,Male,55+,UK,London,Red Member,2020-10-13
4152,Fan_04152,Female,35-44,China,International City,Junior Member,2020-09-23
4153,Fan_04153,Male,25-34,Thailand,International City,Non-Member,2023-02-11
4154,Fan_04154,Female,55+,UK,Liverpool,Full Member,2024-08-18
4155,Fan_04155,Female,Under 18,Norway,International City,Non-Member,2023-03-03
4156,Fan_04156,Non-binary,Under 18,Australia,International City,Premium/Lounge,2024-05-11
4157,Fan_04157,Non-binary,55+,UK,London,Red Member,2021-06-22
4158,Fan_04158,Male,18-24,UK,Liverpool,Red Member,2021-04-20
4159,Fan_04159,Female,25-34,UK,Liverpool,Junior Member,2020-12-16
4160,Fan_04160,Female,Under 18,UK,London,Red Member,2023-01-20
4161,Fan_04161,Male,18-24,UK,Liverpool,Junior Member,2020-07-27
4162,Fan_04162,Male,35-44,UK,Liverpool,Non-Member,2021-03-24
4163,Fan_04163,Female,18-24,China,International City,Red Member,2023-10-03
4164,Fan_04164,Female,45-54,UK,London,Full Member,2021-12-07
4165,Fan_04165,Male,35-44,UK,London,Non-Member,2023-09-29
4166,Fan_04166,Female,25-34,Egypt,International City,Non-Member,2023-04-28
4167,Fan_04167,Male,45-54,UK,Liverpool,Red Member,2020-04-07
4168,Fan_04168,Female,45-54,UK,Liverpool,Non-Member,2024-08-01
4169,Fan_04169,Female,Under 18,UK,Liverpool,Non-Member,2022-07-14
4170,Fan_04170,Male,35-44,UK,Liverpool,Red Member,2022-12-30
4171,Fan_04171,Female,55+,UK,Liverpool,Red Member,2023-09-28
4172,Fan_04172,Male,18-24,Egypt,International City,Non-Member,2020-01-29
4173,Fan_04173,Female,45-54,UK,Liverpool,Red Member,2024-08-21
4174,Fan_04174,Male,25-34,UK,London,Red Member,2022-05-09
4175,Fan_04175,Female,55+,UK,Liverpool,Red Member,2024-05-25
4176,Fan_04176,Non-binary,45-54,China,International City,Red Member,2021-04-23
4177,Fan_04177,Female,18-24,China,International City,Red Member,2021-05-12
4178,Fan_04178,Male,45-54,UK,Liverpool,Junior Member,2021-10-14
4179,Fan_04179,Male,25-34,USA,International City,Non-Member,2023-03-18
4180,Fan_04180,Female,55+,China,International City,Non-Member,2022-10-06
4181,Fan_04181,Non-binary,45-54,Australia,International City,Junior Member,2023-07-27
4182,Fan_04182,Female,55+,USA,International City,Non-Member,2022-07-17
4183,Fan_04183,Non-binary,Under 18,Norway,International City,Red Member,2024-10-29
4184,Fan_04184,Male,35-44,Norway,International City,Red Member,2024-05-16
4185,Fan_04185,Male,25-34,UK,Liverpool,Premium/Lounge,2020-01-05
4186,Fan_04186,Male,55+,UK,Liverpool,Non-Member,2021-01-04
4187,Fan_04187,Female,55+,UK,Liverpool,Non-Member,2020-06-25
4188,Fan_04188,Non-binary,55+,USA,International City,Red Member,2020-01-31
4189,Fan_04189,Female,45-54,China,International City,Red Member,2020-08-02
4190,Fan_04190,Female,35-44,Australia,International City,Full Member,2020-11-03
4191,Fan_04191,Male,45-54,China,International City,Full Member,2024-04-26
4192,Fan_04192,Non-binary,18-24,UK,London,Red Member,2023-03-08
4193,Fan_04193,Female,45-54,USA,International City,Non-Member,2023-02-15
4194,Fan_04194,Non-binary,55+,Thailand,International City,Non-Member,2021-04-26
4195,Fan_04195,Non-binary,45-54,USA,International City,Red Member,2021-08-14
4196,Fan_04196,Male,18-24,Egypt,International City,Non-Member,2020-03-18
4197,Fan_04197,Non-binary,55+,UK,Liverpool,Junior Member,2021-04-15
4198,Fan_04198,Non-binary,35-44,Ireland,International City,Junior Member,2023-05-10
4199,Fan_04199,Non-binary,25-34,China,International City,Red Member,2021-08-20
4200,Fan_04200,Male,25-34,Ireland,International City,Full Member,2021-11-22
4201,Fan_04201,Non-binary,45-54,China,International City,Full Member,2023-07-13
4202,Fan_04202,Female,25-34,UK,Liverpool,Red Member,2023-07-06
4203,Fan_04203,Non-binary,35-44,Egypt,International City,Premium/Lounge,2020-03-14
4204,Fan_04204,Non-binary,35-44,Australia,International City,Non-Member,2022-01-01
4205,Fan_04205,Non-binary,35-44,UK,London,Red Member,2022-03-10
4206,Fan_04206,Male,45-54,Norway,International City,Premium/Lounge,2023-09-06
4207,Fan_04207,Non-binary,35-44,UK,London,Non-Member,2022-02-18
4208,Fan_04208,Male,45-54,China,International City,Non-Member,2024-01-13
4209,Fan_04209,Non-binary,35-44,Ireland,International City,Red Member,2023-06-04
4210,Fan_04210,Female,35-44,Egypt,International City,Red Member,2020-11-03
4211,Fan_04211,Non-binary,35-44,Thailand,International City,Red Member,2022-10-15
4212,Fan_04212,Male,18-24,China,International City,Red Member,2022-11-23
4213,Fan_04213,Male,35-44,Thailand,International City,Premium/Lounge,2020-03-19
4214,Fan_04214,Non-binary,25-34,Ireland,International City,Junior Member,2022-12-09
4215,Fan_04215,Male,55+,UK,London,Full Member,2024-06-10
4216,Fan_04216,Non-binary,25-34,UK,London,Non-Member,2023-09-20
4217,Fan_04217,Female,35-44,UK,Liverpool,Junior Member,2023-06-22
4218,Fan_04218,Non-binary,Under 18,UK,Liverpool,Non-Member,2023-10-10
4219,Fan_04219,Non-binary,18-24,UK,London,Premium/Lounge,2024-03-08
4220,Fan_04220,Female,25-34,UK,Liverpool,Non-Member,2022-12-08
4221,Fan_04221,Female,45-54,USA,International City,Red Member,2021-02-05
4222,Fan_04222,Non-binary,25-34,UK,London,Non-Member,2023-07-31
4223,Fan_04223,Male,55+,UK,Liverpool,Red Member,2024-02-23
4224,Fan_04224,Female,35-44,Thailand,International City,Non-Member,2024-11-09
4225,Fan_04225,Non-binary,Under 18,UK,Liverpool,Red Member,2022-04-09
4226,Fan_04226,Non-binary,55+,UK,London,Red Member,2021-01-17
4227,Fan_04227,Female,55+,Egypt,International City,Red Member,2020-12-30
4228,Fan_04228,Non-binary,18-24,UK,London,Red Member,2023-04-21
4229,Fan_04229,Male,25-34,UK,Liverpool,Red Member,2023-05-30
4230,Fan_04230,Female,Under 18,Australia,International City,Non-Member,2024-10-28
4231,Fan_04231,Male,45-54,Norway,International City,Junior Member,2022-03-12
4232,Fan_04232,Non-binary,35-44,UK,London,Red Member,2021-06-22
4233,Fan_04233,Non-binary,25-34,UK,Liverpool,Non-Member,2023-06-03
4234,Fan_04234,Non-binary,25-34,UK,Liverpool,Non-Member,2021-04-04
4235,Fan_04235,Non-binary,45-54,UK,London,Non-Member,2024-12-02
4236,Fan_04236,Non-binary,45-54,Australia,International City,Non-Member,2024-08-31
4237,Fan_04237,Non-binary,35-44,UK,Liverpool,Non-Member,2020-04-06
4238,Fan_04238,Non-binary,25-34,UK,Liverpool,Full Member,2021-04-28
4239,Fan_04239,Male,25-34,UK,Liverpool,Non-Member,2022-03-18
4240,Fan_04240,Female,35-44,UK,London,Non-Member,2021-10-31
4241,Fan_04241,Male,55+,UK,London,Non-Member,2022-01-19
4242,Fan_04242,Male,35-44,Thailand,International City,Red Member,2024-01-30
4243,Fan_04243,Male,18-24,Egypt,International City,Red Member,2022-07-05
4244,Fan_04244,Non-binary,25-34,UK,London,Non-Member,2023-11-28
4245,Fan_04245,Male,25-34,Ireland,International City,Premium/Lounge,2024-06-10
4246,Fan_04246,Female,18-24,UK,London,Red Member,2022-02-23
4247,Fan_04247,Non-binary,Under 18,Thailand,International City,Junior Member,2023-04-26
4248,Fan_04248,Female,45-54,Egypt,International City,Non-Member,2023-05-24
4249,Fan_04249,Male,35-44,China,International City,Non-Member,2021-07-10
4250,Fan_04250,Non-binary,45-54,UK,London,Full Member,2024-10-20
4251,Fan_04251,Female,35-44,China,International City,Non-Member,2020-10-07
4252,Fan_04252,Female,35-44,UK,Liverpool,Non-Member,2021-10-26
4253,Fan_04253,Non-binary,45-54,China,International City,Red Member,2024-06-10
4254,Fan_04254,Female,45-54,China,International City,Red Member,2021-07-26
4255,Fan_04255,Male,35-44,UK,Liverpool,Junior Member,2021-11-22
4256,Fan_04256,Female,55+,Egypt,International City,Junior Member,2021-07-26
4257,Fan_04257,Non-binary,25-34,Egypt,International City,Junior Member,2023-04-19
4258,Fan_04258,Female,25-34,USA,International City,Junior Member,2024-09-19
4259,Fan_04259,Female,18-24,Thailand,International City,Red Member,2020-09-20
4260,Fan_04260,Male,Under 18,UK,Liverpool,Junior Member,2022-05-26
4261,Fan_04261,Male,Under 18,UK,London,Non-Member,2020-11-15
4262,Fan_04262,Male,45-54,UK,London,Full Member,2024-12-03
4263,Fan_04263,Male,18-24,UK,London,Full Member,2024-12-01
4264,Fan_04264,Female,Under 18,UK,Liverpool,Non-Member,2020-01-12
4265,Fan_04265,Male,45-54,UK,London,Non-Member,2023-07-21
4266,Fan_04266,Female,45-54,Ireland,International City,Junior Member,2021-01-08
4267,Fan_04267,Male,25-34,Australia,International City,Non-Member,2021-08-05
4268,Fan_04268,Non-binary,45-54,Egypt,International City,Red Member,2022-03-01
4269,Fan_04269,Non-binary,55+,Thailand,International City,Red Member,2020-10-22
4270,Fan_04270,Non-binary,18-24,Norway,International City,Red Member,2022-07-08
4271,Fan_04271,Female,55+,Ireland,International City,Non-Member,2023-08-10
4272,Fan_04272,Male,55+,USA,International City,Non-Member,2020-09-22
4273,Fan_04273,Non-binary,55+,UK,Liverpool,Non-Member,2022-01-25
4274,Fan_04274,Male,45-54,UK,London,Non-Member,2024-07-07
4275,Fan_04275,Male,55+,UK,Liverpool,Non-Member,2021-01-24
4276,Fan_04276,Non-binary,18-24,UK,London,Full Member,2020-01-15
4277,Fan_04277,Female,45-54,Ireland,International City,Non-Member,2020-04-30
4278,Fan_04278,Male,45-54,UK,Liverpool,Non-Member,2022-04-30
4279,Fan_04279,Male,55+,UK,Liverpool,Full Member,2022-08-06
4280,Fan_04280,Male,35-44,UK,London,Red Member,2022-11-28
4281,Fan_04281,Male,55+,China,International City,Red Member,2020-12-28
4282,Fan_04282,Female,35-44,UK,Liverpool,Red Member,2021-06-17
4283,Fan_04283,Female,45-54,China,International City,Full Member,2021-06-28
4284,Fan_04284,Male,35-44,Norway,International City,Non-Member,2024-11-01
4285,Fan_04285,Male,25-34,Thailand,International City,Non-Member,2023-06-20
4286,Fan_04286,Non-binary,55+,UK,Liverpool,Red Member,2022-02-22
4287,Fan_04287,Non-binary,18-24,Ireland,International City,Junior Member,2020-07-28
4288,Fan_04288,Male,45-54,USA,International City,Non-Member,2024-01-11
4289,Fan_04289,Male,55+,USA,International City,Red Member,2020-12-25
4290,Fan_04290,Male,18-24,UK,Liverpool,Red Member,2024-05-31
4291,Fan_04291,Non-binary,18-24,China,International City,Full Member,2023-09-04
4292,Fan_04292,Male,Under 18,Thailand,International City,Red Member,2021-01-07
4293,Fan_04293,Non-binary,45-54,UK,London,Non-Member,2024-02-26
4294,Fan_04294,Male,Under 18,USA,International City,Junior Member,2022-05-24
4295,Fan_04295,Non-binary,Under 18,UK,Liverpool,Full Member,2021-09-12
4296,Fan_04296,Male,18-24,UK,Liverpool,Non-Member,2021-10-27
4297,Fan_04297,Female,55+,Ireland,International City,Non-Member,2024-06-04
4298,Fan_04298,Non-binary,18-24,Thailand,International City,Red Member,2023-02-12
4299,Fan_04299,Male,35-44,UK,London,Junior Member,2023-08-13
4300,Fan_04300,Non-binary,55+,USA,International City,Red Member,2021-03-24
4301,Fan_04301,Female,18-24,UK,Liverpool,Non-Member,2023-03-15
4302,Fan_04302,Female,45-54,UK,London,Premium/Lounge,2022-10-17
4303,Fan_04303,Non-binary,55+,Thailand,International City,Non-Member,2021-01-04
4304,Fan_04304,Non-binary,45-54,USA,International City,Red Member,2020-01-06
4305,Fan_04305,Female,Under 18,UK,Liverpool,Non-Member,2020-04-23
4306,Fan_04306,Non-binary,35-44,UK,London,Premium/Lounge,2022-12-15
4307,Fan_04307,Non-binary,Under 18,Norway,International City,Non-Member,2022-10-01
4308,Fan_04308,Female,18-24,China,International City,Full Member,2023-02-17
4309,Fan_04309,Male,18-24,Egypt,International City,Non-Member,2020-02-27
4310,Fan_04310,Male,18-24,Australia,International City,Red Member,2022-03-24
4311,Fan_04311,Non-binary,Under 18,China,International City,Full Member,2021-01-20
4312,Fan_04312,Male,25-34,UK,London,Premium/Lounge,2023-02-09
4313,Fan_04313,Non-binary,55+,Norway,International City,Red Member,2022-11-28
4314,Fan_04314,Non-binary,45-54,Norway,International City,Red Member,2021-12-16
4315,Fan_04315,Male,55+,Australia,International City,Junior Member,2024-01-18
4316,Fan_04316,Female,55+,China,International City,Red Member,2022-01-01
4317,Fan_04317,Non-binary,35-44,UK,London,Non-Member,2024-06-23
4318,Fan_04318,Male,18-24,China,International City,Non-Member,2021-07-23
4319,Fan_04319,Female,55+,UK,London,Non-Member,2024-07-26
4320,Fan_04320,Non-binary,25-34,Thailand,International City,Non-Member,2022-07-31
4321,Fan_04321,Male,18-24,UK,London,Junior Member,2023-03-14
4322,Fan_04322,Male,55+,UK,London,Full Member,2020-12-08
4323,Fan_04323,Non-binary,45-54,China,International City,Premium/Lounge,2021-12-14
4324,Fan_04324,Male,Under 18,Ireland,International City,Non-Member,2021-02-11
4325,Fan_04325,Female,55+,Norway,International City,Junior Member,2022-11-13
4326,Fan_04326,Male,Under 18,UK,London,Full Member,2022-05-01
4327,Fan_04327,Male,18-24,Norway,International City,Junior Member,2023-04-30
4328,Fan_04328,Male,45-54,Norway,International City,Non-Member,2020-10-24
4329,Fan_04329,Male,55+,USA,International City,Non-Member,2024-02-07
4330,Fan_04330,Male,Under 18,UK,London,Junior Member,2023-12-05
4331,Fan_04331,Female,35-44,USA,International City,Premium/Lounge,2023-09-14
4332,Fan_04332,Non-binary,55+,UK,London,Junior Member,2020-07-01
4333,Fan_04333,Female,Under 18,UK,London,Non-Member,2021-01-05
4334,Fan_04334,Non-binary,Under 18,UK,London,Red Member,2020-10-05
4335,Fan_04335,Female,55+,China,International City,Premium/Lounge,2022-12-19
4336,Fan_04336,Female,18-24,China,International City,Non-Member,2023-06-29
4337,Fan_04337,Non-binary,18-24,China,International City,Non-Member,2021-08-24
4338,Fan_04338,Male,35-44,Thailand,International City,Red Member,2021-11-21
4339,Fan_04339,Non-binary,18-24,UK,Liverpool,Red Member,2023-08-25
4340,Fan_04340,Female,45-54,Australia,International City,Non-Member,2020-11-02
4341,Fan_04341,Female,18-24,China,International City,Non-Member,2020-07-03
4342,Fan_04342,Non-binary,55+,UK,London,Red Member,2023-07-04
4343,Fan_04343,Male,25-34,Egypt,International City,Non-Member,2023-03-26
4344,Fan_04344,Female,18-24,Australia,International City,Non-Member,2023-05-06
4345,Fan_04345,Male,45-54,UK,London,Non-Member,2023-12-05
4346,Fan_04346,Female,55+,UK,Liverpool,Red Member,2024-09-15
4347,Fan_04347,Non-binary,55+,UK,Liverpool,Non-Member,2024-07-07
4348,Fan_04348,Non-binary,45-54,UK,Liverpool,Red Member,2020-09-19
4349,Fan_04349,Non-binary,45-54,China,International City,Red Member,2024-08-13
4350,Fan_04350,Male,35-44,UK,Liverpool,Non-Member,2020-10-17
4351,Fan_04351,Female,45-54,UK,London,Red Member,2023-01-10
4352,Fan_04352,Male,18-24,UK,London,Non-Member,2021-06-15
4353,Fan_04353,Male,Under 18,UK,Liverpool,Non-Member,2022-09-13
4354,Fan_04354,Female,45-54,UK,Liverpool,Non-Member,2022-09-08
4355,Fan_04355,Female,Under 18,UK,Liverpool,Non-Member,2023-05-11
4356,Fan_04356,Male,35-44,Thailand,International City,Junior Member,2024-01-17
4357,Fan_04357,Non-binary,Under 18,UK,Liverpool,Red Member,2021-04-12
4358,Fan_04358,Female,45-54,UK,London,Full Member,2020-08-07
4359,Fan_04359,Male,55+,UK,London,Full Member,2023-08-07
4360,Fan_04360,Non-binary,25-34,UK,London,Non-Member,2021-05-26
4361,Fan_04361,Non-binary,25-34,UK,London,Red Member,2022-10-13
4362,Fan_04362,Non-binary,35-44,Egypt,International City,Red Member,2022-05-16
4363,Fan_04363,Female,35-44,UK,Liverpool,Full Member,2023-10-18
4364,Fan_04364,Female,25-34,China,International City,Non-Member,2022-05-20
4365,Fan_04365,Female,35-44,UK,Liverpool,Non-Member,2020-10-07
4366,Fan_04366,Male,Under 18,UK,Liverpool,Non-Member,2023-02-10
4367,Fan_04367,Non-binary,Under 18,UK,Liverpool,Non-Member,2021-02-28
4368,Fan_04368,Non-binary,35-44,UK,Liverpool,Full Member,2021-04-15
4369,Fan_04369,Female,Under 18,UK,Liverpool,Red Member,2020-11-27
4370,Fan_04370,Non-binary,Under 18,USA,International City,Red Member,2020-01-27
4371,Fan_04371,Male,55+,Egypt,International City,Junior Member,2022-01-20
4372,Fan_04372,Male,18-24,USA,International City,Full Member,2020-03-03
4373,Fan_04373,Male,25-34,China,International City,Junior Member,2020-05-04
4374,Fan_04374,Male,18-24,USA,International City,Red Member,2020-03-27
4375,Fan_04375,Female,Under 18,USA,International City,Non-Member,2020-04-20
4376,Fan_04376,Non-binary,18-24,USA,International City,Red Member,2020-06-12
4377,Fan_04377,Female,25-34,UK,Liverpool,Red Member,2021-07-18
4378,Fan_04378,Female,18-24,Norway,International City,Red Member,2020-12-24
4379,Fan_04379,Male,Under 18,UK,Liverpool,Full Member,2022-06-10
4380,Fan_04380,Non-binary,55+,UK,London,Red Member,2022-07-04
4381,Fan_04381,Non-binary,35-44,USA,International City,Full Member,2021-06-03
4382,Fan_04382,Male,18-24,Norway,International City,Non-Member,2023-02-23
4383,Fan_04383,Non-binary,18-24,UK,London,Full Member,2022-04-04
4384,Fan_04384,Female,25-34,UK,Liverpool,Red Member,2022-03-17
4385,Fan_04385,Male,Under 18,USA,International City,Red Member,2023-04-13
4386,Fan_04386,Male,55+,UK,Liverpool,Red Member,2020-02-08
4387,Fan_04387,Female,35-44,UK,London,Red Member,2022-05-21
4388,Fan_04388,Female,55+,UK,London,Full Member,2020-02-21
4389,Fan_04389,Male,Under 18,China,International City,Non-Member,2022-07-04
4390,Fan_04390,Female,55+,Thailand,International City,Red Member,2020-09-11
4391,Fan_04391,Non-binary,55+,UK,London,Non-Member,2023-04-14
4392,Fan_04392,Non-binary,Under 18,UK,Liverpool,Junior Member,2023-02-26
4393,Fan_04393,Non-binary,55+,China,International City,Full Member,2023-11-27
4394,Fan_04394,Female,18-24,UK,Liverpool,Junior Member,2023-12-20
4395,Fan_04395,Male,Under 18,UK,London,Non-Member,2023-06-04
4396,Fan_04396,Non-binary,Under 18,Thailand,International City,Full Member,2021-09-01
4397,Fan_04397,Non-binary,35-44,Ireland,International City,Red Member,2024-05-23
4398,Fan_04398,Non-binary,35-44,Thailand,International City,Full Member,2021-04-03
4399,Fan_04399,Male,18-24,Ireland,International City,Red Member,2023-04-23
4400,Fan_04400,Non-binary,Under 18,USA,International City,Red Member,2022-02-21
4401,Fan_04401,Non-binary,55+,Thailand,International City,Non-Member,2020-07-28
4402,Fan_04402,Female,Under 18,USA,International City,Non-Member,2021-03-18
4403,Fan_04403,Female,Under 18,Norway,International City,Red Member,2022-09-09
4404,Fan_04404,Female,18-24,Thailand,International City,Non-Member,2024-08-28
4405,Fan_04405,Female,18-24,UK,Liverpool,Non-Member,2024-02-18
4406,Fan_04406,Non-binary,55+,Australia,International City,Full Member,2023-05-03
4407,Fan_04407,Male,45-54,UK,Liverpool,Red Member,2024-07-10
4408,Fan_04408,Female,18-24,UK,London,Red Member,2024-10-02
4409,Fan_04409,Male,Under 18,Ireland,International City,Non-Member,2022-08-14
4410,Fan_04410,Non-binary,18-24,UK,Liverpool,Non-Member,2020-07-01
4411,Fan_04411,Male,18-24,USA,International City,Full Member,2023-09-24
4412,Fan_04412,Male,55+,Ireland,International City,Full Member,2023-07-09
4413,Fan_04413,Non-binary,Under 18,UK,London,Non-Member,2022-01-26
4414,Fan_04414,Non-binary,45-54,Australia,International City,Full Member,2022-11-16
4415,Fan_04415,Non-binary,45-54,Thailand,International City,Red Member,2020-10-27
4416,Fan_04416,Female,Under 18,UK,London,Junior Member,2024-09-08
4417,Fan_04417,Non-binary,55+,Egypt,International City,Full Member,2021-08-16
4418,Fan_04418,Non-binary,Under 18,Ireland,International City,Non-Member,2023-01-24
4419,Fan_04419,Female,25-34,USA,International City,Red Member,2020-10-10
4420,Fan_04420,Female,25-34,UK,Liverpool,Red Member,2022-11-16
4421,Fan_04421,Male,45-54,China,International City,Red Member,2022-11-04
4422,Fan_04422,Male,45-54,UK,Liverpool,Non-Member,2020-05-06
4423,Fan_04423,Male,35-44,UK,London,Red Member,2021-10-17
4424,Fan_04424,Non-binary,Under 18,Norway,International City,Non-Member,2024-09-20
4425,Fan_04425,Male,25-34,UK,London,Full Member,2022-04-05
4426,Fan_04426,Non-binary,Under 18,UK,Liverpool,Non-Member,2022-11-12
4427,Fan_04427,Non-binary,45-54,Norway,International City,Non-Member,2024-06-08
4428,Fan_04428,Female,45-54,UK,Liverpool,Red Member,2020-11-04
4429,Fan_04429,Non-binary,35-44,USA,International City,Full Member,2023-10-04
4430,Fan_04430,Non-binary,55+,Norway,International City,Non-Member,2021-07-01
4431,Fan_04431,Male,55+,UK,Liverpool,Non-Member,2021-06-13
4432,Fan_04432,Female,Under 18,UK,Liverpool,Red Member,2022-05-24
4433,Fan_04433,Non-binary,55+,UK,Liverpool,Non-Member,2020-12-28
4434,Fan_04434,Female,55+,Norway,International City,Junior Member,2023-02-06
4435,Fan_04435,Male,25-34,Egypt,International City,Junior Member,2022-02-11
4436,Fan_04436,Female,45-54,UK,London,Full Member,2023-10-04
4437,Fan_04437,Female,18-24,Ireland,International City,Non-Member,2023-08-03
4438,Fan_04438,Female,55+,UK,Liverpool,Full Member,2021-08-02
4439,Fan_04439,Female,35-44,Thailand,International City,Red Member,2021-05-24
4440,Fan_04440,Female,45-54,China,International City,Red Member,2020-02-22
4441,Fan_04441,Female,18-24,UK,Liverpool,Non-Member,2022-06-28
4442,Fan_04442,Female,Under 18,UK,London,Red Member,2020-10-18
4443,Fan_04443,Female,45-54,UK,Liverpool,Premium/Lounge,2021-05-12
4444,Fan_04444,Female,25-34,Ireland,International City,Red Member,2023-01-24
4445,Fan_04445,Non-binary,18-24,UK,London,Non-Member,2022-12-30
4446,Fan_04446,Non-binary,55+,USA,International City,Red Member,2021-04-11
4447,Fan_04447,Male,35-44,Thailand,International City,Non-Member,2021-06-13
4448,Fan_04448,Female,18-24,USA,International City,Premium/Lounge,2022-12-15
4449,Fan_04449,Non-binary,45-54,USA,International City,Non-Member,2022-05-20
4450,Fan_04450,Male,Under 18,UK,Liverpool,Non-Member,2020-05-31
4451,Fan_04451,Male,45-54,UK,Liverpool,Premium/Lounge,2024-01-24
4452,Fan_04452,Non-binary,55+,UK,London,Non-Member,2024-08-07
4453,Fan_04453,Male,18-24,UK,Liverpool,Non-Member,2022-08-31
4454,Fan_04454,Female,Under 18,China,International City,Red Member,2021-01-17
4455,Fan_04455,Female,25-34,UK,London,Full Member,2022-11-12
4456,Fan_04456,Non-binary,Under 18,UK,Liverpool,Non-Member,2022-01-07
4457,Fan_04457,Female,18-24,UK,Liverpool,Non-Member,2020-09-12
4458,Fan_04458,Male,35-44,Thailand,International City,Red Member,2023-08-24
4459,Fan_04459,Non-binary,25-34,UK,Liverpool,Non-Member,2020-02-27
4460,Fan_04460,Female,35-44,Egypt,International City,Non-Member,2022-08-20
4461,Fan_04461,Non-binary,35-44,China,International City,Premium/Lounge,2020-05-13
4462,Fan_04462,Non-binary,18-24,China,International City,Junior Member,2021-06-13
4463,Fan_04463,Non-binary,45-54,Thailand,International City,Premium/Lounge,2023-01-24
4464,Fan_04464,Male,45-54,Ireland,International City,Red Member,2024-02-02
4465,Fan_04465,Female,45-54,UK,Liverpool,Non-Member,2020-07-17
4466,Fan_04466,Female,35-44,UK,London,Red Member,2024-10-02
4467,Fan_04467,Female,45-54,UK,Liverpool,Non-Member,2022-03-18
4468,Fan_04468,Female,25-34,Ireland,International City,Red Member,2022-05-14
4469,Fan_04469,Non-binary,45-54,Thailand,International City,Full Member,2024-07-06
4470,Fan_04470,Non-binary,35-44,UK,Liverpool,Junior Member,2023-06-20
4471,Fan_04471,Female,25-34,Egypt,International City,Red Member,2022-02-19
4472,Fan_04472,Female,55+,Egypt,International City,Non-Member,2021-11-01
4473,Fan_04473,Female,55+,UK,Liverpool,Non-Member,2020-08-14
4474,Fan_04474,Non-binary,45-54,UK,Liverpool,Junior Member,2021-01-04
4475,Fan_04475,Female,25-34,UK,Liverpool,Non-Member,2023-11-28
4476,Fan_04476,Male,25-34,UK,Liverpool,Non-Member,2020-05-24
4477,Fan_04477,Male,35-44,Norway,International City,Junior Member,2024-01-31
4478,Fan_04478,Non-binary,45-54,UK,London,Premium/Lounge,2024-04-28
4479,Fan_04479,Female,18-24,Egypt,International City,Red Member,2021-10-05
4480,Fan_04480,Non-binary,55+,UK,Liverpool,Non-Member,2020-07-23
4481,Fan_04481,Non-binary,25-34,Egypt,International City,Red Member,2022-02-01
4482,Fan_04482,Male,35-44,Thailand,International City,Red Member,2020-01-16
4483,Fan_04483,Non-binary,55+,UK,London,Full Member,2021-09-08
4484,Fan_04484,Non-binary,25-34,UK,London,Non-Member,2020-04-06
4485,Fan_04485,Female,55+,UK,Liverpool,Non-Member,2024-05-27
4486,Fan_04486,Non-binary,45-54,China,International City,Red Member,2022-06-02
4487,Fan_04487,Female,Under 18,Norway,International City,Red Member,2024-06-04
4488,Fan_04488,Female,18-24,USA,International City,Non-Member,2024-08-06
4489,Fan_04489,Female,35-44,UK,London,Premium/Lounge,2022-06-26
4490,Fan_04490,Male,45-54,UK,Liverpool,Red Member,2024-05-21
4491,Fan_04491,Male,18-24,UK,Liverpool,Red Member,2024-07-07
4492,Fan_04492,Male,35-44,Thailand,International City,Non-Member,2021-05-11
4493,Fan_04493,Female,35-44,UK,London,Non-Member,2024-10-15
4494,Fan_04494,Male,35-44,Ireland,International City,Red Member,2023-12-05
4495,Fan_04495,Female,55+,UK,London,Red Member,2023-05-21
4496,Fan_04496,Female,18-24,Thailand,International City,Non-Member,2020-01-19
4497,Fan_04497,Non-binary,35-44,Australia,International City,Non-Member,2024-10-18
4498,Fan_04498,Male,25-34,UK,London,Non-Member,2024-04-09
4499,Fan_04499,Female,35-44,USA,International City,Junior Member,2023-09-06
4500,Fan_04500,Female,35-44,Norway,International City,Non-Member,2024-04-13
4501,Fan_04501,Female,Under 18,UK,Liverpool,Non-Member,2020-06-10
4502,Fan_04502,Male,Under 18,UK,London,Red Member,2024-10-10
4503,Fan_04503,Female,45-54,Norway,International City,Red Member,2023-08-02
4504,Fan_04504,Male,45-54,UK,Liverpool,Non-Member,2020-08-09
4505,Fan_04505,Non-binary,45-54,Norway,International City,Red Member,2022-09-12
4506,Fan_04506,Female,45-54,China,International City,Non-Member,2021-02-05
4507,Fan_04507,Non-binary,25-34,UK,London,Red Member,2024-05-27
4508,Fan_04508,Female,35-44,UK,Liverpool,Non-Member,2024-01-11
4509,Fan_04509,Female,18-24,USA,International City,Full Member,2024-07-20
4510,Fan_04510,Male,18-24,USA,International City,Junior Member,2020-08-15
4511,Fan_04511,Non-binary,25-34,UK,London,Non-Member,2024-02-15
4512,Fan_04512,Female,25-34,China,International City,Non-Member,2022-05-30
4513,Fan_04513,Non-binary,35-44,UK,Liverpool,Premium/Lounge,2022-12-26
4514,Fan_04514,Female,55+,UK,Liverpool,Non-Member,2022-01-24
4515,Fan_04515,Male,25-34,UK,Liverpool,Non-Member,2020-09-09
4516,Fan_04516,Non-binary,55+,Australia,International City,Premium/Lounge,2021-04-21
4517,Fan_04517,Female,25-34,Norway,International City,Red Member,2024-06-20
4518,Fan_04518,Female,Under 18,China,International City,Non-Member,2023-10-16
4519,Fan_04519,Female,25-34,USA,International City,Full Member,2022-01-22
4520,Fan_04520,Female,55+,UK,Liverpool,Non-Member,2024-11-16
4521,Fan_04521,Male,Under 18,UK,Liverpool,Non-Member,2021-01-31
4522,Fan_04522,Female,25-34,UK,Liverpool,Premium/Lounge,2023-01-05
4523,Fan_04523,Non-binary,55+,Thailand,International City,Red Member,2023-10-29
4524,Fan_04524,Non-binary,Under 18,Thailand,International City,Red Member,2022-06-16
4525,Fan_04525,Female,18-24,China,International City,Non-Member,2023-09-22
4526,Fan_04526,Non-binary,55+,UK,Liverpool,Non-Member,2022-09-29
4527,Fan_04527,Non-binary,45-54,UK,London,Red Member,2023-11-04
4528,Fan_04528,Female,25-34,UK,Liverpool,Junior Member,2020-01-26
4529,Fan_04529,Non-binary,Under 18,Ireland,International City,Non-Member,2023-05-27
4530,Fan_04530,Male,25-34,UK,Liverpool,Red Member,2024-01-03
4531,Fan_04531,Male,Under 18,Ireland,International City,Red Member,2023-05-31
4532,Fan_04532,Non-binary,45-54,UK,London,Non-Member,2021-06-30
4533,Fan_04533,Male,25-34,Thailand,International City,Non-Member,2021-09-17
4534,Fan_04534,Non-binary,55+,UK,London,Junior Member,2020-07-31
4535,Fan_04535,Male,55+,Egypt,International City,Red Member,2022-06-21
4536,Fan_04536,Non-binary,25-34,Norway,International City,Red Member,2020-05-17
4537,Fan_04537,Female,18-24,USA,International City,Non-Member,2021-06-04
4538,Fan_04538,Female,25-34,UK,Liverpool,Non-Member,2022-05-25
4539,Fan_04539,Male,45-54,UK,Liverpool,Red Member,2023-11-10
4540,Fan_04540,Non-binary,18-24,UK,Liverpool,Red Member,2023-12-13
4541,Fan_04541,Male,Under 18,Egypt,International City,Full Member,2023-11-06
4542,Fan_04542,Non-binary,55+,Ireland,International City,Red Member,2021-05-08
4543,Fan_04543,Non-binary,Under 18,Ireland,International City,Non-Member,2023-01-04
4544,Fan_04544,Non-binary,45-54,USA,International City,Full Member,2021-06-07
4545,Fan_04545,Non-binary,35-44,Egypt,International City,Full Member,2023-03-09
4546,Fan_04546,Female,45-54,Thailand,International City,Red Member,2022-11-19
4547,Fan_04547,Male,55+,China,International City,Full Member,2020-05-04
4548,Fan_04548,Female,35-44,UK,Liverpool,Full Member,2023-12-10
4549,Fan_04549,Male,25-34,UK,Liverpool,Red Member,2023-10-26
4550,Fan_04550,Male,Under 18,UK,London,Non-Member,2024-10-31
4551,Fan_04551,Non-binary,45-54,China,International City,Premium/Lounge,2022-02-19
4552,Fan_04552,Female,18-24,China,International City,Non-Member,2020-09-27
4553,Fan_04553,Non-binary,18-24,UK,Liverpool,Full Member,2022-07-09
4554,Fan_04554,Male,45-54,UK,Liverpool,Non-Member,2020-11-05
4555,Fan_04555,Non-binary,45-54,UK,Liverpool,Red Member,2020-03-02
4556,Fan_04556,Male,45-54,USA,International City,Non-Member,2020-12-19
4557,Fan_04557,Non-binary,Under 18,Egypt,International City,Junior Member,2023-03-29
4558,Fan_04558,Male,18-24,Egypt,International City,Non-Member,2020-09-05
4559,Fan_04559,Male,18-24,UK,Liverpool,Non-Member,2020-12-25
4560,Fan_04560,Non-binary,45-54,UK,London,Red Member,2022-08-02
4561,Fan_04561,Female,Under 18,USA,International City,Non-Member,2020-03-02
4562,Fan_04562,Non-binary,45-54,Egypt,International City,Junior Member,2024-11-12
4563,Fan_04563,Non-binary,35-44,Egypt,International City,Junior Member,2022-03-02
4564,Fan_04564,Male,25-34,UK,London,Non-Member,2022-02-02
4565,Fan_04565,Female,Under 18,UK,Liverpool,Junior Member,2021-04-26
4566,Fan_04566,Female,25-34,Egypt,International City,Full Member,2021-05-14
4567,Fan_04567,Male,45-54,Ireland,International City,Red Member,2024-03-26
4568,Fan_04568,Female,35-44,UK,Liverpool,Premium/Lounge,2024-04-18
4569,Fan_04569,Non-binary,18-24,Egypt,International City,Non-Member,2021-10-06
4570,Fan_04570,Non-binary,25-34,UK,Liverpool,Junior Member,2024-06-06
4571,Fan_04571,Male,55+,UK,London,Premium/Lounge,2020-02-04
4572,Fan_04572,Female,18-24,USA,International City,Non-Member,2022-01-27
4573,Fan_04573,Non-binary,45-54,UK,Liverpool,Red Member,2022-06-15
4574,Fan_04574,Non-binary,Under 18,UK,London,Red Member,2022-06-05
4575,Fan_04575,Female,35-44,Australia,International City,Non-Member,2020-07-07
4576,Fan_04576,Non-binary,35-44,UK,London,Red Member,2021-09-04
4577,Fan_04577,Non-binary,18-24,UK,Liverpool,Non-Member,2020-01-04
4578,Fan_04578,Non-binary,25-34,USA,International City,Non-Member,2022-03-27
4579,Fan_04579,Non-binary,25-34,Thailand,International City,Premium/Lounge,2023-06-20
4580,Fan_04580,Male,45-54,Norway,International City,Full Member,2020-01-31
4581,Fan_04581,Male,35-44,UK,Liverpool,Red Member,2023-01-27
4582,Fan_04582,Male,35-44,UK,London,Red Member,2024-01-26
4583,Fan_04583,Non-binary,45-54,Egypt,International City,Red Member,2020-11-22
4584,Fan_04584,Male,45-54,UK,Liverpool,Non-Member,2023-01-10
4585,Fan_04585,Non-binary,45-54,USA,International City,Red Member,2023-07-25
4586,Fan_04586,Male,35-44,Egypt,International City,Red Member,2023-10-28
4587,Fan_04587,Non-binary,35-44,Ireland,International City,Full Member,2020-05-28
4588,Fan_04588,Non-binary,35-44,UK,London,Non-Member,2022-01-13
4589,Fan_04589,Male,45-54,USA,International City,Red Member,2022-02-11
4590,Fan_04590,Male,18-24,UK,Liverpool,Non-Member,2020-06-27
4591,Fan_04591,Non-binary,25-34,UK,Liverpool,Red Member,2024-10-05
4592,Fan_04592,Non-binary,45-54,Ireland,International City,Full Member,2024-08-28
4593,Fan_04593,Female,Under 18,UK,London,Full Member,2024-10-16
4594,Fan_04594,Non-binary,25-34,UK,Liverpool,Non-Member,2020-05-29
4595,Fan_04595,Female,25-34,USA,International City,Red Member,2021-10-05
4596,Fan_04596,Female,25-34,UK,Liverpool,Junior Member,2020-07-03
4597,Fan_04597,Non-binary,18-24,Australia,International City,Red Member,2021-08-30
4598,Fan_04598,Male,Under 18,UK,Liverpool,Red Member,2023-10-10
4599,Fan_04599,Non-binary,18-24,Ireland,International City,Non-Member,2020-07-07
4600,Fan_04600,Non-binary,45-54,Thailand,International City,Red Member,2020-10-09
4601,Fan_04601,Female,18-24,USA,International City,Non-Member,2020-10-15
4602,Fan_04602,Female,25-34,Thailand,International City,Red Member,2023-04-18
4603,Fan_04603,Non-binary,25-34,UK,Liverpool,Junior Member,2024-02-06
4604,Fan_04604,Male,Under 18,UK,London,Full Member,2021-12-10
4605,Fan_04605,Female,25-34,Australia,International City,Red Member,2024-09-02
4606,Fan_04606,Non-binary,18-24,UK,London,Non-Member,2024-09-26
4607,Fan_04607,Male,18-24,Thailand,International City,Red Member,2022-10-14
4608,Fan_04608,Male,55+,UK,Liverpool,Non-Member,2020-05-09
4609,Fan_04609,Female,18-24,Ireland,International City,Junior Member,2021-12-01
4610,Fan_04610,Female,Under 18,USA,International City,Red Member,2020-12-17
4611,Fan_04611,Female,35-44,UK,Liverpool,Non-Member,2022-10-27
4612,Fan_04612,Non-binary,25-34,UK,Liverpool,Junior Member,2024-05-31
4613,Fan_04613,Male,35-44,UK,London,Red Member,2023-08-28
4614,Fan_04614,Male,18-24,Egypt,International City,Junior Member,2021-06-20
4615,Fan_04615,Female,18-24,China,International City,Non-Member,2020-10-06
4616,Fan_04616,Male,35-44,USA,International City,Red Member,2024-06-15
4617,Fan_04617,Female,Under 18,China,International City,Red Member,2020-05-14
4618,Fan_04618,Non-binary,55+,UK,Liverpool,Junior Member,2024-03-22
4619,Fan_04619,Non-binary,25-34,UK,London,Non-Member,2023-06-04
4620,Fan_04620,Male,55+,UK,Liverpool,Non-Member,2021-10-07
4621,Fan_04621,Non-binary,Under 18,UK,Liverpool,Premium/Lounge,2022-01-12
4622,Fan_04622,Female,Under 18,UK,Liverpool,Full Member,2020-10-05
4623,Fan_04623,Female,Under 18,UK,London,Red Member,2023-04-30
4624,Fan_04624,Male,35-44,UK,Liverpool,Non-Member,2023-12-05
4625,Fan_04625,Male,45-54,Ireland,International City,Full Member,2024-05-27
4626,Fan_04626,Female,55+,UK,Liverpool,Non-Member,2021-04-09
4627,Fan_04627,Male,45-54,Ireland,International City,Red Member,2022-08-17
4628,Fan_04628,Non-binary,45-54,USA,International City,Full Member,2021-03-12
4629,Fan_04629,Female,18-24,USA,International City,Full Member,2021-06-10
4630,Fan_04630,Male,35-44,UK,Liverpool,Junior Member,2020-06-29
4631,Fan_04631,Non-binary,45-54,Thailand,International City,Non-Member,2022-08-29
4632,Fan_04632,Non-binary,Under 18,UK,Liverpool,Non-Member,2024-04-27
4633,Fan_04633,Male,Under 18,China,International City,Non-Member,2021-11-11
4634,Fan_04634,Non-binary,55+,UK,London,Full Member,2022-04-05
4635,Fan_04635,Male,35-44,UK,Liverpool,Non-Member,2021-03-12
4636,Fan_04636,Female,35-44,China,International City,Non-Member,2022-12-09
4637,Fan_04637,Male,25-34,China,International City,Non-Member,2022-05-11
4638,Fan_04638,Male,35-44,Egypt,International City,Non-Member,2023-01-22
4639,Fan_04639,Male,55+,USA,International City,Red Member,2022-07-06
4640,Fan_04640,Male,55+,UK,Liverpool,Non-Member,2021-09-05
4641,Fan_04641,Non-binary,18-24,Egypt,International City,Full Member,2021-09-13
4642,Fan_04642,Male,35-44,UK,London,Full Member,2024-10-06
4643,Fan_04643,Male,45-54,UK,Liverpool,Non-Member,2021-11-08
4644,Fan_04644,Female,25-34,UK,London,Junior Member,2020-04-12
4645,Fan_04645,Female,35-44,USA,International City,Full Member,2021-11-18
4646,Fan_04646,Female,18-24,UK,London,Non-Member,2023-03-02
4647,Fan_04647,Male,45-54,UK,Liverpool,Non-Member,2023-01-12
4648,Fan_04648,Female,Under 18,UK,Liverpool,Non-Member,2022-10-07
4649,Fan_04649,Non-binary,25-34,Ireland,International City,Junior Member,2020-02-26
4650,Fan_04650,Non-binary,Under 18,Australia,International City,Non-Member,2020-07-23
4651,Fan_04651,Female,45-54,UK,Liverpool,Red Member,2020-07-13
4652,Fan_04652,Non-binary,Under 18,Thailand,International City,Non-Member,2021-11-03
4653,Fan_04653,Female,55+,UK,Liverpool,Red Member,2020-04-20
4654,Fan_04654,Non-binary,18-24,Australia,International City,Non-Member,2023-07-22
4655,Fan_04655,Non-binary,25-34,UK,Liverpool,Non-Member,2021-10-07
4656,Fan_04656,Male,55+,UK,Liverpool,Non-Member,2020-01-02
4657,Fan_04657,Male,35-44,UK,Liverpool,Red Member,2024-05-26
4658,Fan_04658,Female,Under 18,Egypt,International City,Non-Member,2020-11-19
4659,Fan_04659,Non-binary,Under 18,USA,International City,Non-Member,2021-10-16
4660,Fan_04660,Non-binary,18-24,UK,London,Red Member,2024-06-22
4661,Fan_04661,Non-binary,55+,Ireland,International City,Full Member,2021-06-15
4662,Fan_04662,Non-binary,45-54,USA,International City,Red Member,2020-03-06
4663,Fan_04663,Female,Under 18,USA,International City,Red Member,2020-07-23
4664,Fan_04664,Female,55+,China,International City,Non-Member,2024-09-25
4665,Fan_04665,Non-binary,Under 18,UK,Liverpool,Red Member,2023-12-21
4666,Fan_04666,Non-binary,55+,China,International City,Red Member,2023-08-11
4667,Fan_04667,Non-binary,Under 18,UK,Liverpool,Non-Member,2020-01-20
4668,Fan_04668,Female,55+,USA,International City,Full Member,2021-03-18
4669,Fan_04669,Male,18-24,UK,Liverpool,Junior Member,2023-03-31
4670,Fan_04670,Female,18-24,UK,London,Non-Member,2024-12-03
4671,Fan_04671,Non-binary,45-54,UK,Liverpool,Junior Member,2024-04-06
4672,Fan_04672,Non-binary,25-34,UK,London,Full Member,2023-06-10
4673,Fan_04673,Non-binary,25-34,UK,Liverpool,Full Member,2023-06-16
4674,Fan_04674,Female,25-34,UK,Liverpool,Premium/Lounge,2024-03-16
4675,Fan_04675,Non-binary,45-54,UK,Liverpool,Red Member,2020-10-27
4676,Fan_04676,Male,Under 18,UK,London,Non-Member,2022-04-14
4677,Fan_04677,Non-binary,45-54,Norway,International City,Non-Member,2023-08-12
4678,Fan_04678,Female,45-54,UK,London,Non-Member,2020-05-30
4679,Fan_04679,Female,55+,Egypt,International City,Red Member,2022-09-04
4680,Fan_04680,Non-binary,18-24,UK,London,Red Member,2022-10-22
4681,Fan_04681,Male,55+,UK,Liverpool,Non-Member,2023-09-18
4682,Fan_04682,Female,25-34,UK,Liverpool,Full Member,2023-12-02
4683,Fan_04683,Male,Under 18,UK,Liverpool,Red Member,2022-10-02
4684,Fan_04684,Female,18-24,USA,International City,Red Member,2021-11-02
4685,Fan_04685,Non-binary,25-34,UK,London,Non-Member,2020-05-29
4686,Fan_04686,Male,35-44,Norway,International City,Red Member,2021-06-06
4687,Fan_04687,Male,25-34,UK,Liverpool,Non-Member,2022-07-29
4688,Fan_04688,Female,18-24,Egypt,International City,Full Member,2020-05-05
4689,Fan_04689,Male,55+,Ireland,International City,Full Member,2023-12-09
4690,Fan_04690,Male,18-24,China,International City,Non-Member,2021-09-22
4691,Fan_04691,Male,Under 18,UK,Liverpool,Junior Member,2024-05-31
4692,Fan_04692,Non-binary,35-44,UK,Liverpool,Junior Member,2020-04-05
4693,Fan_04693,Non-binary,45-54,UK,London,Full Member,2022-04-27
4694,Fan_04694,Female,18-24,Egypt,International City,Non-Member,2020-11-06
4695,Fan_04695,Female,35-44,UK,London,Non-Member,2024-06-15
4696,Fan_04696,Male,25-34,UK,Liverpool,Junior Member,2021-11-16
4697,Fan_04697,Female,45-54,USA,International City,Full Member,2024-06-05
4698,Fan_04698,Female,25-34,Egypt,International City,Full Member,2024-10-28
4699,Fan_04699,Non-binary,55+,UK,London,Full Member,2024-04-28
4700,Fan_04700,Female,18-24,USA,International City,Red Member,2020-04-05
4701,Fan_04701,Male,35-44,UK,Liverpool,Junior Member,2024-07-04
4702,Fan_04702,Non-binary,18-24,UK,Liverpool,Red Member,2022-01-27
4703,Fan_04703,Male,25-34,UK,Liverpool,Red Member,2022-08-06
4704,Fan_04704,Male,Under 18,UK,Liverpool,Red Member,2020-08-22
4705,Fan_04705,Male,18-24,UK,Liverpool,Junior Member,2024-03-19
4706,Fan_04706,Male,18-24,Egypt,International City,Non-Member,2022-06-02
4707,Fan_04707,Male,Under 18,Australia,International City,Full Member,2024-06-16
4708,Fan_04708,Non-binary,55+,Thailand,International City,Non-Member,2020-05-18
4709,Fan_04709,Non-binary,Under 18,UK,Liverpool,Red Member,2023-03-19
4710,Fan_04710,Non-binary,Under 18,Norway,International City,Junior Member,2022-01-19
4711,Fan_04711,Male,35-44,Egypt,International City,Non-Member,2024-05-01
4712,Fan_04712,Male,45-54,UK,Liverpool,Red Member,2021-11-11
4713,Fan_04713,Non-binary,Under 18,Egypt,International City,Junior Member,2023-04-20
4714,Fan_04714,Female,55+,UK,Liverpool,Red Member,2020-12-08
4715,Fan_04715,Non-binary,Under 18,China,International City,Red Member,2023-02-12
4716,Fan_04716,Male,55+,Egypt,International City,Non-Member,2024-03-16
4717,Fan_04717,Female,18-24,China,International City,Red Member,2022-12-31
4718,Fan_04718,Non-binary,45-54,China,International City,Non-Member,2020-05-17
4719,Fan_04719,Female,45-54,Egypt,International City,Non-Member,2022-11-07
4720,Fan_04720,Female,18-24,Thailand,International City,Red Member,2021-07-19
4721,Fan_04721,Female,Under 18,UK,Liverpool,Full Member,2020-07-15
4722,Fan_04722,Male,18-24,Egypt,International City,Junior Member,2024-03-24
4723,Fan_04723,Male,Under 18,Norway,International City,Non-Member,2020-12-29
4724,Fan_04724,Male,45-54,Egypt,International City,Non-Member,2023-01-04
4725,Fan_04725,Male,18-24,UK,Liverpool,Full Member,2020-11-14
4726,Fan_04726,Female,25-34,UK,London,Red Member,2021-07-24
4727,Fan_04727,Male,55+,Ireland,International City,Non-Member,2024-03-14
4728,Fan_04728,Non-binary,Under 18,Egypt,International City,Non-Member,2022-05-13
4729,Fan_04729,Non-binary,18-24,UK,Liverpool,Junior Member,2020-01-21
4730,Fan_04730,Male,55+,Australia,International City,Full Member,2024-02-13
4731,Fan_04731,Non-binary,18-24,UK,London,Non-Member,2021-07-21
4732,Fan_04732,Non-binary,18-24,China,International City,Non-Member,2024-10-11
4733,Fan_04733,Female,35-44,UK,London,Red Member,2024-10-07
4734,Fan_04734,Male,18-24,UK,Liverpool,Red Member,2024-01-10
4735,Fan_04735,Male,45-54,UK,London,Non-Member,2022-05-05
4736,Fan_04736,Female,25-34,UK,Liverpool,Red Member,2021-02-07
4737,Fan_04737,Male,25-34,UK,Liverpool,Junior Member,2024-06-12
4738,Fan_04738,Male,35-44,Thailand,International City,Red Member,2022-07-30
4739,Fan_04739,Non-binary,Under 18,UK,London,Full Member,2023-01-05
4740,Fan_04740,Male,55+,UK,London,Non-Member,2023-08-27
4741,Fan_04741,Male,35-44,UK,Liverpool,Junior Member,2024-07-22
4742,Fan_04742,Non-binary,Under 18,Australia,International City,Red Member,2021-09-03
4743,Fan_04743,Male,18-24,UK,Liverpool,Full Member,2024-03-14
4744,Fan_04744,Male,Under 18,Egypt,International City,Non-Member,2021-06-23
4745,Fan_04745,Non-binary,45-54,UK,Liverpool,Non-Member,2020-05-16
4746,Fan_04746,Female,35-44,Thailand,International City,Non-Member,2020-11-04
4747,Fan_04747,Male,18-24,Egypt,International City,Non-Member,2022-05-09
4748,Fan_04748,Male,45-54,Norway,International City,Non-Member,2022-01-21
4749,Fan_04749,Non-binary,25-34,USA,International City,Red Member,2024-09-19
4750,Fan_04750,Female,Under 18,USA,International City,Red Member,2021-04-23
4751,Fan_04751,Female,18-24,Australia,International City,Non-Member,2023-03-14
4752,Fan_04752,Female,25-34,Egypt,International City,Red Member,2020-05-03
4753,Fan_04753,Female,25-34,UK,Liverpool,Full Member,2020-03-15
4754,Fan_04754,Female,35-44,USA,International City,Non-Member,2023-11-03
4755,Fan_04755,Male,55+,UK,Liverpool,Non-Member,2023-03-08
4756,Fan_04756,Female,Under 18,USA,International City,Non-Member,2023-08-18
4757,Fan_04757,Female,18-24,Thailand,International City,Red Member,2021-01-23
4758,Fan_04758,Female,18-24,UK,Liverpool,Red Member,2024-09-04
4759,Fan_04759,Male,25-34,UK,London,Non-Member,2024-05-28
4760,Fan_04760,Non-binary,18-24,USA,International City,Junior Member,2021-12-04
4761,Fan_04761,Non-binary,55+,Ireland,International City,Red Member,2021-06-29
4762,Fan_04762,Male,Under 18,Australia,International City,Junior Member,2022-11-20
4763,Fan_04763,Non-binary,Under 18,Egypt,International City,Red Member,2024-02-14
4764,Fan_04764,Non-binary,55+,Norway,International City,Full Member,2020-07-19
4765,Fan_04765,Non-binary,35-44,China,International City,Non-Member,2023-08-02
4766,Fan_04766,Non-binary,Under 18,UK,Liverpool,Full Member,2023-05-15
4767,Fan_04767,Non-binary,35-44,Thailand,International City,Non-Member,2021-03-27
4768,Fan_04768,Male,18-24,UK,Liverpool,Junior Member,2021-07-30
4769,Fan_04769,Male,25-34,USA,International City,Junior Member,2020-04-27
4770,Fan_04770,Male,18-24,UK,Liverpool,Non-Member,2021-02-18
4771,Fan_04771,Male,Under 18,UK,Liverpool,Non-Member,2023-12-17
4772,Fan_04772,Non-binary,35-44,UK,Liverpool,Red Member,2020-02-27
4773,Fan_04773,Female,25-34,UK,Liverpool,Red Member,2024-05-13
4774,Fan_04774,Female,55+,China,International City,Full Member,2023-10-14
4775,Fan_04775,Female,35-44,UK,Liverpool,Full Member,2023-12-29
4776,Fan_04776,Female,55+,China,International City,Premium/Lounge,2023-07-25
4777,Fan_04777,Female,18-24,UK,Liverpool,Red Member,2022-01-29
4778,Fan_04778,Female,25-34,Egypt,International City,Red Member,2022-03-02
4779,Fan_04779,Non-binary,45-54,China,International City,Red Member,2024-07-10
4780,Fan_04780,Female,18-24,UK,Liverpool,Non-Member,2020-12-28
4781,Fan_04781,Male,45-54,UK,London,Junior Member,2020-01-17
4782,Fan_04782,Female,45-54,Thailand,International City,Non-Member,2022-11-06
4783,Fan_04783,Male,35-44,UK,Liverpool,Full Member,2020-10-19
4784,Fan_04784,Female,45-54,UK,Liverpool,Red Member,2022-03-24
4785,Fan_04785,Male,Under 18,UK,Liverpool,Non-Member,2020-01-28
4786,Fan_04786,Female,18-24,USA,International City,Non-Member,2022-01-23
4787,Fan_04787,Non-binary,45-54,China,International City,Non-Member,2021-06-28
4788,Fan_04788,Female,Under 18,UK,London,Junior Member,2021-06-26
4789,Fan_04789,Non-binary,45-54,Ireland,International City,Non-Member,2021-05-22
4790,Fan_04790,Male,25-34,UK,Liverpool,Premium/Lounge,2021-10-10
4791,Fan_04791,Male,35-44,UK,London,Full Member,2022-04-25
4792,Fan_04792,Female,18-24,UK,Liverpool,Non-Member,2023-10-26
4793,Fan_04793,Non-binary,55+,UK,London,Junior Member,2020-09-06
4794,Fan_04794,Non-binary,25-34,Norway,International City,Non-Member,2020-10-17
4795,Fan_04795,Non-binary,45-54,UK,London,Red Member,2020-07-08
4796,Fan_04796,Female,25-34,Egypt,International City,Non-Member,2021-03-04
4797,Fan_04797,Non-binary,25-34,UK,Liverpool,Junior Member,2020-12-26
4798,Fan_04798,Non-binary,35-44,USA,International City,Non-Member,2021-06-30
4799,Fan_04799,Non-binary,55+,Australia,International City,Red Member,2020-04-09
4800,Fan_04800,Non-binary,18-24,UK,Liverpool,Full Member,2024-07-28
4801,Fan_04801,Male,55+,Australia,International City,Red Member,2022-04-21
4802,Fan_04802,Male,18-24,UK,Liverpool,Red Member,2022-08-05
4803,Fan_04803,Male,45-54,USA,International City,Red Member,2022-03-30
4804,Fan_04804,Female,35-44,Australia,International City,Non-Member,2021-02-03
4805,Fan_04805,Male,Under 18,USA,International City,Non-Member,2020-05-06
4806,Fan_04806,Male,55+,Ireland,International City,Junior Member,2022-01-01
4807,Fan_04807,Non-binary,Under 18,UK,Liverpool,Non-Member,2022-01-22
4808,Fan_04808,Non-binary,Under 18,UK,Liverpool,Non-Member,2020-02-21
4809,Fan_04809,Non-binary,18-24,UK,Liverpool,Junior Member,2020-09-19
4810,Fan_04810,Female,35-44,UK,London,Full Member,2024-09-30
4811,Fan_04811,Male,45-54,UK,London,Non-Member,2021-04-09
4812,Fan_04812,Non-binary,Under 18,Thailand,International City,Premium/Lounge,2021-03-21
4813,Fan_04813,Female,45-54,China,International City,Full Member,2023-11-22
4814,Fan_04814,Male,Under 18,UK,Liverpool,Non-Member,2020-09-06
4815,Fan_04815,Female,25-34,UK,London,Junior Member,2020-11-11
4816,Fan_04816,Female,18-24,Egypt,International City,Junior Member,2020-02-24
4817,Fan_04817,Non-binary,18-24,Thailand,International City,Full Member,2024-01-27
4818,Fan_04818,Female,18-24,Ireland,International City,Red Member,2020-09-18
4819,Fan_04819,Female,45-54,China,International City,Red Member,2024-08-21
4820,Fan_04820,Non-binary,18-24,Ireland,International City,Non-Member,2020-10-30
4821,Fan_04821,Non-binary,35-44,UK,London,Non-Member,2023-12-03
4822,Fan_04822,Male,45-54,Thailand,International City,Full Member,2023-05-30
4823,Fan_04823,Female,35-44,UK,London,Junior Member,2023-11-21
4824,Fan_04824,Male,18-24,UK,Liverpool,Non-Member,2022-05-16
4825,Fan_04825,Male,45-54,USA,International City,Red Member,2020-03-12
4826,Fan_04826,Female,Under 18,Norway,International City,Non-Member,2023-02-02
4827,Fan_04827,Male,45-54,USA,International City,Non-Member,2022-03-07
4828,Fan_04828,Female,Under 18,Thailand,International City,Premium/Lounge,2022-11-01
4829,Fan_04829,Male,35-44,UK,Liverpool,Non-Member,2020-07-21
4830,Fan_04830,Male,35-44,UK,Liverpool,Non-Member,2021-12-26
4831,Fan_04831,Non-binary,18-24,Ireland,International City,Full Member,2023-10-20
4832,Fan_04832,Non-binary,18-24,Egypt,International City,Junior Member,2020-07-02
4833,Fan_04833,Non-binary,55+,Norway,International City,Red Member,2023-12-19
4834,Fan_04834,Female,45-54,China,International City,Non-Member,2024-05-15
4835,Fan_04835,Female,18-24,USA,International City,Red Member,2022-06-25
4836,Fan_04836,Female,18-24,China,International City,Non-Member,2021-03-05
4837,Fan_04837,Male,18-24,UK,Liverpool,Non-Member,2023-12-29
4838,Fan_04838,Male,55+,Egypt,International City,Non-Member,2024-03-24
4839,Fan_04839,Female,25-34,Thailand,International City,Non-Member,2021-12-09
4840,Fan_04840,Non-binary,55+,Egypt,International City,Full Member,2020-11-11
4841,Fan_04841,Non-binary,55+,China,International City,Full Member,2024-10-27
4842,Fan_04842,Female,35-44,UK,London,Non-Member,2022-02-11
4843,Fan_04843,Non-binary,25-34,UK,Liverpool,Non-Member,2022-01-31
4844,Fan_04844,Male,35-44,Ireland,International City,Non-Member,2024-09-02
4845,Fan_04845,Non-binary,35-44,Ireland,International City,Non-Member,2020-05-16
4846,Fan_04846,Male,45-54,Ireland,International City,Non-Member,2021-07-10
4847,Fan_04847,Non-binary,35-44,USA,International City,Non-Member,2020-08-02
4848,Fan_04848,Non-binary,25-34,UK,London,Non-Member,2024-10-20
4849,Fan_04849,Female,Under 18,Egypt,International City,Full Member,2023-02-24
4850,Fan_04850,Non-binary,Under 18,UK,London,Non-Member,2024-05-05
4851,Fan_04851,Non-binary,Under 18,UK,London,Red Member,2024-05-25
4852,Fan_04852,Male,45-54,UK,Liverpool,Junior Member,2022-08-27
4853,Fan_04853,Female,35-44,Ireland,International City,Non-Member,2021-10-04
4854,Fan_04854,Female,35-44,China,International City,Non-Member,2022-01-10
4855,Fan_04855,Male,18-24,UK,London,Full Member,2023-09-13
4856,Fan_04856,Female,55+,UK,London,Non-Member,2020-05-27
4857,Fan_04857,Non-binary,25-34,UK,Liverpool,Red Member,2022-05-27
4858,Fan_04858,Non-binary,Under 18,UK,London,Full Member,2024-01-16
4859,Fan_04859,Male,45-54,UK,Liverpool,Red Member,2022-07-12
4860,Fan_04860,Female,25-34,Egypt,International City,Non-Member,2020-05-03
4861,Fan_04861,Male,18-24,Norway,International City,Non-Member,2021-06-03
4862,Fan_04862,Male,55+,UK,Liverpool,Non-Member,2020-05-25
4863,Fan_04863,Non-binary,35-44,Thailand,International City,Non-Member,2020-10-05
4864,Fan_04864,Non-binary,Under 18,China,International City,Non-Member,2021-09-21
4865,Fan_04865,Non-binary,18-24,UK,Liverpool,Premium/Lounge,2024-01-07
4866,Fan_04866,Non-binary,35-44,USA,International City,Red Member,2022-12-25
4867,Fan_04867,Non-binary,35-44,Egypt,International City,Red Member,2020-03-15
4868,Fan_04868,Non-binary,35-44,Egypt,International City,Non-Member,2020-05-31
4869,Fan_04869,Female,18-24,UK,Liverpool,Non-Member,2024-06-22
4870,Fan_04870,Male,18-24,Thailand,International City,Red Member,2023-08-28
4871,Fan_04871,Male,35-44,UK,Liverpool,Red Member,2023-11-25
4872,Fan_04872,Non-binary,45-54,Thailand,International City,Full Member,2022-08-31
4873,Fan_04873,Non-binary,35-44,Ireland,International City,Red Member,2021-04-30
4874,Fan_04874,Male,55+,Ireland,International City,Junior Member,2023-03-16
4875,Fan_04875,Non-binary,25-34,Australia,International City,Non-Member,2020-08-24
4876,Fan_04876,Male,55+,Thailand,International City,Premium/Lounge,2022-02-21
4877,Fan_04877,Male,45-54,UK,London,Junior Member,2024-01-24
4878,Fan_04878,Non-binary,25-34,Thailand,International City,Non-Member,2021-04-22
4879,Fan_04879,Male,Under 18,UK,London,Full Member,2020-05-21
4880,Fan_04880,Female,35-44,UK,Liverpool,Red Member,2021-07-11
4881,Fan_04881,Female,25-34,UK,Liverpool,Red Member,2020-01-15
4882,Fan_04882,Male,Under 18,China,International City,Non-Member,2022-05-11
4883,Fan_04883,Female,35-44,Egypt,International City,Non-Member,2021-09-25
4884,Fan_04884,Non-binary,35-44,Egypt,International City,Red Member,2022-04-01
4885,Fan_04885,Non-binary,35-44,UK,Liverpool,Non-Member,2020-07-01
4886,Fan_04886,Male,35-44,USA,International City,Red Member,2022-05-23
4887,Fan_04887,Male,25-34,Australia,International City,Red Member,2020-03-08
4888,Fan_04888,Female,25-34,UK,Liverpool,Junior Member,2021-03-27
4889,Fan_04889,Male,Under 18,Norway,International City,Full Member,2024-02-22
4890,Fan_04890,Non-binary,35-44,UK,Liverpool,Full Member,2021-01-16
4891,Fan_04891,Female,Under 18,USA,International City,Non-Member,2023-07-24
4892,Fan_04892,Non-binary,25-34,Egypt,International City,Non-Member,2023-03-11
4893,Fan_04893,Female,18-24,Australia,International City,Red Member,2021-02-25
4894,Fan_04894,Non-binary,35-44,UK,Liverpool,Junior Member,2020-01-17
4895,Fan_04895,Male,18-24,UK,London,Red Member,2020-11-25
4896,Fan_04896,Female,55+,USA,International City,Non-Member,2022-05-23
4897,Fan_04897,Male,25-34,UK,London,Full Member,2021-08-16
4898,Fan_04898,Non-binary,45-54,Egypt,International City,Full Member,2024-04-12
4899,Fan_04899,Female,25-34,UK,Liverpool,Red Member,2023-09-08
4900,Fan_04900,Male,25-34,USA,International City,Red Member,2024-03-23
4901,Fan_04901,Female,55+,UK,Liverpool,Non-Member,2021-09-21
4902,Fan_04902,Female,Under 18,China,International City,Non-Member,2023-06-07
4903,Fan_04903,Non-binary,45-54,UK,London,Non-Member,2024-03-22
4904,Fan_04904,Male,55+,Thailand,International City,Non-Member,2021-07-18
4905,Fan_04905,Female,25-34,Thailand,International City,Non-Member,2023-03-23
4906,Fan_04906,Female,Under 18,UK,Liverpool,Red Member,2024-04-03
4907,Fan_04907,Non-binary,55+,Australia,International City,Full Member,2020-12-16
4908,Fan_04908,Non-binary,25-34,UK,London,Red Member,2022-05-10
4909,Fan_04909,Female,55+,UK,Liverpool,Non-Member,2023-03-24
4910,Fan_04910,Non-binary,55+,Australia,International City,Premium/Lounge,2022-12-05
4911,Fan_04911,Female,Under 18,Thailand,International City,Non-Member,2020-11-18
4912,Fan_04912,Non-binary,35-44,UK,Liverpool,Non-Member,2020-05-05
4913,Fan_04913,Male,Under 18,Australia,International City,Red Member,2024-04-08
4914,Fan_04914,Female,45-54,UK,Liverpool,Red Member,2021-01-29
4915,Fan_04915,Female,25-34,UK,Liverpool,Red Member,2022-08-25
4916,Fan_04916,Male,18-24,Thailand,International City,Non-Member,2021-05-15
4917,Fan_04917,Female,45-54,UK,London,Red Member,2024-10-03
4918,Fan_04918,Male,18-24,UK,London,Junior Member,2023-06-05
4919,Fan_04919,Male,18-24,UK,Liverpool,Junior Member,2024-11-26
4920,Fan_04920,Male,18-24,UK,London,Junior Member,2024-11-04
4921,Fan_04921,Female,35-44,USA,International City,Red Member,2022-12-18
4922,Fan_04922,Non-binary,35-44,China,International City,Non-Member,2021-11-08
4923,Fan_04923,Female,55+,Thailand,International City,Junior Member,2024-09-15
4924,Fan_04924,Male,45-54,Norway,International City,Red Member,2024-07-09
4925,Fan_04925,Non-binary,18-24,UK,Liverpool,Non-Member,2021-06-18
4926,Fan_04926,Female,45-54,China,International City,Non-Member,2021-01-22
4927,Fan_04927,Female,35-44,UK,Liverpool,Non-Member,2020-06-22
4928,Fan_04928,Non-binary,45-54,UK,London,Red Member,2020-04-08
4929,Fan_04929,Male,18-24,UK,London,Red Member,2020-11-18
4930,Fan_04930,Non-binary,18-24,Australia,International City,Non-Member,2024-10-23
4931,Fan_04931,Female,25-34,UK,London,Non-Member,2021-06-26
4932,Fan_04932,Male,55+,USA,International City,Non-Member,2020-02-08
4933,Fan_04933,Female,55+,UK,London,Full Member,2022-05-01
4934,Fan_04934,Non-binary,55+,Norway,International City,Junior Member,2024-06-28
4935,Fan_04935,Female,45-54,Ireland,International City,Non-Member,2020-03-07
4936,Fan_04936,Non-binary,25-34,Egypt,International City,Junior Member,2023-12-20
4937,Fan_04937,Female,35-44,UK,Liverpool,Premium/Lounge,2023-04-08
4938,Fan_04938,Non-binary,Under 18,UK,London,Full Member,2023-09-19
4939,Fan_04939,Female,25-34,Norway,International City,Non-Member,2022-08-11
4940,Fan_04940,Male,25-34,UK,London,Non-Member,2024-09-19
4941,Fan_04941,Male,45-54,UK,London,Red Member,2020-04-06
4942,Fan_04942,Non-binary,45-54,UK,London,Non-Member,2022-05-14
4943,Fan_04943,Female,18-24,USA,International City,Red Member,2024-03-19
4944,Fan_04944,Male,18-24,UK,Liverpool,Non-Member,2020-09-30
4945,Fan_04945,Male,45-54,Egypt,International City,Non-Member,2020-01-20
4946,Fan_04946,Female,35-44,UK,London,Full Member,2020-08-08
4947,Fan_04947,Male,18-24,UK,London,Non-Member,2021-03-25
4948,Fan_04948,Female,35-44,UK,London,Non-Member,2024-02-12
4949,Fan_04949,Male,55+,Australia,International City,Red Member,2024-05-23
4950,Fan_04950,Female,Under 18,USA,International City,Red Member,2024-10-18
4951,Fan_04951,Male,35-44,USA,International City,Full Member,2023-06-03
4952,Fan_04952,Female,18-24,UK,Liverpool,Premium/Lounge,2020-04-26
4953,Fan_04953,Female,18-24,UK,London,Non-Member,2020-06-09
4954,Fan_04954,Non-binary,45-54,UK,Liverpool,Full Member,2024-04-25
4955,Fan_04955,Male,18-24,UK,Liverpool,Non-Member,2021-03-19
4956,Fan_04956,Male,Under 18,UK,Liverpool,Non-Member,2023-01-11
4957,Fan_04957,Non-binary,55+,UK,Liverpool,Premium/Lounge,2020-02-03
4958,Fan_04958,Male,18-24,UK,Liverpool,Full Member,2024-06-20
4959,Fan_04959,Female,Under 18,UK,London,Red Member,2024-07-25
4960,Fan_04960,Female,25-34,China,International City,Full Member,2023-01-24
4961,Fan_04961,Non-binary,Under 18,USA,International City,Red Member,2023-08-08
4962,Fan_04962,Non-binary,35-44,Ireland,International City,Red Member,2024-08-16
4963,Fan_04963,Non-binary,45-54,UK,Liverpool,Non-Member,2021-06-24
4964,Fan_04964,Non-binary,45-54,UK,London,Non-Member,2023-01-04
4965,Fan_04965,Male,55+,USA,International City,Red Member,2023-07-12
4966,Fan_04966,Male,18-24,UK,London,Non-Member,2021-10-10
4967,Fan_04967,Male,45-54,Thailand,International City,Junior Member,2021-12-03
4968,Fan_04968,Non-binary,25-34,UK,London,Junior Member,2021-06-05
4969,Fan_04969,Non-binary,55+,Norway,International City,Non-Member,2021-05-21
4970,Fan_04970,Male,55+,Norway,International City,Non-Member,2022-07-13
4971,Fan_04971,Male,18-24,Thailand,International City,Non-Member,2020-09-23
4972,Fan_04972,Male,Under 18,UK,London,Red Member,2022-07-26
4973,Fan_04973,Male,18-24,Egypt,International City,Junior Member,2021-12-10
4974,Fan_04974,Non-binary,35-44,Australia,International City,Premium/Lounge,2023-06-11
4975,Fan_04975,Male,35-44,UK,Liverpool,Non-Member,2024-11-02
4976,Fan_04976,Female,55+,Norway,International City,Non-Member,2024-06-22
4977,Fan_04977,Male,45-54,Ireland,International City,Non-Member,2021-12-22
4978,Fan_04978,Non-binary,45-54,UK,Liverpool,Non-Member,2023-11-23
4979,Fan_04979,Female,55+,UK,London,Premium/Lounge,2020-08-12
4980,Fan_04980,Male,18-24,Norway,International City,Non-Member,2020-10-18
4981,Fan_04981,Female,55+,Norway,International City,Non-Member,2021-05-26
4982,Fan_04982,Male,18-24,UK,Liverpool,Non-Member,2022-01-08
4983,Fan_04983,Male,35-44,UK,London,Non-Member,2022-02-10
4984,Fan_04984,Female,55+,Australia,International City,Non-Member,2023-04-25
4985,Fan_04985,Female,18-24,Ireland,International City,Non-Member,2024-02-24
4986,Fan_04986,Male,55+,China,International City,Red Member,2024-07-30
4987,Fan_04987,Female,25-34,UK,London,Non-Member,2022-06-25
4988,Fan_04988,Non-binary,35-44,UK,London,Red Member,2023-05-12
4989,Fan_04989,Female,Under 18,Thailand,International City,Non-Member,2022-08-09
4990,Fan_04990,Male,25-34,UK,Liverpool,Full Member,2023-10-31
4991,Fan_04991,Non-binary,25-34,UK,Liverpool,Non-Member,2023-06-07
4992,Fan_04992,Female,18-24,China,International City,Junior Member,2022-07-06
4993,Fan_04993,Female,45-54,Norway,International City,Junior Member,2021-01-07
4994,Fan_04994,Female,55+,USA,International City,Full Member,2021-03-04
4995,Fan_04995,Non-binary,55+,UK,Liverpool,Red Member,2022-04-28
4996,Fan_04996,Female,35-44,UK,London,Red Member,2021-10-15
4997,Fan_04997,Female,45-54,UK,London,Non-Member,2020-02-05
4998,Fan_04998,Male,35-44,USA,International City,Red Member,2023-01-16
4999,Fan_04999,Non-binary,18-24,UK,London,Non-Member,2023-09-01
5000,Fan_05000,Male,18-24,UK,Liverpool,Full Member,2021-08-08
5001,Fan_05001,Female,18-24,UK,London,Non-Member,2020-11-06
5002,Fan_05002,Female,25-34,Thailand,International City,Premium/Lounge,2023-09-23
5003,Fan_05003,Non-binary,35-44,Australia,International City,Non-Member,2022-06-11
5004,Fan_05004,Non-binary,18-24,UK,Liverpool,Full Member,2022-04-16
5005,Fan_05005,Non-binary,25-34,UK,Liverpool,Junior Member,2024-04-13
5006,Fan_05006,Female,Under 18,UK,London,Red Member,2023-09-20
5007,Fan_05007,Male,55+,UK,Liverpool,Junior Member,2023-02-02
5008,Fan_05008,Male,55+,UK,London,Non-Member,2021-04-01
5009,Fan_05009,Non-binary,Under 18,Ireland,International City,Non-Member,2021-07-12
5010,Fan_05010,Non-binary,18-24,Thailand,International City,Junior Member,2024-10-18
5011,Fan_05011,Non-binary,Under 18,UK,London,Non-Member,2024-10-07
5012,Fan_05012,Male,Under 18,UK,London,Red Member,2024-03-14
5013,Fan_05013,Male,55+,UK,Liverpool,Red Member,2023-01-07
5014,Fan_05014,Non-binary,35-44,UK,Liverpool,Red Member,2022-10-19
5015,Fan_05015,Female,Under 18,USA,International City,Non-Member,2024-04-12
5016,Fan_05016,Male,45-54,Thailand,International City,Red Member,2021-06-20
5017,Fan_05017,Non-binary,Under 18,Egypt,International City,Red Member,2021-09-25
5018,Fan_05018,Non-binary,Under 18,UK,Liverpool,Non-Member,2024-06-15
5019,Fan_05019,Non-binary,35-44,UK,London,Red Member,2023-07-31
5020,Fan_05020,Female,18-24,Egypt,International City,Red Member,2022-12-02
5021,Fan_05021,Female,55+,UK,Liverpool,Red Member,2021-07-31
5022,Fan_05022,Non-binary,25-34,USA,International City,Premium/Lounge,2024-03-06
5023,Fan_05023,Non-binary,18-24,UK,Liverpool,Non-Member,2021-08-29
5024,Fan_05024,Male,Under 18,Ireland,International City,Full Member,2020-10-15
5025,Fan_05025,Female,18-24,China,International City,Non-Member,2020-06-02
5026,Fan_05026,Female,55+,UK,London,Non-Member,2020-04-03
5027,Fan_05027,Female,45-54,UK,London,Non-Member,2024-06-17
5028,Fan_05028,Female,45-54,UK,London,Full Member,2024-05-01
5029,Fan_05029,Male,Under 18,Australia,International City,Red Member,2024-11-01
5030,Fan_05030,Female,18-24,Thailand,International City,Premium/Lounge,2022-04-12
5031,Fan_05031,Non-binary,45-54,Thailand,International City,Full Member,2021-07-22
5032,Fan_05032,Non-binary,45-54,Thailand,International City,Non-Member,2023-08-27
5033,Fan_05033,Male,Under 18,UK,Liverpool,Junior Member,2023-01-30
5034,Fan_05034,Female,35-44,UK,London,Red Member,2020-02-12
5035,Fan_05035,Non-binary,55+,China,International City,Non-Member,2023-12-17
5036,Fan_05036,Female,18-24,UK,London,Premium/Lounge,2020-11-26
5037,Fan_05037,Female,18-24,Egypt,International City,Red Member,2022-03-22
5038,Fan_05038,Male,25-34,UK,Liverpool,Full Member,2020-04-05
5039,Fan_05039,Female,18-24,UK,Liverpool,Red Member,2021-04-26
5040,Fan_05040,Non-binary,Under 18,Egypt,International City,Red Member,2023-02-06
5041,Fan_05041,Male,35-44,Australia,International City,Full Member,2020-12-16
5042,Fan_05042,Non-binary,45-54,Ireland,International City,Non-Member,2020-05-02
5043,Fan_05043,Female,45-54,USA,International City,Junior Member,2022-06-04
5044,Fan_05044,Female,18-24,UK,Liverpool,Non-Member,2020-12-29
5045,Fan_05045,Male,45-54,Egypt,International City,Full Member,2022-02-28
5046,Fan_05046,Male,18-24,Australia,International City,Red Member,2022-04-14
5047,Fan_05047,Male,45-54,China,International City,Red Member,2023-07-24
5048,Fan_05048,Non-binary,35-44,UK,Liverpool,Non-Member,2022-03-25
5049,Fan_05049,Male,18-24,USA,International City,Red Member,2023-02-04
5050,Fan_05050,Male,Under 18,UK,Liverpool,Non-Member,2021-01-23
5051,Fan_05051,Male,18-24,UK,Liverpool,Non-Member,2024-01-08
5052,Fan_05052,Male,Under 18,Thailand,International City,Junior Member,2023-01-12
5053,Fan_05053,Non-binary,18-24,Egypt,International City,Red Member,2021-01-17
5054,Fan_05054,Non-binary,45-54,USA,International City,Junior Member,2024-10-19
5055,Fan_05055,Female,55+,UK,Liverpool,Premium/Lounge,2024-02-16
5056,Fan_05056,Male,35-44,Australia,International City,Red Member,2022-10-06
5057,Fan_05057,Male,35-44,UK,London,Premium/Lounge,2023-07-12
5058,Fan_05058,Female,45-54,China,International City,Non-Member,2020-01-13
5059,Fan_05059,Non-binary,45-54,Ireland,International City,Non-Member,2024-10-19
5060,Fan_05060,Female,18-24,Ireland,International City,Premium/Lounge,2020-06-02
5061,Fan_05061,Male,35-44,Thailand,International City,Full Member,2022-06-29
5062,Fan_05062,Male,35-44,USA,International City,Red Member,2023-11-23
5063,Fan_05063,Non-binary,35-44,UK,London,Full Member,2024-10-13
5064,Fan_05064,Non-binary,18-24,Egypt,International City,Red Member,2023-11-19
5065,Fan_05065,Female,18-24,UK,London,Junior Member,2023-10-15
5066,Fan_05066,Non-binary,18-24,UK,Liverpool,Junior Member,2022-03-11
5067,Fan_05067,Female,45-54,UK,London,Red Member,2024-04-13
5068,Fan_05068,Female,45-54,UK,Liverpool,Non-Member,2020-10-10
5069,Fan_05069,Female,45-54,UK,Liverpool,Red Member,2023-04-29
5070,Fan_05070,Male,25-34,Egypt,International City,Red Member,2021-04-02
5071,Fan_05071,Female,55+,Thailand,International City,Red Member,2023-07-10
5072,Fan_05072,Male,35-44,Ireland,International City,Junior Member,2021-09-02
5073,Fan_05073,Non-binary,Under 18,UK,Liverpool,Red Member,2021-07-03
5074,Fan_05074,Female,18-24,Ireland,International City,Premium/Lounge,2023-06-18
5075,Fan_05075,Female,45-54,USA,International City,Non-Member,2020-05-08
5076,Fan_05076,Female,45-54,China,International City,Full Member,2022-03-22
5077,Fan_05077,Male,45-54,Norway,International City,Non-Member,2023-02-07
5078,Fan_05078,Female,25-34,Thailand,International City,Junior Member,2023-10-24
5079,Fan_05079,Female,45-54,Norway,International City,Red Member,2023-11-05
5080,Fan_05080,Non-binary,25-34,Thailand,International City,Red Member,2021-07-18
5081,Fan_05081,Male,45-54,UK,Liverpool,Red Member,2024-09-30
5082,Fan_05082,Female,18-24,UK,London,Non-Member,2024-09-14
5083,Fan_05083,Non-binary,55+,USA,International City,Red Member,2021-02-26
5084,Fan_05084,Non-binary,45-54,USA,International City,Red Member,2024-07-13
5085,Fan_05085,Male,35-44,Egypt,International City,Non-Member,2024-05-09
5086,Fan_05086,Non-binary,Under 18,Thailand,International City,Non-Member,2021-08-16
5087,Fan_05087,Non-binary,18-24,UK,London,Full Member,2023-08-03
5088,Fan_05088,Female,Under 18,Egypt,International City,Red Member,2020-12-16
5089,Fan_05089,Male,18-24,UK,Liverpool,Red Member,2020-10-12
5090,Fan_05090,Male,35-44,USA,International City,Red Member,2021-08-16
5091,Fan_05091,Non-binary,Under 18,Egypt,International City,Non-Member,2024-09-16
5092,Fan_05092,Male,25-34,Egypt,International City,Red Member,2024-09-03
5093,Fan_05093,Male,18-24,UK,London,Non-Member,2023-02-13
5094,Fan_05094,Non-binary,45-54,Egypt,International City,Non-Member,2024-11-26
5095,Fan_05095,Male,25-34,Australia,International City,Red Member,2021-09-16
5096,Fan_05096,Non-binary,45-54,Australia,International City,Non-Member,2023-06-21
5097,Fan_05097,Non-binary,35-44,Thailand,International City,Non-Member,2024-09-02
5098,Fan_05098,Male,45-54,China,International City,Red Member,2022-05-01
5099,Fan_05099,Female,25-34,UK,London,Non-Member,2020-04-06
5100,Fan_05100,Non-binary,25-34,UK,London,Junior Member,2022-03-10
5101,Fan_05101,Non-binary,35-44,China,International City,Non-Member,2023-04-27
5102,Fan_05102,Non-binary,25-34,China,International City,Full Member,2021-02-20
5103,Fan_05103,Female,35-44,UK,Liverpool,Non-Member,2020-07-17
5104,Fan_05104,Female,45-54,Egypt,International City,Non-Member,2024-08-17
5105,Fan_05105,Non-binary,55+,USA,International City,Non-Member,2022-06-03
5106,Fan_05106,Non-binary,Under 18,USA,International City,Red Member,2024-04-07
5107,Fan_05107,Non-binary,Under 18,Norway,International City,Full Member,2020-08-30
5108,Fan_05108,Female,18-24,Egypt,International City,Red Member,2024-12-03
5109,Fan_05109,Male,Under 18,Ireland,International City,Non-Member,2023-07-16
5110,Fan_05110,Male,35-44,China,International City,Red Member,2023-11-09
5111,Fan_05111,Female,25-34,UK,London,Non-Member,2021-05-31
5112,Fan_05112,Male,35-44,UK,Liverpool,Red Member,2021-07-15
5113,Fan_05113,Female,35-44,Australia,International City,Full Member,2022-03-31
5114,Fan_05114,Male,35-44,UK,London,Non-Member,2024-05-31
5115,Fan_05115,Male,Under 18,China,International City,Red Member,2021-12-05
5116,Fan_05116,Non-binary,35-44,Thailand,International City,Red Member,2020-10-07
5117,Fan_05117,Male,18-24,UK,Liverpool,Non-Member,2020-09-12
5118,Fan_05118,Male,25-34,Thailand,International City,Non-Member,2021-03-17
5119,Fan_05119,Non-binary,55+,Ireland,International City,Non-Member,2022-06-19
5120,Fan_05120,Female,35-44,UK,London,Red Member,2021-09-13
5121,Fan_05121,Female,55+,Egypt,International City,Red Member,2022-02-01
5122,Fan_05122,Male,45-54,Thailand,International City,Red Member,2021-10-30
5123,Fan_05123,Male,45-54,UK,London,Non-Member,2021-10-02
5124,Fan_05124,Male,18-24,UK,Liverpool,Non-Member,2021-11-13
5125,Fan_05125,Female,18-24,China,International City,Non-Member,2020-12-06
5126,Fan_05126,Non-binary,Under 18,Australia,International City,Non-Member,2024-02-26
5127,Fan_05127,Non-binary,18-24,UK,London,Non-Member,2024-11-14
5128,Fan_05128,Female,18-24,UK,Liverpool,Premium/Lounge,2023-08-03
5129,Fan_05129,Female,35-44,UK,Liverpool,Non-Member,2022-05-21
5130,Fan_05130,Female,45-54,China,International City,Full Member,2023-01-22
5131,Fan_05131,Male,45-54,China,International City,Red Member,2023-02-12
5132,Fan_05132,Female,45-54,UK,Liverpool,Red Member,2020-12-16
5133,Fan_05133,Female,18-24,UK,Liverpool,Junior Member,2024-09-19
5134,Fan_05134,Female,Under 18,UK,London,Red Member,2020-08-24
5135,Fan_05135,Female,35-44,Norway,International City,Red Member,2023-06-13
5136,Fan_05136,Male,25-34,UK,Liverpool,Non-Member,2022-12-19
5137,Fan_05137,Male,25-34,Ireland,International City,Non-Member,2023-05-12
5138,Fan_05138,Female,25-34,UK,London,Non-Member,2022-08-23
5139,Fan_05139,Non-binary,18-24,UK,Liverpool,Red Member,2024-04-30
5140,Fan_05140,Non-binary,55+,UK,London,Premium/Lounge,2024-10-13
5141,Fan_05141,Female,Under 18,China,International City,Red Member,2020-08-31
5142,Fan_05142,Non-binary,45-54,UK,Liverpool,Red Member,2021-02-12
5143,Fan_05143,Non-binary,18-24,UK,London,Non-Member,2021-11-13
5144,Fan_05144,Non-binary,Under 18,UK,Liverpool,Non-Member,2021-02-03
5145,Fan_05145,Female,Under 18,UK,Liverpool,Non-Member,2023-11-10
5146,Fan_05146,Non-binary,45-54,UK,London,Full Member,2021-01-08
5147,Fan_05147,Male,45-54,USA,International City,Red Member,2022-11-02
5148,Fan_05148,Male,45-54,Egypt,International City,Non-Member,2021-12-23
5149,Fan_05149,Female,18-24,UK,Liverpool,Non-Member,2021-08-07
5150,Fan_05150,Female,18-24,Egypt,International City,Red Member,2023-11-02
5151,Fan_05151,Male,35-44,UK,London,Junior Member,2021-09-18
5152,Fan_05152,Female,55+,USA,International City,Non-Member,2021-11-01
5153,Fan_05153,Male,35-44,China,International City,Red Member,2020-04-12
5154,Fan_05154,Male,25-34,UK,Liverpool,Red Member,2023-11-05
5155,Fan_05155,Male,25-34,Norway,International City,Non-Member,2024-11-15
5156,Fan_05156,Non-binary,35-44,UK,Liverpool,Red Member,2024-02-29
5157,Fan_05157,Non-binary,35-44,UK,Liverpool,Full Member,2020-05-13
5158,Fan_05158,Female,18-24,UK,London,Full Member,2023-05-23
5159,Fan_05159,Female,35-44,Thailand,International City,Full Member,2024-06-13
5160,Fan_05160,Female,25-34,USA,International City,Non-Member,2023-06-02
5161,Fan_05161,Non-binary,45-54,Thailand,International City,Non-Member,2023-11-13
5162,Fan_05162,Non-binary,45-54,UK,London,Full Member,2021-11-27
5163,Fan_05163,Male,45-54,Norway,International City,Non-Member,2022-12-24
5164,Fan_05164,Non-binary,55+,UK,Liverpool,Red Member,2020-12-01
5165,Fan_05165,Non-binary,45-54,UK,Liverpool,Red Member,2023-09-20
5166,Fan_05166,Female,25-34,Egypt,International City,Non-Member,2023-08-25
5167,Fan_05167,Non-binary,45-54,UK,London,Premium/Lounge,2022-11-24
5168,Fan_05168,Non-binary,45-54,UK,Liverpool,Junior Member,2022-07-26
5169,Fan_05169,Female,35-44,Thailand,International City,Non-Member,2023-02-23
5170,Fan_05170,Female,25-34,UK,Liverpool,Full Member,2023-12-25
5171,Fan_05171,Female,45-54,Thailand,International City,Non-Member,2022-11-27
5172,Fan_05172,Male,45-54,China,International City,Non-Member,2021-01-01
5173,Fan_05173,Non-binary,45-54,UK,London,Red Member,2024-02-06
5174,Fan_05174,Non-binary,55+,Egypt,International City,Full Member,2024-09-28
5175,Fan_05175,Male,18-24,Ireland,International City,Non-Member,2022-12-19
5176,Fan_05176,Male,55+,Egypt,International City,Full Member,2024-10-27
5177,Fan_05177,Male,35-44,USA,International City,Non-Member,2021-11-03
5178,Fan_05178,Non-binary,45-54,China,International City,Non-Member,2021-06-21
5179,Fan_05179,Female,18-24,UK,Liverpool,Red Member,2022-10-13
5180,Fan_05180,Male,45-54,China,International City,Red Member,2022-12-07
5181,Fan_05181,Non-binary,18-24,UK,London,Full Member,2020-03-01
5182,Fan_05182,Female,35-44,UK,Liverpool,Red Member,2020-08-21
5183,Fan_05183,Male,45-54,China,International City,Non-Member,2023-06-02
5184,Fan_05184,Non-binary,Under 18,Norway,International City,Non-Member,2021-11-20
5185,Fan_05185,Male,Under 18,Thailand,International City,Junior Member,2024-06-16
5186,Fan_05186,Non-binary,55+,Thailand,International City,Full Member,2023-07-14
5187,Fan_05187,Female,35-44,UK,Liverpool,Full Member,2020-04-06
5188,Fan_05188,Non-binary,35-44,UK,London,Red Member,2023-04-13
5189,Fan_05189,Female,Under 18,UK,London,Full Member,2024-08-24
5190,Fan_05190,Female,55+,Ireland,International City,Red Member,2023-01-07
5191,Fan_05191,Male,55+,China,International City,Red Member,2024-03-13
5192,Fan_05192,Non-binary,25-34,UK,Liverpool,Non-Member,2020-09-16
5193,Fan_05193,Female,Under 18,Australia,International City,Premium/Lounge,2024-03-04
5194,Fan_05194,Male,45-54,UK,London,Non-Member,2020-01-22
5195,Fan_05195,Non-binary,18-24,UK,Liverpool,Full Member,2022-08-29
5196,Fan_05196,Female,25-34,UK,London,Non-Member,2021-05-13
5197,Fan_05197,Female,Under 18,China,International City,Full Member,2020-04-30
5198,Fan_05198,Non-binary,25-34,Australia,International City,Red Member,2024-06-21
5199,Fan_05199,Non-binary,Under 18,UK,Liverpool,Non-Member,2021-08-03
5200,Fan_05200,Male,25-34,UK,London,Non-Member,2024-01-03
5201,Fan_05201,Male,35-44,USA,International City,Non-Member,2021-12-03
5202,Fan_05202,Non-binary,35-44,Australia,International City,Non-Member,2022-02-15
5203,Fan_05203,Female,18-24,China,International City,Red Member,2020-06-10
5204,Fan_05204,Non-binary,55+,UK,Liverpool,Full Member,2022-04-01
5205,Fan_05205,Male,18-24,Egypt,International City,Red Member,2021-05-10
5206,Fan_05206,Male,55+,Thailand,International City,Non-Member,2023-07-07
5207,Fan_05207,Female,Under 18,UK,Liverpool,Red Member,2023-07-20
5208,Fan_05208,Male,Under 18,UK,Liverpool,Full Member,2021-11-15
5209,Fan_05209,Male,45-54,UK,Liverpool,Red Member,2023-03-09
5210,Fan_05210,Male,Under 18,UK,London,Red Member,2021-08-17
5211,Fan_05211,Non-binary,45-54,UK,London,Non-Member,2023-09-13
5212,Fan_05212,Male,35-44,UK,Liverpool,Red Member,2021-01-07
5213,Fan_05213,Male,18-24,USA,International City,Red Member,2023-05-02
5214,Fan_05214,Non-binary,35-44,USA,International City,Red Member,2020-01-10
5215,Fan_05215,Female,18-24,UK,Liverpool,Red Member,2020-06-17
5216,Fan_05216,Female,Under 18,UK,Liverpool,Junior Member,2023-10-30
5217,Fan_05217,Male,Under 18,USA,International City,Non-Member,2023-06-30
5218,Fan_05218,Female,25-34,Australia,International City,Full Member,2021-02-23
5219,Fan_05219,Non-binary,25-34,UK,Liverpool,Red Member,2024-08-23
5220,Fan_05220,Female,Under 18,UK,London,Non-Member,2021-01-21
5221,Fan_05221,Non-binary,45-54,Australia,International City,Non-Member,2020-10-04
5222,Fan_05222,Male,Under 18,Norway,International City,Non-Member,2020-10-19
5223,Fan_05223,Female,18-24,Norway,International City,Red Member,2020-10-02
5224,Fan_05224,Male,25-34,Egypt,International City,Full Member,2021-06-14
5225,Fan_05225,Female,35-44,Australia,International City,Non-Member,2022-12-19
5226,Fan_05226,Non-binary,18-24,China,International City,Full Member,2021-10-11
5227,Fan_05227,Non-binary,35-44,UK,Liverpool,Full Member,2024-06-20
5228,Fan_05228,Female,25-34,UK,Liverpool,Junior Member,2024-03-28
5229,Fan_05229,Non-binary,55+,Ireland,International City,Junior Member,2020-01-08
5230,Fan_05230,Male,18-24,Egypt,International City,Red Member,2023-01-03
5231,Fan_05231,Female,45-54,China,International City,Red Member,2022-07-19
5232,Fan_05232,Female,25-34,China,International City,Premium/Lounge,2021-12-19
5233,Fan_05233,Male,25-34,UK,Liverpool,Red Member,2024-03-13
5234,Fan_05234,Male,35-44,USA,International City,Non-Member,2022-07-17
5235,Fan_05235,Male,55+,UK,Liverpool,Red Member,2024-07-08
5236,Fan_05236,Non-binary,Under 18,Egypt,International City,Non-Member,2024-03-31
5237,Fan_05237,Female,55+,UK,Liverpool,Premium/Lounge,2024-08-24
5238,Fan_05238,Male,45-54,UK,London,Red Member,2024-04-05
5239,Fan_05239,Male,45-54,Egypt,International City,Red Member,2021-02-24
5240,Fan_05240,Female,35-44,Egypt,International City,Full Member,2024-03-10
5241,Fan_05241,Male,55+,UK,Liverpool,Non-Member,2021-03-15
5242,Fan_05242,Female,35-44,USA,International City,Red Member,2020-01-29
5243,Fan_05243,Non-binary,Under 18,UK,London,Full Member,2020-01-26
5244,Fan_05244,Male,25-34,Thailand,International City,Non-Member,2022-11-15
5245,Fan_05245,Female,Under 18,Ireland,International City,Non-Member,2023-01-21
5246,Fan_05246,Female,25-34,UK,London,Non-Member,2020-03-21
5247,Fan_05247,Male,18-24,UK,London,Non-Member,2023-06-05
5248,Fan_05248,Female,35-44,UK,Liverpool,Red Member,2020-10-01
5249,Fan_05249,Female,Under 18,UK,London,Non-Member,2020-04-25
5250,Fan_05250,Non-binary,35-44,China,International City,Junior Member,2023-04-26
5251,Fan_05251,Female,Under 18,China,International City,Full Member,2021-03-16
5252,Fan_05252,Male,45-54,UK,London,Full Member,2020-06-03
5253,Fan_05253,Non-binary,45-54,UK,Liverpool,Non-Member,2020-07-21
5254,Fan_05254,Male,18-24,Ireland,International City,Premium/Lounge,2021-07-21
5255,Fan_05255,Female,Under 18,Egypt,International City,Full Member,2024-02-04
5256,Fan_05256,Non-binary,35-44,China,International City,Non-Member,2024-03-04
5257,Fan_05257,Non-binary,35-44,UK,Liverpool,Non-Member,2021-01-10
5258,Fan_05258,Female,25-34,UK,London,Non-Member,2021-01-14
5259,Fan_05259,Non-binary,55+,UK,London,Junior Member,2021-03-14
5260,Fan_05260,Male,45-54,UK,Liverpool,Full Member,2020-04-15
5261,Fan_05261,Female,45-54,UK,London,Red Member,2020-07-22
5262,Fan_05262,Female,18-24,Australia,International City,Non-Member,2022-08-30
5263,Fan_05263,Female,35-44,UK,London,Junior Member,2023-08-29
5264,Fan_05264,Male,Under 18,UK,London,Non-Member,2023-05-02
5265,Fan_05265,Male,35-44,UK,Liverpool,Red Member,2024-01-17
5266,Fan_05266,Female,18-24,UK,London,Red Member,2023-01-18
5267,Fan_05267,Male,Under 18,Thailand,International City,Red Member,2022-08-10
5268,Fan_05268,Non-binary,25-34,Norway,International City,Non-Member,2020-05-02
5269,Fan_05269,Male,25-34,UK,Liverpool,Full Member,2020-01-26
5270,Fan_05270,Male,45-54,UK,Liverpool,Red Member,2020-07-02
5271,Fan_05271,Male,55+,UK,Liverpool,Red Member,2020-12-17
5272,Fan_05272,Male,45-54,UK,London,Red Member,2023-03-05
5273,Fan_05273,Female,Under 18,UK,Liverpool,Full Member,2022-03-09
5274,Fan_05274,Male,18-24,Norway,International City,Non-Member,2020-02-21
5275,Fan_05275,Non-binary,25-34,UK,London,Premium/Lounge,2022-04-14
5276,Fan_05276,Male,45-54,UK,Liverpool,Non-Member,2023-01-25
5277,Fan_05277,Male,35-44,UK,Liverpool,Non-Member,2021-09-19
5278,Fan_05278,Male,18-24,UK,Liverpool,Premium/Lounge,2021-09-09
5279,Fan_05279,Male,18-24,UK,Liverpool,Red Member,2020-10-22
5280,Fan_05280,Male,18-24,UK,Liverpool,Red Member,2021-01-05
5281,Fan_05281,Female,Under 18,UK,Liverpool,Non-Member,2024-02-09
5282,Fan_05282,Non-binary,Under 18,Australia,International City,Full Member,2021-07-10
5283,Fan_05283,Female,35-44,UK,Liverpool,Non-Member,2022-02-08
5284,Fan_05284,Male,18-24,Thailand,International City,Junior Member,2021-01-09
5285,Fan_05285,Non-binary,55+,USA,International City,Red Member,2021-10-08
5286,Fan_05286,Male,35-44,UK,London,Red Member,2020-06-10
5287,Fan_05287,Female,45-54,Ireland,International City,Non-Member,2024-01-14
5288,Fan_05288,Male,55+,Egypt,International City,Non-Member,2021-07-07
5289,Fan_05289,Female,45-54,UK,Liverpool,Red Member,2021-12-19
5290,Fan_05290,Male,Under 18,UK,London,Non-Member,2023-03-23
5291,Fan_05291,Male,25-34,Australia,International City,Red Member,2023-04-05
5292,Fan_05292,Female,45-54,UK,London,Red Member,2024-03-31
5293,Fan_05293,Female,55+,Australia,International City,Full Member,2024-07-01
5294,Fan_05294,Female,25-34,Egypt,International City,Red Member,2023-02-12
5295,Fan_05295,Non-binary,55+,USA,International City,Red Member,2020-09-16
5296,Fan_05296,Male,Under 18,UK,Liverpool,Red Member,2022-12-12
5297,Fan_05297,Female,Under 18,UK,London,Red Member,2024-03-14
5298,Fan_05298,Non-binary,45-54,UK,Liverpool,Non-Member,2023-03-02
5299,Fan_05299,Female,25-34,UK,Liverpool,Full Member,2024-09-29
5300,Fan_05300,Male,Under 18,Egypt,International City,Red Member,2021-09-07
5301,Fan_05301,Non-binary,55+,UK,London,Junior Member,2024-04-13
5302,Fan_05302,Male,35-44,Egypt,International City,Full Member,2024-02-04
5303,Fan_05303,Male,18-24,Ireland,International City,Red Member,2021-04-16
5304,Fan_05304,Non-binary,35-44,UK,Liverpool,Non-Member,2022-07-08
5305,Fan_05305,Male,18-24,UK,Liverpool,Full Member,2022-12-16
5306,Fan_05306,Female,25-34,USA,International City,Red Member,2021-01-18
5307,Fan_05307,Male,18-24,UK,Liverpool,Non-Member,2020-12-06
5308,Fan_05308,Female,55+,UK,Liverpool,Premium/Lounge,2020-10-30
5309,Fan_05309,Female,Under 18,UK,London,Non-Member,2024-04-08
5310,Fan_05310,Male,Under 18,UK,London,Full Member,2022-11-28
5311,Fan_05311,Female,55+,UK,London,Junior Member,2022-04-05
5312,Fan_05312,Male,45-54,USA,International City,Non-Member,2023-06-07
5313,Fan_05313,Non-binary,45-54,UK,London,Premium/Lounge,2024-05-12
5314,Fan_05314,Male,Under 18,Egypt,International City,Non-Member,2020-08-31
5315,Fan_05315,Male,Under 18,USA,International City,Full Member,2024-10-18
5316,Fan_05316,Non-binary,55+,UK,London,Non-Member,2024-08-07
5317,Fan_05317,Female,18-24,UK,London,Red Member,2024-02-28
5318,Fan_05318,Non-binary,45-54,Thailand,International City,Premium/Lounge,2023-03-28
5319,Fan_05319,Female,55+,China,International City,Junior Member,2023-06-19
5320,Fan_05320,Non-binary,55+,UK,London,Red Member,2021-09-06
5321,Fan_05321,Male,45-54,Egypt,International City,Red Member,2022-09-10
5322,Fan_05322,Male,Under 18,UK,London,Non-Member,2023-05-07
5323,Fan_05323,Non-binary,25-34,Thailand,International City,Junior Member,2021-03-24
5324,Fan_05324,Male,55+,UK,Liverpool,Non-Member,2022-07-01
5325,Fan_05325,Non-binary,Under 18,UK,Liverpool,Red Member,2020-07-08
5326,Fan_05326,Non-binary,45-54,Ireland,International City,Full Member,2022-01-26
5327,Fan_05327,Female,25-34,Australia,International City,Red Member,2020-10-16
5328,Fan_05328,Non-binary,25-34,China,International City,Non-Member,2020-02-07
5329,Fan_05329,Non-binary,Under 18,UK,Liverpool,Non-Member,2022-01-13
5330,Fan_05330,Male,25-34,UK,London,Red Member,2022-04-21
5331,Fan_05331,Female,45-54,UK,Liverpool,Full Member,2023-05-08
5332,Fan_05332,Non-binary,25-34,UK,London,Red Member,2022-06-03
5333,Fan_05333,Male,55+,USA,International City,Non-Member,2020-07-14
5334,Fan_05334,Female,55+,UK,Liverpool,Junior Member,2020-02-02
5335,Fan_05335,Non-binary,Under 18,UK,Liverpool,Junior Member,2022-11-04
5336,Fan_05336,Non-binary,18-24,UK,Liverpool,Red Member,2022-07-03
5337,Fan_05337,Female,Under 18,Thailand,International City,Non-Member,2022-03-11
5338,Fan_05338,Female,45-54,UK,London,Non-Member,2022-10-14
5339,Fan_05339,Male,35-44,UK,Liverpool,Non-Member,2024-06-05
5340,Fan_05340,Male,35-44,UK,Liverpool,Non-Member,2020-11-23
5341,Fan_05341,Female,Under 18,UK,London,Non-Member,2021-08-26
5342,Fan_05342,Male,45-54,UK,London,Non-Member,2023-02-03
5343,Fan_05343,Female,Under 18,Australia,International City,Full Member,2020-08-25
5344,Fan_05344,Female,Under 18,Australia,International City,Full Member,2020-12-27
5345,Fan_05345,Female,25-34,Ireland,International City,Full Member,2020-02-06
5346,Fan_05346,Female,Under 18,UK,Liverpool,Non-Member,2020-05-04
5347,Fan_05347,Non-binary,18-24,USA,International City,Non-Member,2020-04-23
5348,Fan_05348,Male,Under 18,UK,Liverpool,Non-Member,2020-09-18
5349,Fan_05349,Male,45-54,Egypt,International City,Non-Member,2022-07-27
5350,Fan_05350,Non-binary,55+,UK,London,Non-Member,2021-02-14
5351,Fan_05351,Non-binary,35-44,UK,Liverpool,Non-Member,2021-12-19
5352,Fan_05352,Non-binary,25-34,UK,London,Red Member,2024-01-04
5353,Fan_05353,Non-binary,35-44,UK,London,Red Member,2024-03-18
5354,Fan_05354,Non-binary,25-34,UK,London,Non-Member,2022-02-20
5355,Fan_05355,Male,25-34,China,International City,Full Member,2020-12-29
5356,Fan_05356,Female,18-24,UK,Liverpool,Full Member,2021-09-06
5357,Fan_05357,Male,Under 18,UK,Liverpool,Full Member,2020-06-29
5358,Fan_05358,Female,35-44,UK,London,Junior Member,2024-03-02
5359,Fan_05359,Male,55+,Ireland,International City,Non-Member,2022-10-04
5360,Fan_05360,Female,45-54,UK,London,Red Member,2020-06-19
5361,Fan_05361,Female,45-54,Norway,International City,Non-Member,2020-11-30
5362,Fan_05362,Non-binary,55+,UK,Liverpool,Non-Member,2024-08-18
5363,Fan_05363,Non-binary,18-24,USA,International City,Red Member,2022-07-16
5364,Fan_05364,Female,55+,UK,Liverpool,Red Member,2021-12-20
5365,Fan_05365,Female,18-24,Australia,International City,Non-Member,2021-07-19
5366,Fan_05366,Non-binary,35-44,UK,Liverpool,Red Member,2024-10-11
5367,Fan_05367,Female,45-54,Egypt,International City,Non-Member,2024-06-06
5368,Fan_05368,Female,35-44,Thailand,International City,Red Member,2024-08-26
5369,Fan_05369,Non-binary,Under 18,UK,Liverpool,Full Member,2021-03-01
5370,Fan_05370,Female,Under 18,UK,London,Red Member,2021-09-13
5371,Fan_05371,Non-binary,35-44,Norway,International City,Non-Member,2020-10-25
5372,Fan_05372,Female,18-24,UK,London,Non-Member,2020-04-19
5373,Fan_05373,Non-binary,35-44,UK,Liverpool,Full Member,2020-11-08
5374,Fan_05374,Female,55+,UK,London,Red Member,2024-09-23
5375,Fan_05375,Female,18-24,UK,Liverpool,Red Member,2021-06-09
5376,Fan_05376,Male,Under 18,Thailand,International City,Red Member,2023-09-13
5377,Fan_05377,Female,25-34,Australia,International City,Full Member,2024-08-03
5378,Fan_05378,Male,55+,UK,Liverpool,Junior Member,2023-06-08
5379,Fan_05379,Male,45-54,Norway,International City,Full Member,2020-06-13
5380,Fan_05380,Male,35-44,Egypt,International City,Non-Member,2020-01-06
5381,Fan_05381,Female,18-24,Australia,International City,Non-Member,2021-04-06
5382,Fan_05382,Female,45-54,UK,Liverpool,Red Member,2024-07-09
5383,Fan_05383,Non-binary,45-54,UK,Liverpool,Non-Member,2023-04-16
5384,Fan_05384,Non-binary,Under 18,USA,International City,Red Member,2022-04-09
5385,Fan_05385,Male,25-34,UK,Liverpool,Non-Member,2024-07-30
5386,Fan_05386,Male,Under 18,UK,Liverpool,Non-Member,2024-07-27
5387,Fan_05387,Non-binary,55+,UK,London,Non-Member,2020-06-17
5388,Fan_05388,Male,18-24,China,International City,Non-Member,2020-08-30
5389,Fan_05389,Female,Under 18,China,International City,Non-Member,2023-06-05
5390,Fan_05390,Non-binary,35-44,China,International City,Non-Member,2024-08-14
5391,Fan_05391,Male,55+,UK,Liverpool,Junior Member,2023-08-07
5392,Fan_05392,Female,Under 18,Norway,International City,Non-Member,2021-02-18
5393,Fan_05393,Non-binary,18-24,UK,London,Non-Member,2023-05-02
5394,Fan_05394,Non-binary,45-54,USA,International City,Full Member,2023-05-22
5395,Fan_05395,Female,Under 18,UK,London,Non-Member,2021-03-05
5396,Fan_05396,Female,Under 18,UK,Liverpool,Non-Member,2020-08-07
5397,Fan_05397,Non-binary,35-44,China,International City,Premium/Lounge,2020-07-21
5398,Fan_05398,Female,55+,Thailand,International City,Full Member,2022-04-29
5399,Fan_05399,Male,55+,UK,Liverpool,Premium/Lounge,2022-03-05
5400,Fan_05400,Female,55+,UK,Liverpool,Junior Member,2023-06-17
5401,Fan_05401,Male,55+,China,International City,Red Member,2021-06-13
5402,Fan_05402,Female,55+,UK,Liverpool,Red Member,2024-08-09
5403,Fan_05403,Female,25-34,Egypt,International City,Non-Member,2023-07-11
5404,Fan_05404,Female,25-34,UK,London,Non-Member,2021-11-22
5405,Fan_05405,Male,55+,Egypt,International City,Non-Member,2020-02-16
5406,Fan_05406,Male,45-54,Norway,International City,Red Member,2023-10-16
5407,Fan_05407,Non-binary,55+,USA,International City,Non-Member,2022-08-23
5408,Fan_05408,Non-binary,Under 18,UK,Liverpool,Junior Member,2021-04-09
5409,Fan_05409,Male,35-44,USA,International City,Non-Member,2022-05-23
5410,Fan_05410,Non-binary,Under 18,UK,Liverpool,Premium/Lounge,2023-06-14
5411,Fan_05411,Male,18-24,Norway,International City,Non-Member,2023-10-18
5412,Fan_05412,Non-binary,55+,Thailand,International City,Red Member,2021-05-29
5413,Fan_05413,Female,Under 18,Norway,International City,Red Member,2021-02-09
5414,Fan_05414,Female,18-24,Norway,International City,Non-Member,2022-07-05
5415,Fan_05415,Non-binary,Under 18,USA,International City,Non-Member,2021-01-07
5416,Fan_05416,Non-binary,55+,UK,Liverpool,Junior Member,2023-01-29
5417,Fan_05417,Female,45-54,UK,Liverpool,Non-Member,2020-01-31
5418,Fan_05418,Non-binary,25-34,UK,Liverpool,Non-Member,2024-06-23
5419,Fan_05419,Male,18-24,China,International City,Red Member,2021-01-16
5420,Fan_05420,Male,35-44,UK,Liverpool,Full Member,2020-03-18
5421,Fan_05421,Female,45-54,UK,Liverpool,Red Member,2024-09-30
5422,Fan_05422,Female,35-44,USA,International City,Junior Member,2022-08-24
5423,Fan_05423,Female,55+,UK,London,Junior Member,2021-12-31
5424,Fan_05424,Non-binary,Under 18,UK,Liverpool,Non-Member,2023-03-29
5425,Fan_05425,Male,Under 18,UK,Liverpool,Red Member,2020-04-22
5426,Fan_05426,Male,35-44,China,International City,Non-Member,2024-08-13
5427,Fan_05427,Male,35-44,UK,London,Non-Member,2021-03-21
5428,Fan_05428,Non-binary,45-54,UK,London,Premium/Lounge,2021-06-12
5429,Fan_05429,Male,55+,UK,London,Premium/Lounge,2023-11-24
5430,Fan_05430,Male,45-54,UK,Liverpool,Non-Member,2021-08-13
5431,Fan_05431,Female,45-54,Egypt,International City,Non-Member,2021-03-27
5432,Fan_05432,Male,55+,UK,London,Red Member,2023-05-15
5433,Fan_05433,Female,18-24,UK,Liverpool,Non-Member,2020-10-28
5434,Fan_05434,Male,35-44,UK,London,Red Member,2024-01-13
5435,Fan_05435,Non-binary,45-54,UK,Liverpool,Red Member,2023-12-01
5436,Fan_05436,Male,18-24,UK,Liverpool,Junior Member,2024-11-12
5437,Fan_05437,Female,18-24,Thailand,International City,Non-Member,2023-01-31
5438,Fan_05438,Female,Under 18,UK,London,Non-Member,2024-04-07
5439,Fan_05439,Female,25-34,UK,Liverpool,Premium/Lounge,2020-11-14
5440,Fan_05440,Non-binary,45-54,Norway,International City,Red Member,2024-10-18
5441,Fan_05441,Male,45-54,UK,London,Red Member,2021-10-19
5442,Fan_05442,Male,18-24,China,International City,Red Member,2024-04-26
5443,Fan_05443,Female,25-34,UK,Liverpool,Non-Member,2020-10-01
5444,Fan_05444,Non-binary,35-44,UK,Liverpool,Red Member,2020-07-20
5445,Fan_05445,Male,35-44,UK,London,Full Member,2020-04-03
5446,Fan_05446,Non-binary,45-54,China,International City,Red Member,2020-11-25
5447,Fan_05447,Male,18-24,UK,Liverpool,Non-Member,2024-05-30
5448,Fan_05448,Non-binary,25-34,UK,Liverpool,Premium/Lounge,2021-07-27
5449,Fan_05449,Female,35-44,USA,International City,Non-Member,2020-03-16
5450,Fan_05450,Male,Under 18,UK,London,Red Member,2021-02-20
5451,Fan_05451,Female,Under 18,UK,Liverpool,Red Member,2022-02-25
5452,Fan_05452,Female,45-54,UK,Liverpool,Full Member,2024-03-21
5453,Fan_05453,Non-binary,Under 18,UK,Liverpool,Non-Member,2020-07-19
5454,Fan_05454,Female,25-34,Norway,International City,Non-Member,2022-12-21
5455,Fan_05455,Female,25-34,UK,Liverpool,Non-Member,2024-09-17
5456,Fan_05456,Female,55+,UK,Liverpool,Red Member,2023-10-07
5457,Fan_05457,Male,45-54,UK,London,Non-Member,2021-11-11
5458,Fan_05458,Female,55+,UK,Liverpool,Red Member,2022-04-04
5459,Fan_05459,Male,45-54,UK,Liverpool,Red Member,2024-09-03
5460,Fan_05460,Female,35-44,UK,Liverpool,Red Member,2021-05-28
5461,Fan_05461,Non-binary,35-44,UK,London,Junior Member,2021-02-27
5462,Fan_05462,Male,55+,UK,Liverpool,Non-Member,2021-11-23
5463,Fan_05463,Female,35-44,UK,Liverpool,Red Member,2023-11-17
5464,Fan_05464,Male,18-24,UK,London,Red Member,2022-06-02
5465,Fan_05465,Non-binary,35-44,China,International City,Full Member,2020-04-16
5466,Fan_05466,Non-binary,55+,USA,International City,Non-Member,2024-06-20
5467,Fan_05467,Non-binary,35-44,UK,Liverpool,Full Member,2023-10-23
5468,Fan_05468,Non-binary,25-34,UK,London,Premium/Lounge,2022-01-28
5469,Fan_05469,Male,25-34,China,International City,Non-Member,2021-12-11
5470,Fan_05470,Non-binary,18-24,UK,Liverpool,Red Member,2021-02-13
5471,Fan_05471,Female,55+,Thailand,International City,Non-Member,2021-11-01
5472,Fan_05472,Female,35-44,Thailand,International City,Non-Member,2024-05-09
5473,Fan_05473,Non-binary,55+,UK,London,Junior Member,2021-10-20
5474,Fan_05474,Female,Under 18,USA,International City,Junior Member,2022-08-28
5475,Fan_05475,Non-binary,35-44,Norway,International City,Red Member,2023-12-26
5476,Fan_05476,Male,35-44,UK,London,Non-Member,2023-04-16
5477,Fan_05477,Male,18-24,China,International City,Red Member,2021-06-15
5478,Fan_05478,Female,18-24,UK,Liverpool,Red Member,2024-03-15
5479,Fan_05479,Male,18-24,UK,Liverpool,Non-Member,2023-12-17
5480,Fan_05480,Non-binary,18-24,UK,London,Red Member,2020-07-30
5481,Fan_05481,Female,25-34,UK,Liverpool,Full Member,2022-09-30
5482,Fan_05482,Non-binary,Under 18,USA,International City,Red Member,2020-08-06
5483,Fan_05483,Male,Under 18,USA,International City,Premium/Lounge,2021-08-26
5484,Fan_05484,Non-binary,25-34,UK,Liverpool,Non-Member,2021-08-14
5485,Fan_05485,Female,45-54,UK,Liverpool,Full Member,2021-04-21
5486,Fan_05486,Male,35-44,UK,London,Full Member,2020-01-17
5487,Fan_05487,Male,18-24,UK,Liverpool,Non-Member,2021-01-04
5488,Fan_05488,Female,45-54,China,International City,Full Member,2020-01-29
5489,Fan_05489,Female,18-24,UK,Liverpool,Junior Member,2022-03-25
5490,Fan_05490,Male,Under 18,UK,Liverpool,Red Member,2023-01-23
5491,Fan_05491,Female,35-44,UK,Liverpool,Premium/Lounge,2020-02-09
5492,Fan_05492,Male,35-44,UK,Liverpool,Non-Member,2022-07-01
5493,Fan_05493,Male,25-34,China,International City,Junior Member,2020-01-23
5494,Fan_05494,Male,18-24,UK,London,Non-Member,2022-04-26
5495,Fan_05495,Male,25-34,USA,International City,Non-Member,2022-02-10
5496,Fan_05496,Male,Under 18,Thailand,International City,Red Member,2020-11-23
5497,Fan_05497,Female,35-44,Egypt,International City,Red Member,2021-05-09
5498,Fan_05498,Male,45-54,Egypt,International City,Non-Member,2023-02-26
5499,Fan_05499,Female,25-34,UK,Liverpool,Non-Member,2020-11-16
5500,Fan_05500,Non-binary,45-54,UK,Liverpool,Red Member,2020-08-10
5501,Fan_05501,Non-binary,18-24,Australia,International City,Junior Member,2023-05-23
5502,Fan_05502,Non-binary,18-24,UK,London,Premium/Lounge,2022-10-07
5503,Fan_05503,Male,18-24,UK,Liverpool,Full Member,2020-08-29
5504,Fan_05504,Non-binary,Under 18,UK,London,Non-Member,2024-04-30
5505,Fan_05505,Female,Under 18,Egypt,International City,Non-Member,2024-08-27
5506,Fan_05506,Non-binary,35-44,USA,International City,Red Member,2022-03-20
5507,Fan_05507,Female,18-24,Ireland,International City,Red Member,2024-11-02
5508,Fan_05508,Female,25-34,UK,Liverpool,Non-Member,2023-04-19
5509,Fan_05509,Female,45-54,Norway,International City,Premium/Lounge,2023-07-07
5510,Fan_05510,Female,Under 18,Thailand,International City,Red Member,2024-01-20
5511,Fan_05511,Non-binary,35-44,UK,Liverpool,Non-Member,2024-07-29
5512,Fan_05512,Female,25-34,UK,Liverpool,Premium/Lounge,2022-04-25
5513,Fan_05513,Non-binary,Under 18,UK,London,Junior Member,2024-01-04
5514,Fan_05514,Male,45-54,UK,Liverpool,Non-Member,2020-12-05
5515,Fan_05515,Female,25-34,UK,Liverpool,Non-Member,2023-06-23
5516,Fan_05516,Non-binary,45-54,UK,London,Non-Member,2023-04-12
5517,Fan_05517,Male,25-34,UK,London,Non-Member,2021-05-21
5518,Fan_05518,Male,18-24,UK,London,Red Member,2020-05-17
5519,Fan_05519,Female,55+,UK,London,Red Member,2021-12-05
5520,Fan_05520,Non-binary,18-24,UK,London,Red Member,2021-08-03
5521,Fan_05521,Non-binary,Under 18,UK,Liverpool,Non-Member,2024-10-17
5522,Fan_05522,Non-binary,45-54,USA,International City,Full Member,2024-07-13
5523,Fan_05523,Female,55+,Egypt,International City,Non-Member,2023-07-01
5524,Fan_05524,Male,18-24,UK,Liverpool,Non-Member,2021-08-26
5525,Fan_05525,Male,45-54,UK,London,Red Member,2020-09-27
5526,Fan_05526,Male,25-34,UK,Liverpool,Full Member,2024-03-09
5527,Fan_05527,Non-binary,55+,China,International City,Non-Member,2020-09-07
5528,Fan_05528,Female,25-34,UK,Liverpool,Non-Member,2020-11-27
5529,Fan_05529,Male,35-44,Thailand,International City,Premium/Lounge,2021-11-13
5530,Fan_05530,Non-binary,35-44,China,International City,Red Member,2024-11-26
5531,Fan_05531,Non-binary,45-54,Thailand,International City,Non-Member,2020-04-25
5532,Fan_05532,Female,35-44,UK,London,Non-Member,2020-06-03
5533,Fan_05533,Female,25-34,Norway,International City,Full Member,2022-01-31
5534,Fan_05534,Male,35-44,UK,London,Non-Member,2023-05-04
5535,Fan_05535,Female,55+,China,International City,Non-Member,2023-03-05
5536,Fan_05536,Female,45-54,UK,Liverpool,Non-Member,2023-04-15
5537,Fan_05537,Female,Under 18,UK,London,Junior Member,2021-04-14
5538,Fan_05538,Male,55+,UK,Liverpool,Red Member,2020-09-19
5539,Fan_05539,Female,35-44,USA,International City,Red Member,2020-11-05
5540,Fan_05540,Non-binary,55+,Australia,International City,Red Member,2021-05-30
5541,Fan_05541,Male,55+,UK,London,Non-Member,2023-06-25
5542,Fan_05542,Male,35-44,USA,International City,Premium/Lounge,2021-04-13
5543,Fan_05543,Non-binary,18-24,UK,London,Full Member,2024-02-28
5544,Fan_05544,Female,25-34,Egypt,International City,Non-Member,2021-07-07
5545,Fan_05545,Non-binary,Under 18,UK,London,Non-Member,2021-12-25
5546,Fan_05546,Male,25-34,Australia,International City,Red Member,2020-01-21
5547,Fan_05547,Male,55+,UK,London,Premium/Lounge,2020-10-12
5548,Fan_05548,Male,25-34,UK,Liverpool,Non-Member,2023-09-26
5549,Fan_05549,Female,35-44,UK,Liverpool,Full Member,2022-08-02
5550,Fan_05550,Male,25-34,Ireland,International City,Red Member,2023-05-24
5551,Fan_05551,Non-binary,25-34,UK,London,Non-Member,2020-11-10
5552,Fan_05552,Male,55+,UK,Liverpool,Non-Member,2023-07-10
5553,Fan_05553,Female,55+,Australia,International City,Red Member,2024-06-08
5554,Fan_05554,Non-binary,Under 18,UK,Liverpool,Non-Member,2024-04-29
5555,Fan_05555,Female,35-44,Egypt,International City,Non-Member,2022-06-02
5556,Fan_05556,Non-binary,35-44,Norway,International City,Full Member,2021-02-10
5557,Fan_05557,Male,45-54,UK,Liverpool,Full Member,2023-02-17
5558,Fan_05558,Female,Under 18,USA,International City,Red Member,2024-11-22
5559,Fan_05559,Male,18-24,Thailand,International City,Red Member,2022-08-14
5560,Fan_05560,Non-binary,55+,China,International City,Non-Member,2022-06-06
5561,Fan_05561,Non-binary,25-34,UK,London,Full Member,2022-10-28
5562,Fan_05562,Non-binary,18-24,UK,Liverpool,Junior Member,2023-01-13
5563,Fan_05563,Female,55+,UK,Liverpool,Red Member,2023-12-26
5564,Fan_05564,Male,35-44,Norway,International City,Non-Member,2020-02-06
5565,Fan_05565,Non-binary,25-34,China,International City,Red Member,2022-09-14
5566,Fan_05566,Male,25-34,UK,Liverpool,Non-Member,2021-03-19
5567,Fan_05567,Non-binary,25-34,China,International City,Junior Member,2022-02-03
5568,Fan_05568,Female,18-24,UK,Liverpool,Full Member,2020-11-21
5569,Fan_05569,Female,Under 18,UK,London,Premium/Lounge,2020-08-05
5570,Fan_05570,Male,25-34,Egypt,International City,Junior Member,2024-06-17
5571,Fan_05571,Non-binary,35-44,Ireland,International City,Non-Member,2024-03-30
5572,Fan_05572,Non-binary,35-44,UK,Liverpool,Non-Member,2023-04-21
5573,Fan_05573,Female,18-24,China,International City,Full Member,2020-01-27
5574,Fan_05574,Male,18-24,UK,Liverpool,Non-Member,2021-07-14
5575,Fan_05575,Non-binary,18-24,UK,London,Full Member,2020-01-24
5576,Fan_05576,Non-binary,35-44,UK,Liverpool,Red Member,2020-12-14
5577,Fan_05577,Female,Under 18,Australia,International City,Non-Member,2022-04-19
5578,Fan_05578,Male,25-34,USA,International City,Red Member,2024-08-22
5579,Fan_05579,Female,35-44,UK,Liverpool,Non-Member,2021-01-14
5580,Fan_05580,Female,55+,UK,Liverpool,Non-Member,2020-02-08
5581,Fan_05581,Male,45-54,China,International City,Non-Member,2020-04-12
5582,Fan_05582,Male,45-54,China,International City,Non-Member,2021-05-18
5583,Fan_05583,Non-binary,45-54,UK,Liverpool,Non-Member,2020-10-02
5584,Fan_05584,Female,Under 18,UK,London,Non-Member,2023-04-27
5585,Fan_05585,Male,55+,UK,London,Non-Member,2022-05-09
5586,Fan_05586,Male,35-44,UK,Liverpool,Red Member,2023-09-11
5587,Fan_05587,Female,35-44,UK,London,Non-Member,2023-11-04
5588,Fan_05588,Female,Under 18,China,International City,Red Member,2022-06-11
5589,Fan_05589,Male,55+,UK,London,Red Member,2023-12-31
5590,Fan_05590,Non-binary,25-34,UK,London,Non-Member,2022-08-06
5591,Fan_05591,Female,Under 18,UK,London,Red Member,2024-08-18
5592,Fan_05592,Non-binary,18-24,USA,International City,Non-Member,2023-10-10
5593,Fan_05593,Male,35-44,UK,London,Non-Member,2020-01-26
5594,Fan_05594,Non-binary,25-34,Ireland,International City,Non-Member,2023-12-30
5595,Fan_05595,Female,18-24,UK,Liverpool,Non-Member,2024-01-05
5596,Fan_05596,Female,25-34,UK,London,Non-Member,2024-03-13
5597,Fan_05597,Female,35-44,UK,Liverpool,Full Member,2022-03-06
5598,Fan_05598,Female,35-44,Egypt,International City,Red Member,2024-03-20
5599,Fan_05599,Non-binary,18-24,UK,Liverpool,Non-Member,2023-05-22
5600,Fan_05600,Male,25-34,UK,London,Red Member,2024-07-14
5601,Fan_05601,Female,Under 18,UK,Liverpool,Red Member,2023-02-01
5602,Fan_05602,Male,Under 18,USA,International City,Red Member,2023-06-23
5603,Fan_05603,Non-binary,18-24,Thailand,International City,Non-Member,2021-09-05
5604,Fan_05604,Male,Under 18,Australia,International City,Non-Member,2021-08-10
5605,Fan_05605,Male,35-44,Egypt,International City,Non-Member,2021-06-30
5606,Fan_05606,Female,Under 18,China,International City,Premium/Lounge,2022-10-13
5607,Fan_05607,Female,35-44,UK,London,Premium/Lounge,2021-11-17
5608,Fan_05608,Female,45-54,UK,Liverpool,Non-Member,2022-07-07
5609,Fan_05609,Male,18-24,Egypt,International City,Red Member,2024-11-25
5610,Fan_05610,Female,55+,UK,Liverpool,Non-Member,2022-02-14
5611,Fan_05611,Male,35-44,China,International City,Full Member,2023-03-08
5612,Fan_05612,Female,18-24,UK,London,Non-Member,2022-11-22
5613,Fan_05613,Non-binary,55+,USA,International City,Non-Member,2020-05-09
5614,Fan_05614,Male,Under 18,Ireland,International City,Full Member,2021-11-25
5615,Fan_05615,Female,55+,UK,Liverpool,Red Member,2022-09-13
5616,Fan_05616,Female,18-24,China,International City,Non-Member,2022-03-11
5617,Fan_05617,Female,18-24,China,International City,Red Member,2024-05-16
5618,Fan_05618,Non-binary,Under 18,Thailand,International City,Non-Member,2023-04-06
5619,Fan_05619,Male,35-44,China,International City,Red Member,2020-06-08
5620,Fan_05620,Male,25-34,UK,Liverpool,Red Member,2024-09-29
5621,Fan_05621,Non-binary,35-44,Ireland,International City,Junior Member,2020-07-11
5622,Fan_05622,Non-binary,45-54,UK,London,Non-Member,2021-07-18
5623,Fan_05623,Female,55+,UK,Liverpool,Red Member,2020-06-17
5624,Fan_05624,Female,55+,Egypt,International City,Red Member,2024-12-04
5625,Fan_05625,Female,35-44,USA,International City,Red Member,2020-09-26
5626,Fan_05626,Female,18-24,Australia,International City,Red Member,2023-02-07
5627,Fan_05627,Female,55+,UK,London,Non-Member,2022-11-29
5628,Fan_05628,Non-binary,45-54,UK,Liverpool,Full Member,2020-03-09
5629,Fan_05629,Female,55+,UK,London,Non-Member,2023-03-27
5630,Fan_05630,Non-binary,25-34,UK,London,Red Member,2020-03-24
5631,Fan_05631,Female,55+,Australia,International City,Full Member,2022-02-27
5632,Fan_05632,Male,25-34,UK,London,Red Member,2024-03-21
5633,Fan_05633,Male,25-34,USA,International City,Non-Member,2021-04-11
5634,Fan_05634,Male,35-44,China,International City,Non-Member,2022-05-20
5635,Fan_05635,Non-binary,18-24,Thailand,International City,Non-Member,2020-02-25
5636,Fan_05636,Female,55+,USA,International City,Red Member,2023-09-25
5637,Fan_05637,Female,35-44,UK,London,Junior Member,2024-06-08
5638,Fan_05638,Male,18-24,UK,Liverpool,Junior Member,2021-01-10
5639,Fan_05639,Female,35-44,USA,International City,Full Member,2023-08-08
5640,Fan_05640,Non-binary,Under 18,UK,Liverpool,Premium/Lounge,2022-11-14
5641,Fan_05641,Non-binary,55+,USA,International City,Red Member,2022-06-01
5642,Fan_05642,Female,55+,UK,London,Full Member,2024-07-13
5643,Fan_05643,Male,45-54,UK,London,Red Member,2021-02-22
5644,Fan_05644,Male,55+,UK,Liverpool,Red Member,2023-11-21
5645,Fan_05645,Non-binary,35-44,Thailand,International City,Red Member,2020-02-19
5646,Fan_05646,Female,55+,China,International City,Red Member,2024-10-03
5647,Fan_05647,Non-binary,25-34,UK,Liverpool,Full Member,2020-10-09
5648,Fan_05648,Non-binary,35-44,UK,Liverpool,Non-Member,2021-06-21
5649,Fan_05649,Non-binary,35-44,Ireland,International City,Premium/Lounge,2023-12-04
5650,Fan_05650,Male,45-54,China,International City,Red Member,2023-10-30
5651,Fan_05651,Female,Under 18,China,International City,Red Member,2022-03-11
5652,Fan_05652,Male,Under 18,UK,London,Red Member,2024-04-11
5653,Fan_05653,Non-binary,Under 18,UK,Liverpool,Red Member,2021-01-27
5654,Fan_05654,Non-binary,18-24,Thailand,International City,Premium/Lounge,2024-09-10
5655,Fan_05655,Non-binary,Under 18,Egypt,International City,Junior Member,2023-03-06
5656,Fan_05656,Male,35-44,Egypt,International City,Non-Member,2023-02-24
5657,Fan_05657,Female,18-24,UK,Liverpool,Premium/Lounge,2024-07-05
5658,Fan_05658,Female,55+,UK,Liverpool,Non-Member,2022-12-29
5659,Fan_05659,Female,45-54,USA,International City,Non-Member,2020-12-17
5660,Fan_05660,Non-binary,25-34,USA,International City,Non-Member,2020-03-02
5661,Fan_05661,Non-binary,45-54,UK,Liverpool,Junior Member,2023-09-23
5662,Fan_05662,Male,55+,UK,Liverpool,Premium/Lounge,2021-05-01
5663,Fan_05663,Non-binary,45-54,UK,London,Junior Member,2020-02-09
5664,Fan_05664,Non-binary,45-54,UK,London,Red Member,2022-07-09
5665,Fan_05665,Non-binary,18-24,UK,Liverpool,Non-Member,2023-06-17
5666,Fan_05666,Female,18-24,UK,Liverpool,Non-Member,2022-01-23
5667,Fan_05667,Non-binary,18-24,UK,Liverpool,Non-Member,2021-04-20
5668,Fan_05668,Non-binary,55+,Egypt,International City,Premium/Lounge,2021-07-23
5669,Fan_05669,Male,Under 18,Ireland,International City,Junior Member,2020-10-27
5670,Fan_05670,Non-binary,55+,Australia,International City,Non-Member,2022-08-12
5671,Fan_05671,Non-binary,Under 18,China,International City,Red Member,2022-08-23
5672,Fan_05672,Male,35-44,Norway,International City,Full Member,2022-02-10
5673,Fan_05673,Female,55+,Ireland,International City,Non-Member,2023-10-20
5674,Fan_05674,Non-binary,45-54,UK,London,Full Member,2024-11-03
5675,Fan_05675,Male,Under 18,China,International City,Red Member,2023-08-25
5676,Fan_05676,Non-binary,55+,UK,Liverpool,Full Member,2020-10-17
5677,Fan_05677,Non-binary,Under 18,Ireland,International City,Red Member,2020-01-04
5678,Fan_05678,Male,Under 18,UK,Liverpool,Red Member,2020-04-21
5679,Fan_05679,Male,35-44,Thailand,International City,Full Member,2021-09-03
5680,Fan_05680,Male,18-24,UK,Liverpool,Non-Member,2022-11-16
5681,Fan_05681,Non-binary,Under 18,Ireland,International City,Red Member,2023-08-04
5682,Fan_05682,Female,18-24,UK,Liverpool,Red Member,2020-12-05
5683,Fan_05683,Female,45-54,Thailand,International City,Non-Member,2023-08-26
5684,Fan_05684,Female,25-34,China,International City,Red Member,2021-10-30
5685,Fan_05685,Male,55+,China,International City,Non-Member,2022-07-26
5686,Fan_05686,Non-binary,45-54,UK,Liverpool,Red Member,2023-03-03
5687,Fan_05687,Female,55+,UK,Liverpool,Non-Member,2020-06-30
5688,Fan_05688,Male,35-44,UK,Liverpool,Full Member,2023-11-04
5689,Fan_05689,Female,Under 18,UK,Liverpool,Non-Member,2024-06-26
5690,Fan_05690,Female,35-44,Norway,International City,Non-Member,2020-02-01
5691,Fan_05691,Male,45-54,Egypt,International City,Non-Member,2024-09-17
5692,Fan_05692,Male,35-44,UK,London,Non-Member,2023-07-25
5693,Fan_05693,Male,35-44,China,International City,Non-Member,2023-10-09
5694,Fan_05694,Male,25-34,UK,London,Full Member,2022-02-20
5695,Fan_05695,Non-binary,18-24,Ireland,International City,Full Member,2021-06-02
5696,Fan_05696,Non-binary,35-44,UK,Liverpool,Non-Member,2020-06-15
5697,Fan_05697,Non-binary,25-34,UK,London,Full Member,2023-09-09
5698,Fan_05698,Non-binary,25-34,UK,London,Non-Member,2022-04-15
5699,Fan_05699,Male,45-54,Thailand,International City,Non-Member,2020-11-15
5700,Fan_05700,Male,Under 18,UK,Liverpool,Non-Member,2023-02-03
5701,Fan_05701,Female,55+,UK,Liverpool,Non-Member,2021-05-26
5702,Fan_05702,Female,55+,Thailand,International City,Premium/Lounge,2022-07-08
5703,Fan_05703,Female,18-24,UK,London,Red Member,2021-10-13
5704,Fan_05704,Non-binary,25-34,UK,Liverpool,Non-Member,2021-12-21
5705,Fan_05705,Female,25-34,UK,London,Red Member,2024-03-23
5706,Fan_05706,Female,25-34,UK,Liverpool,Premium/Lounge,2021-07-24
5707,Fan_05707,Male,18-24,Australia,International City,Red Member,2024-08-20
5708,Fan_05708,Female,45-54,Australia,International City,Red Member,2020-10-27
5709,Fan_05709,Non-binary,45-54,UK,London,Red Member,2022-10-17
5710,Fan_05710,Female,55+,UK,Liverpool,Red Member,2022-04-21
5711,Fan_05711,Male,18-24,UK,Liverpool,Red Member,2020-03-19
5712,Fan_05712,Female,45-54,UK,Liverpool,Premium/Lounge,2023-07-03
5713,Fan_05713,Female,25-34,Egypt,International City,Full Member,2020-05-30
5714,Fan_05714,Female,45-54,UK,London,Red Member,2024-10-17
5715,Fan_05715,Male,18-24,Australia,International City,Premium/Lounge,2020-04-13
5716,Fan_05716,Non-binary,35-44,UK,London,Non-Member,2020-12-05
5717,Fan_05717,Non-binary,45-54,USA,International City,Non-Member,2020-01-23
5718,Fan_05718,Male,35-44,UK,Liverpool,Full Member,2023-04-09
5719,Fan_05719,Male,18-24,USA,International City,Red Member,2022-02-11
5720,Fan_05720,Non-binary,45-54,Thailand,International City,Full Member,2024-08-08
5721,Fan_05721,Non-binary,45-54,UK,Liverpool,Junior Member,2023-01-27
5722,Fan_05722,Non-binary,55+,UK,London,Red Member,2024-11-06
5723,Fan_05723,Non-binary,45-54,USA,International City,Red Member,2023-12-25
5724,Fan_05724,Female,45-54,Norway,International City,Non-Member,2022-02-01
5725,Fan_05725,Female,Under 18,China,International City,Non-Member,2020-09-05
5726,Fan_05726,Male,Under 18,UK,London,Red Member,2024-11-10
5727,Fan_05727,Male,Under 18,UK,Liverpool,Red Member,2021-02-13
5728,Fan_05728,Non-binary,55+,Thailand,International City,Non-Member,2024-04-14
5729,Fan_05729,Male,18-24,Thailand,International City,Non-Member,2022-04-04
5730,Fan_05730,Male,25-34,UK,London,Non-Member,2020-04-11
5731,Fan_05731,Non-binary,55+,Ireland,International City,Red Member,2022-03-27
5732,Fan_05732,Non-binary,55+,UK,Liverpool,Non-Member,2024-06-10
5733,Fan_05733,Non-binary,18-24,UK,Liverpool,Non-Member,2024-11-18
5734,Fan_05734,Non-binary,Under 18,UK,Liverpool,Non-Member,2021-09-07
5735,Fan_05735,Non-binary,45-54,UK,London,Red Member,2021-10-20
5736,Fan_05736,Non-binary,35-44,UK,Liverpool,Non-Member,2020-03-08
5737,Fan_05737,Non-binary,45-54,Thailand,International City,Red Member,2023-08-12
5738,Fan_05738,Female,25-34,UK,Liverpool,Non-Member,2024-02-29
5739,Fan_05739,Non-binary,18-24,Australia,International City,Non-Member,2020-01-24
5740,Fan_05740,Non-binary,55+,UK,Liverpool,Non-Member,2020-04-23
5741,Fan_05741,Male,18-24,Egypt,International City,Red Member,2024-08-30
5742,Fan_05742,Female,35-44,UK,London,Red Member,2023-05-31
5743,Fan_05743,Female,45-54,UK,Liverpool,Full Member,2022-03-31
5744,Fan_05744,Non-binary,45-54,UK,Liverpool,Non-Member,2023-08-22
5745,Fan_05745,Male,Under 18,UK,Liverpool,Non-Member,2022-08-28
5746,Fan_05746,Female,18-24,Ireland,International City,Full Member,2020-01-06
5747,Fan_05747,Non-binary,35-44,USA,International City,Red Member,2020-07-24
5748,Fan_05748,Female,45-54,Egypt,International City,Red Member,2022-09-10
5749,Fan_05749,Non-binary,55+,UK,Liverpool,Full Member,2024-04-28
5750,Fan_05750,Male,25-34,UK,Liverpool,Non-Member,2024-06-16
5751,Fan_05751,Male,55+,UK,Liverpool,Non-Member,2021-10-13
5752,Fan_05752,Non-binary,18-24,UK,Liverpool,Red Member,2023-09-14
5753,Fan_05753,Female,35-44,Thailand,International City,Non-Member,2020-01-27
5754,Fan_05754,Female,18-24,UK,Liverpool,Full Member,2020-12-13
5755,Fan_05755,Female,Under 18,UK,Liverpool,Non-Member,2022-05-08
5756,Fan_05756,Non-binary,18-24,UK,Liverpool,Non-Member,2020-10-27
5757,Fan_05757,Female,45-54,Australia,International City,Premium/Lounge,2024-09-07
5758,Fan_05758,Non-binary,55+,Thailand,International City,Non-Member,2023-04-24
5759,Fan_05759,Male,18-24,UK,Liverpool,Red Member,2020-03-23
5760,Fan_05760,Male,25-34,UK,London,Non-Member,2021-07-17
5761,Fan_05761,Female,45-54,USA,International City,Full Member,2020-01-01
5762,Fan_05762,Female,35-44,China,International City,Red Member,2020-02-22
5763,Fan_05763,Non-binary,45-54,USA,International City,Red Member,2024-11-08
5764,Fan_05764,Female,Under 18,UK,Liverpool,Non-Member,2023-11-17
5765,Fan_05765,Female,25-34,Norway,International City,Non-Member,2024-05-11
5766,Fan_05766,Non-binary,Under 18,China,International City,Red Member,2023-07-13
5767,Fan_05767,Non-binary,45-54,UK,Liverpool,Premium/Lounge,2022-01-01
5768,Fan_05768,Male,55+,UK,Liverpool,Non-Member,2024-11-04
5769,Fan_05769,Non-binary,25-34,Egypt,International City,Non-Member,2021-07-02
5770,Fan_05770,Female,Under 18,UK,London,Full Member,2024-07-24
5771,Fan_05771,Female,45-54,UK,Liverpool,Non-Member,2021-12-06
5772,Fan_05772,Male,55+,UK,Liverpool,Junior Member,2024-07-12
5773,Fan_05773,Female,25-34,UK,London,Non-Member,2024-01-11
5774,Fan_05774,Female,55+,Thailand,International City,Red Member,2021-05-24
5775,Fan_05775,Non-binary,Under 18,Thailand,International City,Red Member,2020-04-06
5776,Fan_05776,Female,35-44,Ireland,International City,Non-Member,2020-04-13
5777,Fan_05777,Male,Under 18,UK,London,Junior Member,2021-09-29
5778,Fan_05778,Male,45-54,UK,Liverpool,Non-Member,2020-02-07
5779,Fan_05779,Male,45-54,China,International City,Junior Member,2023-01-23
5780,Fan_05780,Non-binary,Under 18,UK,London,Junior Member,2021-03-04
5781,Fan_05781,Female,35-44,Thailand,International City,Premium/Lounge,2020-11-24
5782,Fan_05782,Non-binary,55+,China,International City,Non-Member,2021-05-03
5783,Fan_05783,Female,45-54,Egypt,International City,Full Member,2022-03-28
5784,Fan_05784,Female,55+,Australia,International City,Junior Member,2024-03-03
5785,Fan_05785,Non-binary,45-54,UK,Liverpool,Non-Member,2020-11-06
5786,Fan_05786,Female,18-24,USA,International City,Full Member,2023-11-30
5787,Fan_05787,Female,25-34,UK,London,Junior Member,2022-06-14
5788,Fan_05788,Non-binary,18-24,China,International City,Non-Member,2024-01-19
5789,Fan_05789,Female,18-24,UK,London,Non-Member,2020-04-23
5790,Fan_05790,Female,25-34,UK,Liverpool,Non-Member,2024-10-06
5791,Fan_05791,Non-binary,Under 18,UK,Liverpool,Premium/Lounge,2024-04-23
5792,Fan_05792,Female,Under 18,USA,International City,Red Member,2024-01-14
5793,Fan_05793,Non-binary,35-44,Thailand,International City,Non-Member,2023-05-06
5794,Fan_05794,Non-binary,55+,UK,London,Non-Member,2023-05-12
5795,Fan_05795,Non-binary,Under 18,Australia,International City,Red Member,2024-09-14
5796,Fan_05796,Non-binary,55+,China,International City,Non-Member,2024-11-07
5797,Fan_05797,Male,55+,UK,London,Non-Member,2024-07-18
5798,Fan_05798,Male,25-34,UK,London,Red Member,2021-07-18
5799,Fan_05799,Female,45-54,Egypt,International City,Non-Member,2021-12-03
5800,Fan_05800,Male,18-24,UK,Liverpool,Full Member,2020-09-01
5801,Fan_05801,Female,Under 18,UK,Liverpool,Non-Member,2022-07-20
5802,Fan_05802,Non-binary,18-24,Australia,International City,Non-Member,2020-02-07
5803,Fan_05803,Female,55+,UK,London,Non-Member,2022-09-01
5804,Fan_05804,Female,25-34,Norway,International City,Junior Member,2021-07-24
5805,Fan_05805,Non-binary,Under 18,UK,Liverpool,Red Member,2023-10-22
5806,Fan_05806,Male,55+,Australia,International City,Non-Member,2020-06-12
5807,Fan_05807,Male,25-34,USA,International City,Red Member,2024-03-07
5808,Fan_05808,Non-binary,25-34,UK,Liverpool,Junior Member,2021-05-14
5809,Fan_05809,Female,35-44,Thailand,International City,Red Member,2024-07-04
5810,Fan_05810,Male,35-44,UK,Liverpool,Non-Member,2021-05-23
5811,Fan_05811,Non-binary,35-44,UK,Liverpool,Non-Member,2022-01-14
5812,Fan_05812,Male,55+,UK,Liverpool,Red Member,2020-05-30
5813,Fan_05813,Non-binary,25-34,China,International City,Non-Member,2020-09-22
5814,Fan_05814,Non-binary,35-44,UK,Liverpool,Non-Member,2021-03-18
5815,Fan_05815,Male,25-34,UK,Liverpool,Non-Member,2022-03-16
5816,Fan_05816,Female,18-24,UK,London,Red Member,2024-08-25
5817,Fan_05817,Male,55+,UK,London,Red Member,2023-08-05
5818,Fan_05818,Female,25-34,UK,Liverpool,Non-Member,2023-07-01
5819,Fan_05819,Non-binary,Under 18,Egypt,International City,Non-Member,2024-10-26
5820,Fan_05820,Non-binary,Under 18,UK,Liverpool,Non-Member,2020-04-30
5821,Fan_05821,Male,55+,China,International City,Non-Member,2020-10-20
5822,Fan_05822,Non-binary,25-34,UK,London,Red Member,2020-11-19
5823,Fan_05823,Male,35-44,Australia,International City,Premium/Lounge,2022-01-29
5824,Fan_05824,Female,55+,Egypt,International City,Full Member,2022-01-20
5825,Fan_05825,Non-binary,55+,UK,Liverpool,Non-Member,2022-03-14
5826,Fan_05826,Non-binary,45-54,UK,London,Red Member,2020-03-29
5827,Fan_05827,Female,25-34,UK,Liverpool,Red Member,2021-08-27
5828,Fan_05828,Female,25-34,Ireland,International City,Non-Member,2023-07-14
5829,Fan_05829,Male,Under 18,Thailand,International City,Red Member,2021-08-08
5830,Fan_05830,Non-binary,45-54,China,International City,Non-Member,2023-11-21
5831,Fan_05831,Male,45-54,UK,Liverpool,Non-Member,2020-09-11
5832,Fan_05832,Male,55+,Egypt,International City,Full Member,2020-09-04
5833,Fan_05833,Non-binary,45-54,China,International City,Red Member,2021-12-13
5834,Fan_05834,Female,45-54,Ireland,International City,Non-Member,2021-08-03
5835,Fan_05835,Female,35-44,UK,Liverpool,Non-Member,2024-11-10
5836,Fan_05836,Non-binary,25-34,UK,Liverpool,Non-Member,2020-09-09
5837,Fan_05837,Non-binary,35-44,Norway,International City,Non-Member,2021-10-06
5838,Fan_05838,Female,35-44,Australia,International City,Non-Member,2021-04-25
5839,Fan_05839,Male,35-44,USA,International City,Non-Member,2021-09-26
5840,Fan_05840,Female,Under 18,Egypt,International City,Red Member,2020-01-22
5841,Fan_05841,Non-binary,18-24,UK,Liverpool,Premium/Lounge,2022-05-13
5842,Fan_05842,Male,18-24,USA,International City,Non-Member,2021-12-24
5843,Fan_05843,Female,Under 18,UK,London,Non-Member,2022-02-05
5844,Fan_05844,Male,35-44,UK,Liverpool,Non-Member,2023-10-23
5845,Fan_05845,Non-binary,Under 18,China,International City,Red Member,2022-10-14
5846,Fan_05846,Male,25-34,UK,London,Red Member,2022-06-20
5847,Fan_05847,Male,25-34,Thailand,International City,Non-Member,2021-01-02
5848,Fan_05848,Male,18-24,UK,London,Full Member,2021-10-30
5849,Fan_05849,Female,Under 18,UK,Liverpool,Junior Member,2022-02-07
5850,Fan_05850,Female,18-24,UK,Liverpool,Non-Member,2023-10-24
5851,Fan_05851,Female,45-54,UK,Liverpool,Non-Member,2021-10-15
5852,Fan_05852,Female,Under 18,China,International City,Full Member,2024-02-14
5853,Fan_05853,Non-binary,55+,UK,Liverpool,Full Member,2022-12-24
5854,Fan_05854,Female,55+,USA,International City,Non-Member,2024-10-01
5855,Fan_05855,Female,45-54,China,International City,Non-Member,2022-05-29
5856,Fan_05856,Male,45-54,UK,London,Non-Member,2021-02-02
5857,Fan_05857,Female,25-34,UK,Liverpool,Full Member,2023-10-05
5858,Fan_05858,Female,35-44,Egypt,International City,Full Member,2020-01-15
5859,Fan_05859,Male,18-24,UK,Liverpool,Non-Member,2024-03-07
5860,Fan_05860,Female,35-44,Australia,International City,Junior Member,2020-06-30
5861,Fan_05861,Female,18-24,Egypt,International City,Non-Member,2024-07-08
5862,Fan_05862,Male,45-54,Ireland,International City,Non-Member,2020-12-01
5863,Fan_05863,Female,35-44,UK,Liverpool,Non-Member,2021-03-20
5864,Fan_05864,Male,55+,UK,Liverpool,Junior Member,2023-05-21
5865,Fan_05865,Female,18-24,Australia,International City,Junior Member,2020-09-29
5866,Fan_05866,Female,25-34,UK,Liverpool,Non-Member,2020-03-22
5867,Fan_05867,Male,25-34,UK,Liverpool,Non-Member,2024-04-11
5868,Fan_05868,Female,35-44,UK,Liverpool,Full Member,2024-10-26
5869,Fan_05869,Non-binary,18-24,Thailand,International City,Non-Member,2020-12-04
5870,Fan_05870,Female,18-24,USA,International City,Full Member,2023-12-23
5871,Fan_05871,Non-binary,25-34,UK,London,Full Member,2020-10-15
5872,Fan_05872,Non-binary,18-24,UK,London,Non-Member,2023-03-24
5873,Fan_05873,Male,Under 18,UK,London,Red Member,2023-06-17
5874,Fan_05874,Male,45-54,UK,London,Non-Member,2021-08-23
5875,Fan_05875,Female,35-44,UK,London,Full Member,2020-05-24
5876,Fan_05876,Non-binary,45-54,Thailand,International City,Non-Member,2023-05-30
5877,Fan_05877,Female,25-34,UK,Liverpool,Red Member,2024-10-31
5878,Fan_05878,Female,55+,UK,London,Red Member,2020-09-16
5879,Fan_05879,Female,25-34,UK,London,Red Member,2023-03-10
5880,Fan_05880,Non-binary,45-54,Australia,International City,Non-Member,2021-02-17
5881,Fan_05881,Male,Under 18,Egypt,International City,Non-Member,2020-01-08
5882,Fan_05882,Female,25-34,China,International City,Non-Member,2021-03-13
5883,Fan_05883,Male,18-24,Australia,International City,Premium/Lounge,2024-04-02
5884,Fan_05884,Non-binary,55+,USA,International City,Premium/Lounge,2020-11-04
5885,Fan_05885,Female,35-44,UK,Liverpool,Non-Member,2021-02-21
5886,Fan_05886,Non-binary,45-54,UK,Liverpool,Junior Member,2020-03-10
5887,Fan_05887,Female,25-34,USA,International City,Junior Member,2022-09-06
5888,Fan_05888,Female,Under 18,UK,Liverpool,Non-Member,2023-02-17
5889,Fan_05889,Female,Under 18,UK,London,Red Member,2023-06-12
5890,Fan_05890,Non-binary,25-34,UK,London,Non-Member,2023-07-14
5891,Fan_05891,Male,55+,UK,London,Red Member,2024-06-08
5892,Fan_05892,Female,55+,China,International City,Non-Member,2020-09-27
5893,Fan_05893,Female,Under 18,Norway,International City,Junior Member,2023-08-20
5894,Fan_05894,Female,25-34,USA,International City,Red Member,2020-12-08
5895,Fan_05895,Female,35-44,USA,International City,Non-Member,2022-01-30
5896,Fan_05896,Male,35-44,Egypt,International City,Non-Member,2020-01-29
5897,Fan_05897,Female,18-24,UK,London,Red Member,2023-09-18
5898,Fan_05898,Female,25-34,UK,Liverpool,Red Member,2024-02-01
5899,Fan_05899,Female,25-34,UK,London,Red Member,2023-05-03
5900,Fan_05900,Non-binary,45-54,Norway,International City,Non-Member,2020-08-01
5901,Fan_05901,Male,45-54,Egypt,International City,Junior Member,2024-04-26
5902,Fan_05902,Non-binary,35-44,Thailand,International City,Premium/Lounge,2023-03-22
5903,Fan_05903,Non-binary,25-34,Egypt,International City,Full Member,2024-06-05
5904,Fan_05904,Non-binary,45-54,UK,London,Red Member,2020-03-11
5905,Fan_05905,Non-binary,45-54,Thailand,International City,Red Member,2024-07-24
5906,Fan_05906,Female,45-54,UK,London,Junior Member,2024-06-27
5907,Fan_05907,Male,18-24,Ireland,International City,Red Member,2024-05-06
5908,Fan_05908,Female,18-24,USA,International City,Non-Member,2020-09-26
5909,Fan_05909,Male,45-54,China,International City,Non-Member,2022-02-19
5910,Fan_05910,Male,55+,UK,London,Full Member,2023-04-14
5911,Fan_05911,Non-binary,55+,China,International City,Non-Member,2023-09-14
5912,Fan_05912,Female,45-54,UK,London,Red Member,2021-04-11
5913,Fan_05913,Non-binary,Under 18,UK,London,Non-Member,2023-11-03
5914,Fan_05914,Female,55+,USA,International City,Junior Member,2024-11-28
5915,Fan_05915,Male,45-54,UK,London,Red Member,2023-12-11
5916,Fan_05916,Female,18-24,UK,Liverpool,Full Member,2020-11-26
5917,Fan_05917,Female,55+,UK,London,Red Member,2023-11-26
5918,Fan_05918,Male,45-54,Norway,International City,Premium/Lounge,2022-10-23
5919,Fan_05919,Male,18-24,Egypt,International City,Non-Member,2022-07-11
5920,Fan_05920,Non-binary,45-54,Egypt,International City,Full Member,2022-09-16
5921,Fan_05921,Non-binary,25-34,UK,London,Non-Member,2022-03-05
5922,Fan_05922,Male,35-44,Egypt,International City,Junior Member,2020-06-06
5923,Fan_05923,Male,55+,China,International City,Junior Member,2021-06-07
5924,Fan_05924,Non-binary,25-34,Thailand,International City,Red Member,2021-09-18
5925,Fan_05925,Non-binary,45-54,USA,International City,Full Member,2023-01-03
5926,Fan_05926,Non-binary,25-34,UK,London,Red Member,2022-05-27
5927,Fan_05927,Female,45-54,Australia,International City,Non-Member,2023-03-07
5928,Fan_05928,Female,18-24,China,International City,Junior Member,2023-01-14
5929,Fan_05929,Non-binary,35-44,UK,Liverpool,Non-Member,2021-02-16
5930,Fan_05930,Male,Under 18,USA,International City,Red Member,2020-05-01
5931,Fan_05931,Male,35-44,Thailand,International City,Non-Member,2022-02-25
5932,Fan_05932,Male,Under 18,USA,International City,Non-Member,2022-05-07
5933,Fan_05933,Female,55+,UK,London,Red Member,2023-11-02
5934,Fan_05934,Female,25-34,Norway,International City,Red Member,2022-10-19
5935,Fan_05935,Non-binary,35-44,Australia,International City,Red Member,2021-11-02
5936,Fan_05936,Female,35-44,China,International City,Red Member,2020-07-23
5937,Fan_05937,Female,25-34,UK,London,Non-Member,2020-01-15
5938,Fan_05938,Female,25-34,UK,London,Red Member,2024-05-30
5939,Fan_05939,Non-binary,18-24,USA,International City,Non-Member,2023-10-31
5940,Fan_05940,Female,35-44,UK,London,Red Member,2021-06-06
5941,Fan_05941,Male,25-34,UK,London,Non-Member,2021-06-16
5942,Fan_05942,Non-binary,45-54,UK,Liverpool,Red Member,2021-08-29
5943,Fan_05943,Male,18-24,UK,London,Red Member,2022-04-12
5944,Fan_05944,Female,Under 18,Egypt,International City,Red Member,2024-05-07
5945,Fan_05945,Female,Under 18,UK,Liverpool,Junior Member,2020-05-10
5946,Fan_05946,Male,18-24,USA,International City,Red Member,2021-02-01
5947,Fan_05947,Female,25-34,UK,Liverpool,Non-Member,2021-03-10
5948,Fan_05948,Non-binary,35-44,Egypt,International City,Non-Member,2020-12-21
5949,Fan_05949,Female,55+,UK,Liverpool,Non-Member,2023-01-12
5950,Fan_05950,Non-binary,45-54,Thailand,International City,Non-Member,2020-03-03
5951,Fan_05951,Female,55+,Thailand,International City,Non-Member,2021-03-11
5952,Fan_05952,Male,45-54,UK,Liverpool,Premium/Lounge,2022-06-06
5953,Fan_05953,Male,45-54,Ireland,International City,Red Member,2023-05-06
5954,Fan_05954,Non-binary,35-44,Norway,International City,Non-Member,2024-09-17
5955,Fan_05955,Male,45-54,UK,London,Non-Member,2020-08-12
5956,Fan_05956,Non-binary,25-34,UK,London,Red Member,2020-01-27
5957,Fan_05957,Male,35-44,UK,London,Non-Member,2021-12-25
5958,Fan_05958,Female,55+,China,International City,Red Member,2021-09-04
5959,Fan_05959,Male,45-54,Egypt,International City,Red Member,2022-10-17
5960,Fan_05960,Non-binary,18-24,Ireland,International City,Full Member,2021-05-29
5961,Fan_05961,Male,25-34,Australia,International City,Full Member,2024-08-23
5962,Fan_05962,Non-binary,Under 18,Ireland,International City,Non-Member,2023-09-09
5963,Fan_05963,Male,18-24,USA,International City,Junior Member,2023-06-17
5964,Fan_05964,Non-binary,Under 18,UK,London,Non-Member,2020-07-03
5965,Fan_05965,Non-binary,18-24,UK,Liverpool,Red Member,2022-12-02
5966,Fan_05966,Male,35-44,UK,Liverpool,Non-Member,2024-09-25
5967,Fan_05967,Male,Under 18,UK,London,Full Member,2024-03-03
5968,Fan_05968,Non-binary,35-44,USA,International City,Red Member,2021-08-08
5969,Fan_05969,Female,35-44,Egypt,International City,Red Member,2023-06-02
5970,Fan_05970,Male,55+,UK,Liverpool,Non-Member,2020-05-16
5971,Fan_05971,Female,55+,Egypt,International City,Non-Member,2023-11-07
5972,Fan_05972,Non-binary,18-24,Egypt,International City,Non-Member,2020-01-08
5973,Fan_05973,Non-binary,55+,Norway,International City,Non-Member,2024-09-14
5974,Fan_05974,Female,55+,Thailand,International City,Red Member,2024-11-24
5975,Fan_05975,Non-binary,45-54,USA,International City,Non-Member,2020-08-05
5976,Fan_05976,Female,18-24,Thailand,International City,Non-Member,2023-08-17
5977,Fan_05977,Male,18-24,China,International City,Red Member,2020-03-04
5978,Fan_05978,Non-binary,25-34,China,International City,Junior Member,2023-01-28
5979,Fan_05979,Female,18-24,UK,Liverpool,Red Member,2022-05-10
5980,Fan_05980,Female,45-54,Norway,International City,Non-Member,2020-07-21
5981,Fan_05981,Male,55+,USA,International City,Non-Member,2022-02-25
5982,Fan_05982,Male,45-54,USA,International City,Non-Member,2023-09-07
5983,Fan_05983,Non-binary,Under 18,Ireland,International City,Red Member,2020-07-07
5984,Fan_05984,Male,35-44,Egypt,International City,Red Member,2022-10-22
5985,Fan_05985,Male,35-44,UK,London,Red Member,2024-08-09
5986,Fan_05986,Female,45-54,UK,Liverpool,Full Member,2023-04-30
5987,Fan_05987,Male,18-24,UK,Liverpool,Non-Member,2022-07-31
5988,Fan_05988,Male,18-24,China,International City,Full Member,2022-08-28
5989,Fan_05989,Non-binary,45-54,UK,Liverpool,Non-Member,2020-11-06
5990,Fan_05990,Non-binary,45-54,UK,London,Non-Member,2020-03-14
5991,Fan_05991,Female,25-34,China,International City,Non-Member,2024-11-22
5992,Fan_05992,Non-binary,55+,China,International City,Full Member,2022-07-06
5993,Fan_05993,Non-binary,25-34,UK,Liverpool,Red Member,2022-07-03
5994,Fan_05994,Female,55+,Thailand,International City,Non-Member,2020-05-24
5995,Fan_05995,Female,35-44,Ireland,International City,Red Member,2021-10-04
5996,Fan_05996,Non-binary,Under 18,UK,London,Red Member,2023-01-12
5997,Fan_05997,Non-binary,Under 18,Thailand,International City,Red Member,2024-03-13
5998,Fan_05998,Male,25-34,UK,Liverpool,Full Member,2020-05-12
5999,Fan_05999,Male,45-54,UK,Liverpool,Full Member,2021-09-11
6000,Fan_06000,Non-binary,55+,UK,Liverpool,Full Member,2022-03-10
6001,Fan_06001,Non-binary,18-24,UK,Liverpool,Red Member,2021-06-23
6002,Fan_06002,Non-binary,35-44,Egypt,International City,Red Member,2021-02-24
6003,Fan_06003,Male,18-24,Egypt,International City,Non-Member,2023-11-04
6004,Fan_06004,Female,Under 18,Norway,International City,Non-Member,2021-05-02
6005,Fan_06005,Female,55+,Thailand,International City,Non-Member,2021-01-04
6006,Fan_06006,Non-binary,45-54,UK,Liverpool,Non-Member,2023-07-18
6007,Fan_06007,Non-binary,45-54,UK,Liverpool,Non-Member,2020-11-12
6008,Fan_06008,Non-binary,45-54,Egypt,International City,Red Member,2023-08-11
6009,Fan_06009,Male,45-54,UK,Liverpool,Premium/Lounge,2020-10-01
6010,Fan_06010,Female,Under 18,UK,Liverpool,Red Member,2022-03-05
6011,Fan_06011,Non-binary,Under 18,China,International City,Non-Member,2020-04-06
6012,Fan_06012,Non-binary,18-24,USA,International City,Non-Member,2022-09-12
6013,Fan_06013,Male,45-54,China,International City,Full Member,2020-10-21
6014,Fan_06014,Male,18-24,UK,Liverpool,Non-Member,2023-12-17
6015,Fan_06015,Non-binary,35-44,Egypt,International City,Full Member,2021-09-14
6016,Fan_06016,Female,Under 18,Thailand,International City,Non-Member,2024-01-01
6017,Fan_06017,Female,25-34,UK,London,Red Member,2022-11-12
6018,Fan_06018,Female,45-54,Thailand,International City,Junior Member,2024-11-06
6019,Fan_06019,Male,25-34,UK,Liverpool,Red Member,2023-11-15
6020,Fan_06020,Male,35-44,USA,International City,Red Member,2021-04-28
6021,Fan_06021,Male,18-24,China,International City,Full Member,2021-03-22
6022,Fan_06022,Female,55+,UK,London,Non-Member,2023-10-27
6023,Fan_06023,Female,35-44,China,International City,Junior Member,2020-03-08
6024,Fan_06024,Male,45-54,UK,London,Red Member,2023-06-19
6025,Fan_06025,Non-binary,55+,Thailand,International City,Non-Member,2022-11-23
6026,Fan_06026,Female,25-34,UK,Liverpool,Non-Member,2021-09-29
6027,Fan_06027,Non-binary,18-24,UK,Liverpool,Non-Member,2020-06-05
6028,Fan_06028,Female,Under 18,UK,London,Full Member,2023-12-07
6029,Fan_06029,Male,55+,UK,Liverpool,Red Member,2024-10-08
6030,Fan_06030,Non-binary,35-44,UK,London,Non-Member,2021-10-26
6031,Fan_06031,Female,45-54,Ireland,International City,Full Member,2020-06-01
6032,Fan_06032,Male,45-54,China,International City,Full Member,2022-06-15
6033,Fan_06033,Non-binary,35-44,USA,International City,Red Member,2020-04-19
6034,Fan_06034,Female,55+,UK,London,Non-Member,2022-01-01
6035,Fan_06035,Non-binary,25-34,USA,International City,Non-Member,2022-04-23
6036,Fan_06036,Non-binary,25-34,Norway,International City,Non-Member,2024-04-08
6037,Fan_06037,Female,55+,UK,Liverpool,Red Member,2021-09-02
6038,Fan_06038,Male,18-24,UK,London,Full Member,2021-10-15
6039,Fan_06039,Male,35-44,Norway,International City,Red Member,2023-09-17
6040,Fan_06040,Female,45-54,UK,Liverpool,Red Member,2022-01-19
6041,Fan_06041,Non-binary,18-24,USA,International City,Full Member,2023-12-11
6042,Fan_06042,Male,55+,Australia,International City,Red Member,2021-04-23
6043,Fan_06043,Non-binary,55+,UK,Liverpool,Non-Member,2023-12-26
6044,Fan_06044,Male,25-34,UK,London,Full Member,2022-01-24
6045,Fan_06045,Non-binary,25-34,China,International City,Full Member,2020-12-01
6046,Fan_06046,Female,Under 18,UK,London,Red Member,2024-10-16
6047,Fan_06047,Female,Under 18,China,International City,Full Member,2021-12-11
6048,Fan_06048,Non-binary,25-34,Ireland,International City,Red Member,2021-05-21
6049,Fan_06049,Female,35-44,Thailand,International City,Non-Member,2022-08-13
6050,Fan_06050,Female,35-44,UK,London,Junior Member,2021-06-05
6051,Fan_06051,Male,25-34,UK,London,Premium/Lounge,2023-07-18
6052,Fan_06052,Female,45-54,Thailand,International City,Non-Member,2023-08-24
6053,Fan_06053,Female,25-34,UK,Liverpool,Junior Member,2023-06-02
6054,Fan_06054,Female,Under 18,UK,Liverpool,Red Member,2020-01-27
6055,Fan_06055,Male,45-54,UK,Liverpool,Junior Member,2020-07-11
6056,Fan_06056,Non-binary,45-54,USA,International City,Non-Member,2023-08-15
6057,Fan_06057,Male,18-24,UK,Liverpool,Premium/Lounge,2021-09-06
6058,Fan_06058,Female,55+,UK,Liverpool,Non-Member,2023-12-15
6059,Fan_06059,Female,45-54,Thailand,International City,Non-Member,2023-11-22
6060,Fan_06060,Female,25-34,Norway,International City,Non-Member,2024-02-16
6061,Fan_06061,Non-binary,18-24,UK,Liverpool,Red Member,2022-04-09
6062,Fan_06062,Male,18-24,UK,Liverpool,Premium/Lounge,2020-02-28
6063,Fan_06063,Non-binary,25-34,UK,Liverpool,Premium/Lounge,2020-03-01
6064,Fan_06064,Non-binary,55+,Thailand,International City,Full Member,2022-02-26
6065,Fan_06065,Male,Under 18,China,International City,Full Member,2021-01-21
6066,Fan_06066,Female,35-44,USA,International City,Red Member,2020-09-09
6067,Fan_06067,Non-binary,35-44,Thailand,International City,Red Member,2022-04-27
6068,Fan_06068,Male,Under 18,USA,International City,Non-Member,2021-10-03
6069,Fan_06069,Female,18-24,China,International City,Non-Member,2020-12-22
6070,Fan_06070,Male,18-24,UK,London,Junior Member,2023-12-02
6071,Fan_06071,Non-binary,45-54,UK,London,Non-Member,2020-05-28
6072,Fan_06072,Female,45-54,UK,Liverpool,Non-Member,2022-05-12
6073,Fan_06073,Female,45-54,Norway,International City,Junior Member,2020-02-03
6074,Fan_06074,Female,45-54,UK,Liverpool,Non-Member,2021-11-01
6075,Fan_06075,Female,35-44,UK,Liverpool,Non-Member,2021-07-15
6076,Fan_06076,Male,18-24,UK,London,Non-Member,2024-05-10
6077,Fan_06077,Female,35-44,UK,London,Red Member,2022-06-08
6078,Fan_06078,Female,Under 18,UK,London,Non-Member,2023-01-30
6079,Fan_06079,Male,35-44,UK,London,Non-Member,2020-05-16
6080,Fan_06080,Non-binary,25-34,Egypt,International City,Junior Member,2023-08-09
6081,Fan_06081,Non-binary,25-34,UK,Liverpool,Red Member,2023-04-08
6082,Fan_06082,Male,55+,China,International City,Non-Member,2022-09-22
6083,Fan_06083,Female,35-44,Australia,International City,Non-Member,2024-07-20
6084,Fan_06084,Male,Under 18,UK,London,Non-Member,2024-10-23
6085,Fan_06085,Female,Under 18,Egypt,International City,Non-Member,2024-03-01
6086,Fan_06086,Non-binary,55+,UK,London,Non-Member,2024-08-30
6087,Fan_06087,Non-binary,25-34,UK,Liverpool,Full Member,2022-03-28
6088,Fan_06088,Male,18-24,Norway,International City,Red Member,2023-01-02
6089,Fan_06089,Female,35-44,UK,Liverpool,Premium/Lounge,2021-05-08
6090,Fan_06090,Female,25-34,UK,London,Red Member,2024-02-06
6091,Fan_06091,Non-binary,Under 18,China,International City,Red Member,2023-11-07
6092,Fan_06092,Female,45-54,Norway,International City,Non-Member,2020-10-31
6093,Fan_06093,Female,55+,UK,London,Full Member,2022-07-26
6094,Fan_06094,Non-binary,35-44,Egypt,International City,Full Member,2024-08-14
6095,Fan_06095,Male,55+,UK,London,Non-Member,2021-08-15
6096,Fan_06096,Female,18-24,UK,Liverpool,Red Member,2022-10-11
6097,Fan_06097,Female,35-44,Ireland,International City,Non-Member,2022-11-18
6098,Fan_06098,Non-binary,25-34,UK,London,Red Member,2020-04-15
6099,Fan_06099,Non-binary,45-54,UK,London,Red Member,2021-05-13
6100,Fan_06100,Non-binary,Under 18,UK,London,Red Member,2020-07-07
6101,Fan_06101,Female,35-44,UK,London,Red Member,2022-04-24
6102,Fan_06102,Male,35-44,UK,Liverpool,Full Member,2020-06-07
6103,Fan_06103,Female,Under 18,Egypt,International City,Non-Member,2023-06-13
6104,Fan_06104,Female,55+,Australia,International City,Red Member,2021-10-17
6105,Fan_06105,Female,18-24,USA,International City,Red Member,2024-04-07
6106,Fan_06106,Male,35-44,USA,International City,Full Member,2023-01-27
6107,Fan_06107,Male,18-24,Ireland,International City,Red Member,2024-08-10
6108,Fan_06108,Non-binary,18-24,Thailand,International City,Non-Member,2024-07-14
6109,Fan_06109,Male,25-34,China,International City,Non-Member,2021-01-02
6110,Fan_06110,Non-binary,18-24,China,International City,Non-Member,2022-04-07
6111,Fan_06111,Male,Under 18,UK,London,Non-Member,2022-10-25
6112,Fan_06112,Female,55+,USA,International City,Junior Member,2021-11-17
6113,Fan_06113,Male,55+,Australia,International City,Red Member,2024-08-28
6114,Fan_06114,Non-binary,Under 18,UK,London,Non-Member,2021-08-15
6115,Fan_06115,Female,35-44,UK,London,Non-Member,2020-07-30
6116,Fan_06116,Female,55+,UK,London,Full Member,2023-03-05
6117,Fan_06117,Female,35-44,UK,London,Non-Member,2021-02-25
6118,Fan_06118,Non-binary,18-24,China,International City,Non-Member,2020-10-04
6119,Fan_06119,Male,25-34,UK,London,Non-Member,2024-11-14
6120,Fan_06120,Male,18-24,Thailand,International City,Junior Member,2020-12-26
6121,Fan_06121,Male,55+,UK,London,Non-Member,2020-07-14
6122,Fan_06122,Non-binary,45-54,Ireland,International City,Premium/Lounge,2020-04-04
6123,Fan_06123,Male,25-34,UK,London,Red Member,2021-09-20
6124,Fan_06124,Male,18-24,UK,London,Non-Member,2023-08-07
6125,Fan_06125,Non-binary,35-44,UK,London,Non-Member,2024-06-19
6126,Fan_06126,Non-binary,45-54,UK,London,Non-Member,2021-11-18
6127,Fan_06127,Non-binary,25-34,USA,International City,Red Member,2020-09-15
6128,Fan_06128,Non-binary,35-44,UK,London,Non-Member,2024-05-01
6129,Fan_06129,Female,Under 18,UK,Liverpool,Non-Member,2021-06-24
6130,Fan_06130,Non-binary,35-44,Thailand,International City,Red Member,2021-01-30
6131,Fan_06131,Male,55+,UK,London,Full Member,2021-12-31
6132,Fan_06132,Female,55+,UK,Liverpool,Junior Member,2022-08-27
6133,Fan_06133,Male,25-34,Ireland,International City,Full Member,2023-03-19
6134,Fan_06134,Non-binary,55+,Egypt,International City,Red Member,2020-12-29
6135,Fan_06135,Female,18-24,Thailand,International City,Red Member,2022-04-08
6136,Fan_06136,Male,25-34,China,International City,Junior Member,2020-12-29
6137,Fan_06137,Female,25-34,UK,Liverpool,Red Member,2023-02-26
6138,Fan_06138,Female,18-24,UK,London,Red Member,2024-05-31
6139,Fan_06139,Non-binary,Under 18,UK,Liverpool,Full Member,2022-05-03
6140,Fan_06140,Female,Under 18,USA,International City,Non-Member,2022-08-26
6141,Fan_06141,Female,45-54,UK,London,Junior Member,2022-01-29
6142,Fan_06142,Female,25-34,UK,London,Premium/Lounge,2022-03-17
6143,Fan_06143,Non-binary,25-34,USA,International City,Junior Member,2021-04-22
6144,Fan_06144,Non-binary,55+,UK,London,Junior Member,2023-12-04
6145,Fan_06145,Male,55+,USA,International City,Premium/Lounge,2023-03-26
6146,Fan_06146,Female,55+,Egypt,International City,Non-Member,2020-11-11
6147,Fan_06147,Non-binary,35-44,UK,London,Red Member,2023-04-28
6148,Fan_06148,Female,35-44,UK,London,Non-Member,2020-11-16
6149,Fan_06149,Female,55+,Ireland,International City,Junior Member,2022-05-06
6150,Fan_06150,Non-binary,18-24,UK,Liverpool,Red Member,2021-07-09
6151,Fan_06151,Female,35-44,UK,Liverpool,Full Member,2021-11-03
6152,Fan_06152,Non-binary,35-44,Norway,International City,Non-Member,2023-10-01
6153,Fan_06153,Male,35-44,Thailand,International City,Non-Member,2022-03-16
6154,Fan_06154,Non-binary,18-24,China,International City,Non-Member,2023-03-04
6155,Fan_06155,Non-binary,55+,Norway,International City,Non-Member,2023-06-15
6156,Fan_06156,Non-binary,55+,Thailand,International City,Non-Member,2022-04-30
6157,Fan_06157,Male,55+,UK,London,Red Member,2020-06-19
6158,Fan_06158,Non-binary,55+,UK,London,Non-Member,2023-11-23
6159,Fan_06159,Male,Under 18,USA,International City,Non-Member,2020-02-17
6160,Fan_06160,Male,35-44,Norway,International City,Non-Member,2022-02-16
6161,Fan_06161,Male,Under 18,UK,Liverpool,Non-Member,2021-07-14
6162,Fan_06162,Non-binary,35-44,Egypt,International City,Red Member,2023-02-08
6163,Fan_06163,Male,45-54,China,International City,Non-Member,2022-03-02
6164,Fan_06164,Female,45-54,China,International City,Non-Member,2020-08-29
6165,Fan_06165,Female,35-44,UK,Liverpool,Non-Member,2023-04-27
6166,Fan_06166,Female,35-44,China,International City,Red Member,2021-01-11
6167,Fan_06167,Male,55+,UK,Liverpool,Full Member,2024-08-29
6168,Fan_06168,Male,35-44,Ireland,International City,Junior Member,2021-08-30
6169,Fan_06169,Male,18-24,UK,Liverpool,Full Member,2020-08-10
6170,Fan_06170,Male,55+,USA,International City,Full Member,2024-10-28
6171,Fan_06171,Non-binary,25-34,Thailand,International City,Non-Member,2021-03-16
6172,Fan_06172,Non-binary,25-34,USA,International City,Red Member,2024-09-29
6173,Fan_06173,Male,55+,Australia,International City,Non-Member,2021-01-06
6174,Fan_06174,Female,55+,Ireland,International City,Red Member,2024-01-11
6175,Fan_06175,Male,45-54,UK,Liverpool,Red Member,2022-07-13
6176,Fan_06176,Male,35-44,Australia,International City,Junior Member,2023-02-01
6177,Fan_06177,Male,45-54,UK,London,Non-Member,2020-03-08
6178,Fan_06178,Male,18-24,UK,Liverpool,Red Member,2024-05-27
6179,Fan_06179,Non-binary,Under 18,China,International City,Non-Member,2022-04-01
6180,Fan_06180,Non-binary,18-24,China,International City,Full Member,2023-05-17
6181,Fan_06181,Male,Under 18,UK,Liverpool,Non-Member,2021-04-08
6182,Fan_06182,Female,18-24,UK,London,Red Member,2023-09-25
6183,Fan_06183,Female,55+,USA,International City,Non-Member,2023-11-05
6184,Fan_06184,Male,25-34,UK,Liverpool,Non-Member,2024-08-17
6185,Fan_06185,Non-binary,55+,Egypt,International City,Non-Member,2020-06-30
6186,Fan_06186,Male,Under 18,China,International City,Red Member,2022-10-07
6187,Fan_06187,Male,Under 18,Thailand,International City,Non-Member,2021-05-29
6188,Fan_06188,Male,Under 18,Egypt,International City,Red Member,2020-01-22
6189,Fan_06189,Non-binary,45-54,UK,Liverpool,Full Member,2023-09-08
6190,Fan_06190,Male,25-34,UK,Liverpool,Full Member,2020-11-26
6191,Fan_06191,Non-binary,35-44,UK,London,Red Member,2020-08-31
6192,Fan_06192,Non-binary,Under 18,USA,International City,Premium/Lounge,2020-05-28
6193,Fan_06193,Non-binary,Under 18,Thailand,International City,Non-Member,2021-08-20
6194,Fan_06194,Male,25-34,UK,London,Red Member,2024-03-01
6195,Fan_06195,Female,18-24,UK,London,Non-Member,2021-03-05
6196,Fan_06196,Female,Under 18,UK,London,Junior Member,2022-09-06
6197,Fan_06197,Non-binary,Under 18,Egypt,International City,Red Member,2024-09-10
6198,Fan_06198,Male,18-24,Thailand,International City,Red Member,2022-02-21
6199,Fan_06199,Female,Under 18,UK,London,Junior Member,2020-06-25
6200,Fan_06200,Male,18-24,Norway,International City,Non-Member,2024-05-21
6201,Fan_06201,Male,45-54,China,International City,Junior Member,2021-09-25
6202,Fan_06202,Female,35-44,UK,Liverpool,Junior Member,2024-11-11
6203,Fan_06203,Non-binary,45-54,UK,London,Full Member,2020-06-29
6204,Fan_06204,Male,45-54,UK,London,Red Member,2024-10-09
6205,Fan_06205,Female,25-34,Ireland,International City,Non-Member,2022-09-19
6206,Fan_06206,Male,45-54,Australia,International City,Non-Member,2022-06-12
6207,Fan_06207,Non-binary,25-34,Norway,International City,Red Member,2022-02-18
6208,Fan_06208,Male,45-54,UK,Liverpool,Non-Member,2021-05-04
6209,Fan_06209,Male,Under 18,Egypt,International City,Full Member,2022-10-19
6210,Fan_06210,Male,55+,UK,Liverpool,Red Member,2020-09-07
6211,Fan_06211,Female,18-24,Thailand,International City,Non-Member,2023-08-06
6212,Fan_06212,Female,Under 18,UK,London,Non-Member,2023-12-25
6213,Fan_06213,Female,18-24,UK,London,Red Member,2020-04-15
6214,Fan_06214,Non-binary,55+,USA,International City,Red Member,2023-09-17
6215,Fan_06215,Female,45-54,UK,London,Non-Member,2024-07-25
6216,Fan_06216,Female,18-24,UK,London,Premium/Lounge,2023-09-05
6217,Fan_06217,Non-binary,25-34,Norway,International City,Non-Member,2020-01-05
6218,Fan_06218,Female,35-44,UK,Liverpool,Junior Member,2024-07-14
6219,Fan_06219,Female,45-54,UK,Liverpool,Red Member,2023-05-08
6220,Fan_06220,Non-binary,25-34,China,International City,Red Member,2022-12-12
6221,Fan_06221,Non-binary,25-34,UK,Liverpool,Red Member,2023-03-13
6222,Fan_06222,Male,Under 18,Thailand,International City,Non-Member,2022-01-26
6223,Fan_06223,Non-binary,55+,UK,Liverpool,Junior Member,2021-11-28
6224,Fan_06224,Female,25-34,USA,International City,Full Member,2022-04-03
6225,Fan_06225,Non-binary,25-34,UK,London,Non-Member,2024-10-10
6226,Fan_06226,Non-binary,Under 18,UK,Liverpool,Red Member,2020-11-15
6227,Fan_06227,Non-binary,25-34,UK,Liverpool,Red Member,2022-01-21
6228,Fan_06228,Male,35-44,UK,London,Non-Member,2023-09-20
6229,Fan_06229,Non-binary,25-34,UK,London,Non-Member,2024-09-13
6230,Fan_06230,Female,45-54,UK,London,Full Member,2022-05-12
6231,Fan_06231,Non-binary,45-54,UK,London,Red Member,2024-05-12
6232,Fan_06232,Male,55+,UK,Liverpool,Red Member,2022-04-17
6233,Fan_06233,Non-binary,Under 18,Egypt,International City,Junior Member,2021-07-10
6234,Fan_06234,Male,35-44,China,International City,Non-Member,2023-01-03
6235,Fan_06235,Female,18-24,UK,London,Non-Member,2022-10-24
6236,Fan_06236,Male,Under 18,China,International City,Red Member,2024-11-17
6237,Fan_06237,Male,18-24,Ireland,International City,Non-Member,2020-10-19
6238,Fan_06238,Male,18-24,Egypt,International City,Non-Member,2023-02-12
6239,Fan_06239,Non-binary,25-34,UK,London,Red Member,2021-10-31
6240,Fan_06240,Female,45-54,UK,Liverpool,Full Member,2023-05-04
6241,Fan_06241,Female,Under 18,UK,London,Non-Member,2024-01-27
6242,Fan_06242,Non-binary,25-34,China,International City,Red Member,2023-05-24
6243,Fan_06243,Male,55+,UK,London,Non-Member,2021-05-19
6244,Fan_06244,Female,18-24,UK,Liverpool,Red Member,2024-05-15
6245,Fan_06245,Male,18-24,USA,International City,Premium/Lounge,2023-08-10
6246,Fan_06246,Non-binary,18-24,Egypt,International City,Non-Member,2024-06-09
6247,Fan_06247,Female,Under 18,USA,International City,Full Member,2023-12-05
6248,Fan_06248,Female,35-44,Australia,International City,Full Member,2020-03-24
6249,Fan_06249,Female,45-54,Thailand,International City,Non-Member,2020-02-29
6250,Fan_06250,Male,Under 18,UK,Liverpool,Non-Member,2021-09-06
6251,Fan_06251,Non-binary,25-34,UK,Liverpool,Non-Member,2021-09-09
6252,Fan_06252,Male,45-54,UK,Liverpool,Premium/Lounge,2020-07-14
6253,Fan_06253,Female,25-34,Ireland,International City,Red Member,2023-02-12
6254,Fan_06254,Female,25-34,USA,International City,Junior Member,2023-07-11
6255,Fan_06255,Male,Under 18,UK,Liverpool,Full Member,2022-11-10
6256,Fan_06256,Non-binary,45-54,Australia,International City,Non-Member,2020-02-16
6257,Fan_06257,Female,35-44,UK,London,Full Member,2023-08-08
6258,Fan_06258,Male,55+,China,International City,Non-Member,2022-08-09
6259,Fan_06259,Non-binary,Under 18,Egypt,International City,Junior Member,2020-10-25
6260,Fan_06260,Non-binary,45-54,UK,London,Junior Member,2024-01-11
6261,Fan_06261,Female,18-24,USA,International City,Junior Member,2022-04-04
6262,Fan_06262,Non-binary,Under 18,Thailand,International City,Red Member,2024-07-25
6263,Fan_06263,Female,35-44,UK,Liverpool,Red Member,2023-04-28
6264,Fan_06264,Female,55+,Thailand,International City,Premium/Lounge,2020-02-12
6265,Fan_06265,Female,18-24,Egypt,International City,Full Member,2024-02-17
6266,Fan_06266,Non-binary,35-44,UK,Liverpool,Full Member,2023-07-29
6267,Fan_06267,Female,18-24,UK,Liverpool,Red Member,2023-05-29
6268,Fan_06268,Female,Under 18,Egypt,International City,Red Member,2020-05-16
6269,Fan_06269,Male,35-44,China,International City,Red Member,2022-05-10
6270,Fan_06270,Male,18-24,USA,International City,Red Member,2024-03-28
6271,Fan_06271,Male,Under 18,UK,London,Red Member,2021-10-13
6272,Fan_06272,Male,18-24,UK,Liverpool,Red Member,2023-09-21
6273,Fan_06273,Male,25-34,Egypt,International City,Full Member,2023-02-04
6274,Fan_06274,Male,55+,UK,London,Non-Member,2022-11-14
6275,Fan_06275,Non-binary,35-44,UK,London,Full Member,2023-06-11
6276,Fan_06276,Female,25-34,UK,Liverpool,Non-Member,2021-09-09
6277,Fan_06277,Female,18-24,USA,International City,Red Member,2024-07-01
6278,Fan_06278,Non-binary,18-24,UK,Liverpool,Non-Member,2024-03-03
6279,Fan_06279,Male,18-24,UK,Liverpool,Non-Member,2022-11-15
6280,Fan_06280,Female,Under 18,UK,Liverpool,Red Member,2023-12-23
6281,Fan_06281,Non-binary,25-34,UK,London,Red Member,2021-05-20
6282,Fan_06282,Non-binary,Under 18,USA,International City,Red Member,2022-12-30
6283,Fan_06283,Female,45-54,UK,London,Non-Member,2022-02-25
6284,Fan_06284,Non-binary,35-44,UK,Liverpool,Non-Member,2020-11-28
6285,Fan_06285,Female,Under 18,UK,London,Non-Member,2024-04-11
6286,Fan_06286,Male,45-54,UK,London,Red Member,2023-10-15
6287,Fan_06287,Female,25-34,Thailand,International City,Non-Member,2021-03-31
6288,Fan_06288,Non-binary,18-24,UK,London,Red Member,2022-03-03
6289,Fan_06289,Male,18-24,UK,London,Full Member,2022-06-10
6290,Fan_06290,Male,55+,USA,International City,Full Member,2023-05-13
6291,Fan_06291,Male,35-44,UK,Liverpool,Non-Member,2020-11-17
6292,Fan_06292,Male,18-24,Thailand,International City,Non-Member,2021-09-10
6293,Fan_06293,Non-binary,18-24,UK,Liverpool,Non-Member,2022-01-05
6294,Fan_06294,Male,45-54,Australia,International City,Non-Member,2022-04-11
6295,Fan_06295,Female,Under 18,UK,Liverpool,Red Member,2021-03-29
6296,Fan_06296,Male,18-24,UK,Liverpool,Non-Member,2024-09-14
6297,Fan_06297,Non-binary,Under 18,UK,Liverpool,Non-Member,2022-12-24
6298,Fan_06298,Female,Under 18,China,International City,Non-Member,2020-11-05
6299,Fan_06299,Non-binary,45-54,UK,Liverpool,Non-Member,2020-08-05
6300,Fan_06300,Male,55+,Thailand,International City,Non-Member,2021-03-09
6301,Fan_06301,Female,45-54,UK,Liverpool,Red Member,2020-06-22
6302,Fan_06302,Male,Under 18,Thailand,International City,Non-Member,2023-08-16
6303,Fan_06303,Non-binary,55+,UK,London,Red Member,2022-05-31
6304,Fan_06304,Male,25-34,UK,London,Red Member,2024-01-05
6305,Fan_06305,Non-binary,25-34,China,International City,Junior Member,2022-10-05
6306,Fan_06306,Female,25-34,UK,Liverpool,Full Member,2021-09-25
6307,Fan_06307,Non-binary,45-54,UK,Liverpool,Non-Member,2021-04-09
6308,Fan_06308,Female,55+,UK,London,Non-Member,2020-10-06
6309,Fan_06309,Male,Under 18,China,International City,Red Member,2023-08-26
6310,Fan_06310,Female,35-44,Ireland,International City,Red Member,2024-04-22
6311,Fan_06311,Female,25-34,UK,London,Red Member,2024-02-12
6312,Fan_06312,Female,Under 18,UK,Liverpool,Junior Member,2020-08-30
6313,Fan_06313,Female,25-34,Thailand,International City,Non-Member,2023-10-19
6314,Fan_06314,Non-binary,Under 18,Thailand,International City,Non-Member,2023-10-04
6315,Fan_06315,Female,35-44,USA,International City,Red Member,2023-12-28
6316,Fan_06316,Female,Under 18,USA,International City,Red Member,2020-12-28
6317,Fan_06317,Female,55+,Ireland,International City,Premium/Lounge,2022-05-06
6318,Fan_06318,Non-binary,18-24,UK,London,Full Member,2020-06-26
6319,Fan_06319,Non-binary,25-34,Australia,International City,Red Member,2023-01-26
6320,Fan_06320,Male,55+,UK,Liverpool,Full Member,2020-05-02
6321,Fan_06321,Male,55+,UK,London,Non-Member,2022-03-11
6322,Fan_06322,Non-binary,45-54,Norway,International City,Junior Member,2022-06-23
6323,Fan_06323,Female,55+,UK,London,Red Member,2021-02-22
6324,Fan_06324,Male,18-24,UK,London,Junior Member,2022-09-22
6325,Fan_06325,Non-binary,18-24,UK,Liverpool,Non-Member,2024-11-14
6326,Fan_06326,Non-binary,45-54,UK,London,Junior Member,2021-08-05
6327,Fan_06327,Non-binary,25-34,Ireland,International City,Red Member,2021-03-27
6328,Fan_06328,Male,Under 18,Norway,International City,Non-Member,2024-09-28
6329,Fan_06329,Male,Under 18,UK,Liverpool,Non-Member,2020-02-29
6330,Fan_06330,Male,35-44,China,International City,Red Member,2024-05-01
6331,Fan_06331,Non-binary,45-54,UK,Liverpool,Junior Member,2020-10-31
6332,Fan_06332,Male,18-24,UK,Liverpool,Non-Member,2021-06-15
6333,Fan_06333,Female,45-54,USA,International City,Full Member,2023-07-06
6334,Fan_06334,Female,35-44,Norway,International City,Full Member,2021-03-03
6335,Fan_06335,Non-binary,55+,UK,Liverpool,Non-Member,2020-07-30
6336,Fan_06336,Non-binary,45-54,Norway,International City,Non-Member,2024-06-29
6337,Fan_06337,Female,35-44,Australia,International City,Red Member,2023-03-13
6338,Fan_06338,Female,18-24,UK,Liverpool,Red Member,2020-10-12
6339,Fan_06339,Female,55+,UK,London,Non-Member,2024-07-26
6340,Fan_06340,Male,55+,UK,Liverpool,Red Member,2022-03-15
6341,Fan_06341,Female,18-24,UK,London,Red Member,2020-05-10
6342,Fan_06342,Female,25-34,UK,Liverpool,Red Member,2021-03-27
6343,Fan_06343,Female,55+,UK,Liverpool,Red Member,2021-10-05
6344,Fan_06344,Female,45-54,China,International City,Red Member,2022-04-21
6345,Fan_06345,Non-binary,25-34,UK,Liverpool,Full Member,2022-05-22
6346,Fan_06346,Non-binary,25-34,UK,London,Junior Member,2022-01-22
6347,Fan_06347,Female,55+,UK,London,Non-Member,2021-10-06
6348,Fan_06348,Non-binary,18-24,UK,Liverpool,Full Member,2022-05-07
6349,Fan_06349,Female,Under 18,UK,London,Non-Member,2024-08-03
6350,Fan_06350,Male,35-44,Australia,International City,Premium/Lounge,2020-09-15
6351,Fan_06351,Female,35-44,China,International City,Junior Member,2022-10-05
6352,Fan_06352,Male,55+,UK,Liverpool,Red Member,2023-12-09
6353,Fan_06353,Non-binary,18-24,UK,Liverpool,Non-Member,2023-11-03
6354,Fan_06354,Male,18-24,UK,Liverpool,Full Member,2020-08-13
6355,Fan_06355,Non-binary,25-34,UK,Liverpool,Non-Member,2021-01-16
6356,Fan_06356,Female,35-44,UK,Liverpool,Red Member,2023-01-31
6357,Fan_06357,Non-binary,55+,Australia,International City,Junior Member,2023-12-02
6358,Fan_06358,Female,35-44,UK,London,Junior Member,2023-03-07
6359,Fan_06359,Male,25-34,USA,International City,Non-Member,2024-11-04
6360,Fan_06360,Female,55+,Egypt,International City,Full Member,2020-04-16
6361,Fan_06361,Male,18-24,USA,International City,Non-Member,2023-08-23
6362,Fan_06362,Non-binary,18-24,Thailand,International City,Non-Member,2021-08-22
6363,Fan_06363,Non-binary,55+,USA,International City,Non-Member,2024-05-04
6364,Fan_06364,Non-binary,55+,UK,London,Non-Member,2023-11-21
6365,Fan_06365,Non-binary,55+,UK,Liverpool,Non-Member,2021-10-10
6366,Fan_06366,Female,35-44,UK,Liverpool,Red Member,2024-04-17
6367,Fan_06367,Female,Under 18,China,International City,Red Member,2021-02-07
6368,Fan_06368,Non-binary,18-24,USA,International City,Junior Member,2020-10-14
6369,Fan_06369,Female,18-24,Egypt,International City,Non-Member,2020-08-19
6370,Fan_06370,Male,Under 18,UK,Liverpool,Non-Member,2024-01-14
6371,Fan_06371,Non-binary,25-34,Australia,International City,Red Member,2021-07-03
6372,Fan_06372,Female,45-54,UK,London,Non-Member,2021-02-23
6373,Fan_06373,Male,35-44,China,International City,Red Member,2023-10-15
6374,Fan_06374,Female,Under 18,Thailand,International City,Red Member,2020-12-06
6375,Fan_06375,Non-binary,45-54,Australia,International City,Red Member,2022-10-18
6376,Fan_06376,Non-binary,55+,China,International City,Non-Member,2023-11-29
6377,Fan_06377,Female,55+,UK,London,Junior Member,2021-06-02
6378,Fan_06378,Female,35-44,Thailand,International City,Full Member,2020-09-29
6379,Fan_06379,Female,35-44,UK,Liverpool,Non-Member,2023-03-09
6380,Fan_06380,Male,Under 18,China,International City,Non-Member,2020-10-25
6381,Fan_06381,Male,45-54,UK,Liverpool,Non-Member,2022-02-05
6382,Fan_06382,Male,Under 18,UK,Liverpool,Non-Member,2021-11-10
6383,Fan_06383,Female,25-34,UK,London,Red Member,2024-01-05
6384,Fan_06384,Non-binary,55+,Australia,International City,Non-Member,2023-01-12
6385,Fan_06385,Non-binary,55+,UK,London,Red Member,2023-03-27
6386,Fan_06386,Non-binary,55+,Ireland,International City,Non-Member,2021-08-08
6387,Fan_06387,Male,25-34,UK,Liverpool,Non-Member,2021-07-10
6388,Fan_06388,Female,35-44,UK,London,Red Member,2021-11-27
6389,Fan_06389,Female,18-24,UK,Liverpool,Red Member,2023-07-23
6390,Fan_06390,Male,25-34,Ireland,International City,Red Member,2023-08-15
6391,Fan_06391,Female,25-34,UK,Liverpool,Red Member,2022-11-01
6392,Fan_06392,Non-binary,55+,UK,London,Non-Member,2020-07-30
6393,Fan_06393,Non-binary,25-34,USA,International City,Red Member,2021-07-31
6394,Fan_06394,Male,35-44,USA,International City,Red Member,2023-01-29
6395,Fan_06395,Non-binary,Under 18,UK,London,Non-Member,2022-08-05
6396,Fan_06396,Male,35-44,Ireland,International City,Full Member,2022-12-15
6397,Fan_06397,Non-binary,55+,Australia,International City,Junior Member,2021-02-22
6398,Fan_06398,Non-binary,Under 18,Norway,International City,Red Member,2020-07-10
6399,Fan_06399,Female,35-44,UK,London,Red Member,2022-05-15
6400,Fan_06400,Non-binary,35-44,UK,London,Red Member,2022-06-17
6401,Fan_06401,Non-binary,45-54,UK,Liverpool,Non-Member,2023-09-21
6402,Fan_06402,Male,35-44,UK,London,Non-Member,2024-01-13
6403,Fan_06403,Female,45-54,UK,Liverpool,Non-Member,2022-02-06
6404,Fan_06404,Non-binary,45-54,UK,London,Non-Member,2023-04-19
6405,Fan_06405,Female,55+,UK,Liverpool,Non-Member,2023-01-22
6406,Fan_06406,Male,18-24,UK,London,Full Member,2023-09-05
6407,Fan_06407,Non-binary,18-24,Thailand,International City,Non-Member,2020-11-22
6408,Fan_06408,Male,Under 18,UK,Liverpool,Red Member,2024-05-09
6409,Fan_06409,Female,25-34,Australia,International City,Full Member,2020-03-29
6410,Fan_06410,Non-binary,25-34,UK,Liverpool,Red Member,2022-05-26
6411,Fan_06411,Female,45-54,Egypt,International City,Non-Member,2020-01-09
6412,Fan_06412,Male,Under 18,China,International City,Non-Member,2024-06-03
6413,Fan_06413,Female,18-24,Egypt,International City,Non-Member,2024-08-18
6414,Fan_06414,Male,35-44,USA,International City,Premium/Lounge,2022-02-25
6415,Fan_06415,Non-binary,45-54,USA,International City,Full Member,2021-03-30
6416,Fan_06416,Non-binary,25-34,UK,London,Junior Member,2023-12-25
6417,Fan_06417,Male,45-54,UK,London,Red Member,2021-09-06
6418,Fan_06418,Male,18-24,USA,International City,Non-Member,2024-07-04
6419,Fan_06419,Female,18-24,Egypt,International City,Non-Member,2023-01-01
6420,Fan_06420,Female,18-24,Egypt,International City,Junior Member,2024-09-21
6421,Fan_06421,Male,45-54,UK,Liverpool,Junior Member,2024-09-25
6422,Fan_06422,Female,35-44,UK,Liverpool,Red Member,2024-03-09
6423,Fan_06423,Male,Under 18,China,International City,Premium/Lounge,2022-10-23
6424,Fan_06424,Male,55+,UK,London,Junior Member,2022-09-11
6425,Fan_06425,Non-binary,35-44,Ireland,International City,Non-Member,2020-01-03
6426,Fan_06426,Non-binary,Under 18,China,International City,Non-Member,2022-06-25
6427,Fan_06427,Male,18-24,UK,London,Junior Member,2024-10-22
6428,Fan_06428,Female,55+,UK,London,Non-Member,2022-09-28
6429,Fan_06429,Male,25-34,UK,Liverpool,Junior Member,2023-09-10
6430,Fan_06430,Non-binary,55+,Norway,International City,Red Member,2022-08-19
6431,Fan_06431,Non-binary,35-44,UK,Liverpool,Non-Member,2023-10-20
6432,Fan_06432,Non-binary,55+,Thailand,International City,Red Member,2020-08-09
6433,Fan_06433,Non-binary,35-44,UK,London,Red Member,2024-04-29
6434,Fan_06434,Female,35-44,USA,International City,Red Member,2021-08-29
6435,Fan_06435,Non-binary,55+,UK,Liverpool,Red Member,2022-12-09
6436,Fan_06436,Female,Under 18,UK,London,Non-Member,2023-06-13
6437,Fan_06437,Female,18-24,China,International City,Non-Member,2024-08-14
6438,Fan_06438,Non-binary,35-44,UK,Liverpool,Junior Member,2023-12-30
6439,Fan_06439,Female,45-54,UK,London,Non-Member,2023-11-23
6440,Fan_06440,Male,45-54,UK,London,Non-Member,2024-04-05
6441,Fan_06441,Non-binary,55+,UK,London,Non-Member,2022-07-28
6442,Fan_06442,Female,35-44,UK,London,Junior Member,2021-05-13
6443,Fan_06443,Male,Under 18,USA,International City,Red Member,2022-10-06
6444,Fan_06444,Non-binary,Under 18,Ireland,International City,Non-Member,2021-11-04
6445,Fan_06445,Male,Under 18,UK,Liverpool,Non-Member,2022-03-23
6446,Fan_06446,Male,35-44,China,International City,Non-Member,2020-03-03
6447,Fan_06447,Male,18-24,Norway,International City,Red Member,2021-12-15
6448,Fan_06448,Non-binary,55+,Egypt,International City,Non-Member,2023-10-02
6449,Fan_06449,Female,45-54,UK,Liverpool,Red Member,2024-11-03
6450,Fan_06450,Male,18-24,Egypt,International City,Red Member,2021-08-14
6451,Fan_06451,Non-binary,55+,Norway,International City,Non-Member,2022-01-03
6452,Fan_06452,Male,45-54,Norway,International City,Non-Member,2020-08-08
6453,Fan_06453,Female,45-54,UK,Liverpool,Non-Member,2024-08-02
6454,Fan_06454,Non-binary,45-54,UK,London,Red Member,2023-07-21
6455,Fan_06455,Non-binary,18-24,UK,Liverpool,Non-Member,2020-02-16
6456,Fan_06456,Female,55+,UK,London,Non-Member,2024-07-31
6457,Fan_06457,Female,35-44,Ireland,International City,Red Member,2020-10-26
6458,Fan_06458,Non-binary,18-24,China,International City,Non-Member,2022-03-15
6459,Fan_06459,Female,25-34,Egypt,International City,Full Member,2020-12-06
6460,Fan_06460,Female,55+,China,International City,Non-Member,2021-08-17
6461,Fan_06461,Male,55+,UK,London,Junior Member,2023-10-15
6462,Fan_06462,Male,Under 18,Ireland,International City,Red Member,2022-03-12
6463,Fan_06463,Male,Under 18,Australia,International City,Non-Member,2023-09-27
6464,Fan_06464,Female,Under 18,China,International City,Red Member,2020-06-25
6465,Fan_06465,Male,45-54,Thailand,International City,Premium/Lounge,2021-11-23
6466,Fan_06466,Male,35-44,UK,London,Non-Member,2022-03-31
6467,Fan_06467,Male,55+,Ireland,International City,Non-Member,2024-12-05
6468,Fan_06468,Non-binary,55+,Ireland,International City,Non-Member,2021-04-25
6469,Fan_06469,Non-binary,18-24,UK,Liverpool,Red Member,2023-05-10
6470,Fan_06470,Male,Under 18,China,International City,Non-Member,2020-04-29
6471,Fan_06471,Non-binary,Under 18,UK,Liverpool,Red Member,2024-08-07
6472,Fan_06472,Non-binary,18-24,Thailand,International City,Non-Member,2023-02-06
6473,Fan_06473,Non-binary,Under 18,USA,International City,Junior Member,2020-01-08
6474,Fan_06474,Non-binary,Under 18,UK,Liverpool,Non-Member,2022-12-14
6475,Fan_06475,Male,25-34,Ireland,International City,Junior Member,2021-07-24
6476,Fan_06476,Non-binary,18-24,UK,London,Full Member,2023-10-30
6477,Fan_06477,Male,Under 18,UK,Liverpool,Non-Member,2023-12-17
6478,Fan_06478,Female,35-44,UK,Liverpool,Non-Member,2021-05-11
6479,Fan_06479,Female,35-44,China,International City,Non-Member,2022-12-29
6480,Fan_06480,Male,45-54,Ireland,International City,Non-Member,2020-10-14
6481,Fan_06481,Female,45-54,UK,Liverpool,Non-Member,2021-12-15
6482,Fan_06482,Non-binary,25-34,China,International City,Premium/Lounge,2022-07-28
6483,Fan_06483,Female,35-44,Australia,International City,Non-Member,2024-11-20
6484,Fan_06484,Male,Under 18,UK,Liverpool,Non-Member,2020-03-15
6485,Fan_06485,Male,55+,UK,Liverpool,Premium/Lounge,2024-02-27
6486,Fan_06486,Non-binary,35-44,UK,London,Red Member,2021-02-19
6487,Fan_06487,Female,45-54,Thailand,International City,Red Member,2021-08-17
6488,Fan_06488,Non-binary,Under 18,UK,London,Premium/Lounge,2021-09-23
6489,Fan_06489,Non-binary,18-24,UK,Liverpool,Red Member,2022-04-15
6490,Fan_06490,Female,55+,China,International City,Non-Member,2024-03-31
6491,Fan_06491,Male,35-44,China,International City,Red Member,2022-05-24
6492,Fan_06492,Non-binary,Under 18,Norway,International City,Red Member,2022-10-11
6493,Fan_06493,Female,18-24,Norway,International City,Full Member,2022-12-23
6494,Fan_06494,Male,35-44,Egypt,International City,Non-Member,2022-06-04
6495,Fan_06495,Non-binary,55+,Egypt,International City,Junior Member,2022-01-02
6496,Fan_06496,Non-binary,35-44,UK,London,Premium/Lounge,2024-05-21
6497,Fan_06497,Male,35-44,Ireland,International City,Red Member,2020-12-18
6498,Fan_06498,Male,18-24,Thailand,International City,Red Member,2022-06-04
6499,Fan_06499,Female,45-54,USA,International City,Junior Member,2022-11-20
6500,Fan_06500,Non-binary,18-24,UK,Liverpool,Red Member,2023-08-11
6501,Fan_06501,Male,35-44,USA,International City,Red Member,2020-12-12
6502,Fan_06502,Non-binary,45-54,UK,Liverpool,Junior Member,2024-01-02
6503,Fan_06503,Non-binary,Under 18,Egypt,International City,Red Member,2021-08-19
6504,Fan_06504,Non-binary,18-24,Thailand,International City,Red Member,2023-03-04
6505,Fan_06505,Male,18-24,Egypt,International City,Red Member,2021-11-30
6506,Fan_06506,Female,35-44,Thailand,International City,Red Member,2020-11-07
6507,Fan_06507,Female,45-54,USA,International City,Red Member,2022-02-17
6508,Fan_06508,Male,45-54,UK,London,Red Member,2024-02-28
6509,Fan_06509,Male,25-34,Egypt,International City,Non-Member,2020-05-28
6510,Fan_06510,Female,Under 18,China,International City,Premium/Lounge,2022-06-21
6511,Fan_06511,Female,25-34,UK,Liverpool,Red Member,2023-02-03
6512,Fan_06512,Male,45-54,Thailand,International City,Non-Member,2024-08-12
6513,Fan_06513,Female,35-44,UK,Liverpool,Red Member,2024-06-29
6514,Fan_06514,Female,Under 18,UK,Liverpool,Full Member,2020-08-21
6515,Fan_06515,Male,Under 18,UK,Liverpool,Full Member,2022-01-09
6516,Fan_06516,Male,Under 18,China,International City,Junior Member,2023-05-20
6517,Fan_06517,Non-binary,55+,UK,London,Full Member,2021-01-05
6518,Fan_06518,Female,45-54,Egypt,International City,Red Member,2021-12-16
6519,Fan_06519,Female,Under 18,Ireland,International City,Full Member,2021-04-22
6520,Fan_06520,Male,18-24,Ireland,International City,Full Member,2021-02-05
6521,Fan_06521,Non-binary,18-24,UK,London,Red Member,2023-07-21
6522,Fan_06522,Non-binary,35-44,UK,London,Full Member,2020-03-14
6523,Fan_06523,Female,18-24,Norway,International City,Full Member,2024-03-24
6524,Fan_06524,Non-binary,45-54,UK,Liverpool,Red Member,2020-11-01
6525,Fan_06525,Male,35-44,UK,London,Full Member,2021-03-07
6526,Fan_06526,Male,35-44,UK,Liverpool,Non-Member,2020-03-26
6527,Fan_06527,Female,55+,UK,Liverpool,Non-Member,2020-02-10
6528,Fan_06528,Male,35-44,UK,Liverpool,Full Member,2023-12-26
6529,Fan_06529,Male,25-34,USA,International City,Junior Member,2024-07-06
6530,Fan_06530,Female,25-34,Thailand,International City,Non-Member,2022-08-19
6531,Fan_06531,Non-binary,25-34,China,International City,Non-Member,2023-11-29
6532,Fan_06532,Non-binary,Under 18,UK,Liverpool,Full Member,2024-04-10
6533,Fan_06533,Non-binary,45-54,UK,London,Red Member,2022-04-15
6534,Fan_06534,Female,25-34,Australia,International City,Non-Member,2024-01-15
6535,Fan_06535,Female,18-24,UK,Liverpool,Red Member,2023-08-15
6536,Fan_06536,Female,18-24,UK,London,Non-Member,2021-11-07
6537,Fan_06537,Male,25-34,China,International City,Red Member,2023-09-04
6538,Fan_06538,Non-binary,45-54,USA,International City,Full Member,2024-08-11
6539,Fan_06539,Female,45-54,USA,International City,Non-Member,2023-09-26
6540,Fan_06540,Female,45-54,China,International City,Non-Member,2024-05-29
6541,Fan_06541,Male,55+,UK,Liverpool,Red Member,2023-09-03
6542,Fan_06542,Female,55+,Egypt,International City,Non-Member,2024-10-16
6543,Fan_06543,Female,18-24,USA,International City,Red Member,2022-03-13
6544,Fan_06544,Male,18-24,UK,Liverpool,Non-Member,2024-10-28
6545,Fan_06545,Female,35-44,Ireland,International City,Red Member,2022-12-10
6546,Fan_06546,Male,45-54,Norway,International City,Full Member,2021-08-18
6547,Fan_06547,Non-binary,35-44,UK,London,Premium/Lounge,2024-07-04
6548,Fan_06548,Non-binary,18-24,Thailand,International City,Full Member,2024-08-25
6549,Fan_06549,Female,25-34,Ireland,International City,Non-Member,2024-11-19
6550,Fan_06550,Female,45-54,China,International City,Junior Member,2021-11-21
6551,Fan_06551,Male,25-34,Egypt,International City,Non-Member,2024-04-11
6552,Fan_06552,Female,25-34,China,International City,Non-Member,2022-01-09
6553,Fan_06553,Male,45-54,China,International City,Non-Member,2022-12-25
6554,Fan_06554,Male,55+,UK,Liverpool,Non-Member,2020-04-14
6555,Fan_06555,Male,25-34,USA,International City,Non-Member,2024-04-01
6556,Fan_06556,Male,45-54,Thailand,International City,Non-Member,2023-11-28
6557,Fan_06557,Female,18-24,USA,International City,Junior Member,2022-09-30
6558,Fan_06558,Non-binary,25-34,UK,Liverpool,Non-Member,2023-07-24
6559,Fan_06559,Non-binary,Under 18,UK,Liverpool,Non-Member,2023-02-25
6560,Fan_06560,Male,25-34,UK,London,Full Member,2021-12-20
6561,Fan_06561,Non-binary,18-24,UK,London,Junior Member,2023-11-28
6562,Fan_06562,Male,25-34,Ireland,International City,Red Member,2020-02-17
6563,Fan_06563,Male,45-54,Ireland,International City,Non-Member,2021-09-30
6564,Fan_06564,Male,18-24,UK,London,Red Member,2023-05-06
6565,Fan_06565,Non-binary,55+,UK,Liverpool,Junior Member,2021-04-21
6566,Fan_06566,Non-binary,25-34,UK,Liverpool,Non-Member,2020-06-10
6567,Fan_06567,Non-binary,Under 18,China,International City,Non-Member,2020-10-18
6568,Fan_06568,Non-binary,Under 18,UK,Liverpool,Non-Member,2024-11-14
6569,Fan_06569,Male,35-44,UK,Liverpool,Non-Member,2020-11-01
6570,Fan_06570,Female,55+,Egypt,International City,Red Member,2021-01-10
6571,Fan_06571,Female,Under 18,Australia,International City,Junior Member,2020-04-14
6572,Fan_06572,Female,35-44,Egypt,International City,Non-Member,2022-12-18
6573,Fan_06573,Non-binary,25-34,UK,Liverpool,Red Member,2021-08-22
6574,Fan_06574,Female,55+,UK,Liverpool,Premium/Lounge,2022-06-02
6575,Fan_06575,Non-binary,Under 18,UK,Liverpool,Full Member,2021-04-20
6576,Fan_06576,Female,55+,UK,London,Non-Member,2021-12-05
6577,Fan_06577,Non-binary,18-24,UK,London,Junior Member,2022-07-18
6578,Fan_06578,Male,35-44,Australia,International City,Non-Member,2022-08-28
6579,Fan_06579,Male,35-44,UK,Liverpool,Red Member,2021-02-13
6580,Fan_06580,Female,Under 18,UK,Liverpool,Non-Member,2024-09-28
6581,Fan_06581,Female,25-34,UK,Liverpool,Red Member,2024-01-12
6582,Fan_06582,Non-binary,18-24,China,International City,Premium/Lounge,2022-05-21
6583,Fan_06583,Male,35-44,UK,Liverpool,Non-Member,2022-11-18
6584,Fan_06584,Non-binary,55+,UK,Liverpool,Red Member,2022-03-14
6585,Fan_06585,Non-binary,Under 18,UK,London,Red Member,2023-03-15
6586,Fan_06586,Female,18-24,UK,London,Non-Member,2024-06-06
6587,Fan_06587,Non-binary,25-34,UK,Liverpool,Non-Member,2022-06-11
6588,Fan_06588,Female,Under 18,China,International City,Non-Member,2021-11-18
6589,Fan_06589,Non-binary,45-54,UK,Liverpool,Full Member,2023-01-10
6590,Fan_06590,Male,55+,UK,Liverpool,Junior Member,2024-01-21
6591,Fan_06591,Female,18-24,USA,International City,Junior Member,2024-07-04
6592,Fan_06592,Male,25-34,UK,Liverpool,Non-Member,2024-08-22
6593,Fan_06593,Non-binary,45-54,China,International City,Red Member,2020-03-19
6594,Fan_06594,Male,55+,UK,Liverpool,Non-Member,2023-08-24
6595,Fan_06595,Female,45-54,UK,London,Non-Member,2022-03-31
6596,Fan_06596,Non-binary,18-24,UK,London,Full Member,2020-12-25
6597,Fan_06597,Male,Under 18,China,International City,Non-Member,2021-06-06
6598,Fan_06598,Female,35-44,UK,Liverpool,Red Member,2022-08-13
6599,Fan_06599,Male,Under 18,UK,Liverpool,Junior Member,2021-11-09
6600,Fan_06600,Non-binary,25-34,UK,Liverpool,Full Member,2021-06-13
6601,Fan_06601,Non-binary,55+,UK,Liverpool,Non-Member,2023-08-17
6602,Fan_06602,Non-binary,25-34,UK,London,Non-Member,2024-06-17
6603,Fan_06603,Non-binary,55+,UK,Liverpool,Non-Member,2023-09-22
6604,Fan_06604,Female,35-44,Thailand,International City,Non-Member,2023-10-20
6605,Fan_06605,Male,25-34,Ireland,International City,Non-Member,2022-04-15
6606,Fan_06606,Male,55+,UK,Liverpool,Red Member,2023-05-23
6607,Fan_06607,Female,Under 18,UK,London,Red Member,2021-03-13
6608,Fan_06608,Female,18-24,UK,Liverpool,Junior Member,2023-06-12
6609,Fan_06609,Non-binary,45-54,UK,Liverpool,Red Member,2021-04-13
6610,Fan_06610,Male,18-24,Thailand,International City,Non-Member,2023-04-30
6611,Fan_06611,Male,35-44,Egypt,International City,Full Member,2020-06-03
6612,Fan_06612,Non-binary,35-44,UK,Liverpool,Red Member,2024-05-12
6613,Fan_06613,Male,Under 18,Norway,International City,Red Member,2020-10-07
6614,Fan_06614,Non-binary,55+,Egypt,International City,Red Member,2022-09-25
6615,Fan_06615,Female,25-34,UK,Liverpool,Full Member,2024-02-25
6616,Fan_06616,Non-binary,Under 18,Thailand,International City,Red Member,2024-11-03
6617,Fan_06617,Female,25-34,UK,London,Non-Member,2020-01-22
6618,Fan_06618,Non-binary,35-44,UK,London,Premium/Lounge,2024-07-10
6619,Fan_06619,Male,45-54,Egypt,International City,Red Member,2023-02-10
6620,Fan_06620,Male,18-24,Thailand,International City,Premium/Lounge,2021-09-26
6621,Fan_06621,Female,Under 18,Ireland,International City,Non-Member,2023-05-02
6622,Fan_06622,Female,35-44,UK,Liverpool,Non-Member,2021-05-01
6623,Fan_06623,Male,25-34,Ireland,International City,Non-Member,2023-05-23
6624,Fan_06624,Non-binary,18-24,China,International City,Non-Member,2022-04-15
6625,Fan_06625,Non-binary,35-44,Australia,International City,Junior Member,2021-12-13
6626,Fan_06626,Non-binary,55+,UK,Liverpool,Junior Member,2020-10-26
6627,Fan_06627,Non-binary,45-54,UK,Liverpool,Non-Member,2020-04-01
6628,Fan_06628,Non-binary,55+,UK,Liverpool,Non-Member,2022-07-03
6629,Fan_06629,Female,Under 18,UK,London,Non-Member,2021-05-15
6630,Fan_06630,Male,45-54,UK,London,Non-Member,2020-11-23
6631,Fan_06631,Male,45-54,UK,London,Full Member,2023-01-25
6632,Fan_06632,Male,18-24,UK,London,Non-Member,2024-04-27
6633,Fan_06633,Non-binary,18-24,Egypt,International City,Junior Member,2024-02-06
6634,Fan_06634,Non-binary,35-44,UK,Liverpool,Red Member,2020-09-05
6635,Fan_06635,Non-binary,35-44,China,International City,Non-Member,2022-04-30
6636,Fan_06636,Non-binary,55+,UK,London,Junior Member,2023-10-25
6637,Fan_06637,Non-binary,35-44,UK,Liverpool,Non-Member,2024-02-20
6638,Fan_06638,Female,55+,UK,Liverpool,Red Member,2023-04-28
6639,Fan_06639,Female,55+,China,International City,Red Member,2022-05-27
6640,Fan_06640,Male,Under 18,Norway,International City,Non-Member,2020-02-17
6641,Fan_06641,Female,55+,UK,London,Junior Member,2020-07-23
6642,Fan_06642,Male,35-44,China,International City,Non-Member,2022-07-24
6643,Fan_06643,Female,45-54,UK,Liverpool,Red Member,2024-11-19
6644,Fan_06644,Non-binary,45-54,UK,Liverpool,Full Member,2021-10-18
6645,Fan_06645,Female,Under 18,UK,London,Red Member,2022-01-30
6646,Fan_06646,Non-binary,Under 18,UK,Liverpool,Full Member,2021-06-26
6647,Fan_06647,Female,25-34,Ireland,International City,Non-Member,2022-01-14
6648,Fan_06648,Non-binary,35-44,USA,International City,Non-Member,2023-06-17
6649,Fan_06649,Female,25-34,USA,International City,Red Member,2024-08-11
6650,Fan_06650,Female,35-44,UK,Liverpool,Red Member,2020-06-09
6651,Fan_06651,Non-binary,55+,UK,Liverpool,Non-Member,2023-11-10
6652,Fan_06652,Non-binary,45-54,China,International City,Red Member,2022-04-30
6653,Fan_06653,Male,35-44,China,International City,Non-Member,2023-04-12
6654,Fan_06654,Male,55+,UK,Liverpool,Red Member,2024-04-15
6655,Fan_06655,Female,45-54,UK,Liverpool,Non-Member,2020-02-21
6656,Fan_06656,Male,35-44,UK,London,Non-Member,2021-02-04
6657,Fan_06657,Non-binary,35-44,Egypt,International City,Premium/Lounge,2021-08-09
6658,Fan_06658,Male,18-24,UK,London,Junior Member,2023-09-04
6659,Fan_06659,Female,55+,China,International City,Red Member,2020-05-20
6660,Fan_06660,Female,35-44,UK,London,Non-Member,2022-10-09
6661,Fan_06661,Male,55+,USA,International City,Non-Member,2020-01-02
6662,Fan_06662,Male,Under 18,UK,Liverpool,Red Member,2022-05-02
6663,Fan_06663,Male,55+,China,International City,Non-Member,2020-12-22
6664,Fan_06664,Non-binary,Under 18,Ireland,International City,Red Member,2021-01-15
6665,Fan_06665,Male,45-54,UK,Liverpool,Red Member,2022-12-25
6666,Fan_06666,Female,18-24,China,International City,Red Member,2021-06-20
6667,Fan_06667,Male,25-34,Norway,International City,Red Member,2021-10-03
6668,Fan_06668,Non-binary,35-44,UK,Liverpool,Full Member,2022-11-11
6669,Fan_06669,Male,18-24,Norway,International City,Red Member,2023-02-02
6670,Fan_06670,Male,Under 18,Egypt,International City,Non-Member,2021-07-23
6671,Fan_06671,Male,35-44,Egypt,International City,Junior Member,2023-05-20
6672,Fan_06672,Male,35-44,Ireland,International City,Junior Member,2021-04-09
6673,Fan_06673,Male,25-34,Australia,International City,Full Member,2021-01-05
6674,Fan_06674,Male,55+,China,International City,Full Member,2020-08-20
6675,Fan_06675,Non-binary,18-24,Ireland,International City,Red Member,2020-04-28
6676,Fan_06676,Male,25-34,UK,London,Non-Member,2020-03-30
6677,Fan_06677,Non-binary,55+,UK,London,Non-Member,2023-03-31
6678,Fan_06678,Female,18-24,UK,London,Non-Member,2022-11-17
6679,Fan_06679,Male,45-54,UK,London,Non-Member,2020-02-11
6680,Fan_06680,Female,55+,UK,Liverpool,Full Member,2024-05-01
6681,Fan_06681,Non-binary,Under 18,USA,International City,Red Member,2021-11-16
6682,Fan_06682,Female,45-54,Australia,International City,Full Member,2024-02-02
6683,Fan_06683,Non-binary,55+,China,International City,Non-Member,2024-09-01
6684,Fan_06684,Female,25-34,Thailand,International City,Full Member,2023-06-12
6685,Fan_06685,Non-binary,45-54,USA,International City,Non-Member,2021-10-08
6686,Fan_06686,Male,Under 18,UK,Liverpool,Red Member,2020-09-11
6687,Fan_06687,Female,25-34,UK,London,Red Member,2021-12-29
6688,Fan_06688,Non-binary,Under 18,Egypt,International City,Full Member,2023-06-23
6689,Fan_06689,Non-binary,Under 18,Egypt,International City,Non-Member,2022-06-05
6690,Fan_06690,Non-binary,55+,UK,Liverpool,Junior Member,2021-10-03
6691,Fan_06691,Male,Under 18,USA,International City,Red Member,2021-02-13
6692,Fan_06692,Female,25-34,UK,London,Red Member,2022-07-07
6693,Fan_06693,Female,Under 18,UK,Liverpool,Red Member,2023-05-07
6694,Fan_06694,Male,35-44,UK,Liverpool,Full Member,2022-11-04
6695,Fan_06695,Male,45-54,UK,London,Junior Member,2023-12-26
6696,Fan_06696,Non-binary,45-54,Thailand,International City,Full Member,2020-04-19
6697,Fan_06697,Non-binary,18-24,USA,International City,Junior Member,2020-04-06
6698,Fan_06698,Non-binary,Under 18,UK,Liverpool,Red Member,2020-06-06
6699,Fan_06699,Female,25-34,USA,International City,Non-Member,2024-06-16
6700,Fan_06700,Non-binary,18-24,Australia,International City,Non-Member,2022-03-07
6701,Fan_06701,Non-binary,18-24,UK,Liverpool,Red Member,2020-09-03
6702,Fan_06702,Non-binary,45-54,UK,London,Red Member,2021-07-02
6703,Fan_06703,Male,Under 18,Thailand,International City,Non-Member,2023-11-12
6704,Fan_06704,Male,18-24,Thailand,International City,Red Member,2023-10-09
6705,Fan_06705,Non-binary,25-34,UK,Liverpool,Red Member,2022-11-22
6706,Fan_06706,Female,45-54,China,International City,Non-Member,2021-11-30
6707,Fan_06707,Female,18-24,Australia,International City,Junior Member,2023-05-09
6708,Fan_06708,Non-binary,Under 18,Thailand,International City,Non-Member,2022-09-13
6709,Fan_06709,Male,45-54,UK,Liverpool,Full Member,2020-11-11
6710,Fan_06710,Female,Under 18,UK,Liverpool,Red Member,2024-07-14
6711,Fan_06711,Non-binary,55+,UK,London,Junior Member,2021-01-12
6712,Fan_06712,Male,55+,UK,Liverpool,Junior Member,2024-09-22
6713,Fan_06713,Female,18-24,UK,Liverpool,Non-Member,2024-08-04
6714,Fan_06714,Male,55+,China,International City,Non-Member,2022-04-11
6715,Fan_06715,Non-binary,35-44,UK,London,Non-Member,2023-03-16
6716,Fan_06716,Female,25-34,Thailand,International City,Non-Member,2020-07-19
6717,Fan_06717,Non-binary,25-34,UK,Liverpool,Red Member,2021-04-23
6718,Fan_06718,Male,Under 18,UK,London,Full Member,2021-05-11
6719,Fan_06719,Female,45-54,UK,Liverpool,Red Member,2022-12-03
6720,Fan_06720,Non-binary,25-34,Ireland,International City,Premium/Lounge,2023-06-27
6721,Fan_06721,Female,55+,UK,Liverpool,Full Member,2021-09-18
6722,Fan_06722,Non-binary,45-54,UK,Liverpool,Red Member,2020-10-04
6723,Fan_06723,Female,55+,Ireland,International City,Non-Member,2023-02-25
6724,Fan_06724,Non-binary,45-54,China,International City,Non-Member,2023-12-09
6725,Fan_06725,Non-binary,18-24,UK,Liverpool,Red Member,2023-08-25
6726,Fan_06726,Male,35-44,China,International City,Red Member,2022-11-06
6727,Fan_06727,Male,18-24,UK,London,Full Member,2022-08-21
6728,Fan_06728,Female,Under 18,UK,Liverpool,Red Member,2023-11-19
6729,Fan_06729,Non-binary,18-24,UK,London,Junior Member,2021-08-24
6730,Fan_06730,Male,25-34,UK,Liverpool,Non-Member,2023-08-25
6731,Fan_06731,Non-binary,25-34,UK,Liverpool,Non-Member,2023-11-10
6732,Fan_06732,Non-binary,55+,Thailand,International City,Non-Member,2024-07-18
6733,Fan_06733,Male,18-24,UK,Liverpool,Junior Member,2021-04-25
6734,Fan_06734,Female,25-34,USA,International City,Non-Member,2020-07-11
6735,Fan_06735,Male,55+,Egypt,International City,Non-Member,2021-08-17
6736,Fan_06736,Non-binary,25-34,UK,London,Non-Member,2023-10-02
6737,Fan_06737,Male,18-24,Australia,International City,Junior Member,2021-07-26
6738,Fan_06738,Female,Under 18,UK,Liverpool,Junior Member,2023-05-15
6739,Fan_06739,Female,55+,UK,Liverpool,Non-Member,2020-08-29
6740,Fan_06740,Non-binary,45-54,Australia,International City,Red Member,2023-09-08
6741,Fan_06741,Female,25-34,UK,Liverpool,Non-Member,2023-06-08
6742,Fan_06742,Female,Under 18,Thailand,International City,Non-Member,2022-10-10
6743,Fan_06743,Non-binary,45-54,UK,London,Junior Member,2020-05-13
6744,Fan_06744,Female,25-34,UK,Liverpool,Full Member,2020-10-01
6745,Fan_06745,Male,55+,UK,Liverpool,Full Member,2023-07-01
6746,Fan_06746,Male,35-44,UK,Liverpool,Non-Member,2023-09-28
6747,Fan_06747,Male,Under 18,China,International City,Full Member,2021-02-12
6748,Fan_06748,Non-binary,25-34,UK,London,Non-Member,2024-03-14
6749,Fan_06749,Non-binary,18-24,Thailand,International City,Non-Member,2023-07-22
6750,Fan_06750,Female,55+,UK,London,Red Member,2022-06-05
6751,Fan_06751,Non-binary,35-44,Thailand,International City,Full Member,2020-12-20
6752,Fan_06752,Male,45-54,China,International City,Red Member,2021-04-23
6753,Fan_06753,Male,45-54,UK,Liverpool,Non-Member,2020-07-09
6754,Fan_06754,Non-binary,18-24,UK,Liverpool,Full Member,2023-10-18
6755,Fan_06755,Male,25-34,UK,Liverpool,Non-Member,2021-07-28
6756,Fan_06756,Non-binary,18-24,Ireland,International City,Non-Member,2020-01-05
6757,Fan_06757,Male,45-54,UK,Liverpool,Premium/Lounge,2021-01-19
6758,Fan_06758,Male,25-34,UK,Liverpool,Junior Member,2022-11-25
6759,Fan_06759,Non-binary,18-24,Egypt,International City,Non-Member,2021-06-11
6760,Fan_06760,Male,55+,UK,Liverpool,Red Member,2022-02-19
6761,Fan_06761,Non-binary,25-34,USA,International City,Junior Member,2020-03-17
6762,Fan_06762,Female,25-34,Norway,International City,Non-Member,2020-12-25
6763,Fan_06763,Non-binary,18-24,UK,London,Red Member,2023-06-24
6764,Fan_06764,Female,Under 18,UK,Liverpool,Red Member,2021-07-04
6765,Fan_06765,Male,45-54,UK,London,Red Member,2020-11-30
6766,Fan_06766,Non-binary,55+,China,International City,Red Member,2024-07-10
6767,Fan_06767,Female,45-54,Thailand,International City,Non-Member,2024-12-05
6768,Fan_06768,Non-binary,Under 18,Norway,International City,Non-Member,2023-03-11
6769,Fan_06769,Non-binary,35-44,USA,International City,Non-Member,2021-10-31
6770,Fan_06770,Male,35-44,UK,London,Red Member,2021-11-03
6771,Fan_06771,Male,45-54,UK,London,Red Member,2021-02-16
6772,Fan_06772,Non-binary,45-54,UK,London,Red Member,2021-07-15
6773,Fan_06773,Female,18-24,UK,Liverpool,Non-Member,2021-08-06
6774,Fan_06774,Non-binary,45-54,China,International City,Full Member,2022-04-03
6775,Fan_06775,Female,45-54,Australia,International City,Red Member,2022-05-30
6776,Fan_06776,Non-binary,45-54,USA,International City,Full Member,2023-04-01
6777,Fan_06777,Female,55+,UK,Liverpool,Non-Member,2022-07-26
6778,Fan_06778,Non-binary,Under 18,Australia,International City,Red Member,2023-04-11
6779,Fan_06779,Female,45-54,UK,London,Red Member,2020-06-17
6780,Fan_06780,Male,45-54,UK,London,Non-Member,2024-06-18
6781,Fan_06781,Female,Under 18,China,International City,Red Member,2022-03-14
6782,Fan_06782,Female,35-44,Norway,International City,Red Member,2024-01-30
6783,Fan_06783,Female,Under 18,UK,London,Red Member,2024-01-30
6784,Fan_06784,Female,Under 18,Norway,International City,Junior Member,2020-07-15
6785,Fan_06785,Female,25-34,UK,Liverpool,Full Member,2024-01-21
6786,Fan_06786,Male,18-24,Australia,International City,Non-Member,2023-11-22
6787,Fan_06787,Female,45-54,UK,Liverpool,Full Member,2022-06-09
6788,Fan_06788,Non-binary,25-34,Thailand,International City,Non-Member,2021-07-23
6789,Fan_06789,Male,55+,UK,Liverpool,Red Member,2024-05-19
6790,Fan_06790,Female,55+,USA,International City,Full Member,2024-06-07
6791,Fan_06791,Female,Under 18,UK,Liverpool,Non-Member,2024-08-16
6792,Fan_06792,Non-binary,25-34,China,International City,Non-Member,2024-06-16
6793,Fan_06793,Female,Under 18,Egypt,International City,Red Member,2024-08-29
6794,Fan_06794,Non-binary,45-54,Australia,International City,Non-Member,2021-11-09
6795,Fan_06795,Male,25-34,USA,International City,Non-Member,2024-09-25
6796,Fan_06796,Non-binary,18-24,UK,London,Red Member,2021-10-24
6797,Fan_06797,Female,35-44,China,International City,Premium/Lounge,2020-12-19
6798,Fan_06798,Female,25-34,China,International City,Red Member,2024-06-05
6799,Fan_06799,Male,45-54,UK,Liverpool,Full Member,2021-08-11
6800,Fan_06800,Male,55+,Thailand,International City,Red Member,2024-10-26
6801,Fan_06801,Male,55+,Egypt,International City,Red Member,2021-02-05
6802,Fan_06802,Male,Under 18,UK,Liverpool,Junior Member,2024-09-16
6803,Fan_06803,Male,18-24,UK,London,Red Member,2023-01-29
6804,Fan_06804,Female,45-54,Thailand,International City,Red Member,2020-06-21
6805,Fan_06805,Non-binary,18-24,Thailand,International City,Non-Member,2024-04-03
6806,Fan_06806,Non-binary,25-34,UK,Liverpool,Non-Member,2024-11-13
6807,Fan_06807,Female,35-44,China,International City,Red Member,2022-12-09
6808,Fan_06808,Male,18-24,UK,Liverpool,Red Member,2021-11-01
6809,Fan_06809,Male,Under 18,USA,International City,Non-Member,2024-03-10
6810,Fan_06810,Male,25-34,USA,International City,Non-Member,2023-10-24
6811,Fan_06811,Non-binary,25-34,UK,London,Red Member,2022-11-07
6812,Fan_06812,Non-binary,35-44,China,International City,Premium/Lounge,2024-02-21
6813,Fan_06813,Male,18-24,China,International City,Non-Member,2023-01-05
6814,Fan_06814,Male,18-24,UK,Liverpool,Non-Member,2022-01-29
6815,Fan_06815,Non-binary,35-44,USA,International City,Non-Member,2022-09-03
6816,Fan_06816,Non-binary,Under 18,China,International City,Red Member,2021-03-26
6817,Fan_06817,Female,25-34,UK,Liverpool,Red Member,2022-08-02
6818,Fan_06818,Female,18-24,USA,International City,Junior Member,2022-04-26
6819,Fan_06819,Female,35-44,UK,London,Red Member,2021-10-03
6820,Fan_06820,Male,45-54,Australia,International City,Full Member,2023-02-09
6821,Fan_06821,Female,35-44,Thailand,International City,Non-Member,2024-05-23
6822,Fan_06822,Female,45-54,Norway,International City,Non-Member,2023-11-02
6823,Fan_06823,Female,45-54,UK,Liverpool,Junior Member,2021-11-15
6824,Fan_06824,Male,35-44,UK,Liverpool,Premium/Lounge,2022-07-30
6825,Fan_06825,Male,18-24,UK,Liverpool,Red Member,2022-03-08
6826,Fan_06826,Female,45-54,USA,International City,Red Member,2021-07-30
6827,Fan_06827,Male,Under 18,UK,London,Red Member,2022-05-12
6828,Fan_06828,Female,Under 18,USA,International City,Non-Member,2023-05-07
6829,Fan_06829,Female,18-24,USA,International City,Non-Member,2020-06-29
6830,Fan_06830,Female,18-24,UK,London,Full Member,2024-05-10
6831,Fan_06831,Non-binary,Under 18,UK,London,Non-Member,2023-08-10
6832,Fan_06832,Male,45-54,China,International City,Non-Member,2024-02-21
6833,Fan_06833,Female,35-44,UK,Liverpool,Red Member,2024-01-26
6834,Fan_06834,Male,18-24,Norway,International City,Premium/Lounge,2021-08-17
6835,Fan_06835,Female,25-34,China,International City,Non-Member,2022-12-11
6836,Fan_06836,Female,25-34,UK,Liverpool,Non-Member,2021-12-01
6837,Fan_06837,Non-binary,18-24,UK,Liverpool,Red Member,2022-05-30
6838,Fan_06838,Non-binary,Under 18,UK,Liverpool,Non-Member,2021-06-16
6839,Fan_06839,Male,45-54,USA,International City,Junior Member,2020-06-10
6840,Fan_06840,Male,25-34,UK,London,Full Member,2024-03-23
6841,Fan_06841,Female,35-44,Australia,International City,Non-Member,2020-06-10
6842,Fan_06842,Non-binary,45-54,Thailand,International City,Red Member,2023-03-08
6843,Fan_06843,Non-binary,35-44,Thailand,International City,Red Member,2020-06-13
6844,Fan_06844,Non-binary,25-34,UK,Liverpool,Red Member,2021-03-16
6845,Fan_06845,Female,25-34,China,International City,Red Member,2022-05-23
6846,Fan_06846,Female,35-44,UK,London,Red Member,2022-05-20
6847,Fan_06847,Non-binary,35-44,UK,Liverpool,Red Member,2022-09-24
6848,Fan_06848,Male,25-34,Australia,International City,Junior Member,2022-08-03
6849,Fan_06849,Non-binary,35-44,China,International City,Red Member,2023-10-06
6850,Fan_06850,Female,45-54,Ireland,International City,Non-Member,2023-12-21
6851,Fan_06851,Male,55+,Thailand,International City,Red Member,2023-12-29
6852,Fan_06852,Female,45-54,UK,London,Full Member,2022-02-06
6853,Fan_06853,Non-binary,Under 18,UK,Liverpool,Non-Member,2024-01-11
6854,Fan_06854,Non-binary,18-24,UK,Liverpool,Non-Member,2024-02-04
6855,Fan_06855,Male,35-44,UK,Liverpool,Red Member,2021-08-08
6856,Fan_06856,Female,55+,UK,London,Non-Member,2023-06-30
6857,Fan_06857,Female,18-24,Egypt,International City,Non-Member,2020-05-17
6858,Fan_06858,Male,18-24,UK,London,Non-Member,2022-12-25
6859,Fan_06859,Female,35-44,UK,London,Non-Member,2022-07-12
6860,Fan_06860,Non-binary,Under 18,UK,London,Non-Member,2022-07-18
6861,Fan_06861,Non-binary,45-54,China,International City,Red Member,2020-12-09
6862,Fan_06862,Female,18-24,UK,Liverpool,Non-Member,2021-01-19
6863,Fan_06863,Female,Under 18,UK,Liverpool,Non-Member,2024-03-08
6864,Fan_06864,Male,55+,Australia,International City,Non-Member,2024-05-22
6865,Fan_06865,Female,55+,Norway,International City,Non-Member,2024-09-12
6866,Fan_06866,Non-binary,55+,UK,Liverpool,Junior Member,2023-12-03
6867,Fan_06867,Female,35-44,China,International City,Non-Member,2024-11-10
6868,Fan_06868,Female,25-34,Norway,International City,Non-Member,2021-02-21
6869,Fan_06869,Female,Under 18,UK,Liverpool,Red Member,2023-10-12
6870,Fan_06870,Female,45-54,UK,London,Red Member,2021-02-04
6871,Fan_06871,Female,25-34,UK,Liverpool,Red Member,2024-07-26
6872,Fan_06872,Non-binary,45-54,UK,London,Premium/Lounge,2023-01-06
6873,Fan_06873,Non-binary,Under 18,UK,Liverpool,Red Member,2023-02-01
6874,Fan_06874,Female,25-34,Thailand,International City,Full Member,2024-07-10
6875,Fan_06875,Male,45-54,Thailand,International City,Red Member,2021-09-13
6876,Fan_06876,Non-binary,Under 18,China,International City,Non-Member,2023-02-08
6877,Fan_06877,Non-binary,Under 18,UK,London,Red Member,2022-08-01
6878,Fan_06878,Male,18-24,UK,Liverpool,Red Member,2021-02-24
6879,Fan_06879,Female,45-54,UK,Liverpool,Premium/Lounge,2023-03-17
6880,Fan_06880,Non-binary,Under 18,UK,Liverpool,Junior Member,2020-04-23
6881,Fan_06881,Male,25-34,UK,Liverpool,Red Member,2021-01-22
6882,Fan_06882,Non-binary,18-24,UK,London,Non-Member,2020-11-17
6883,Fan_06883,Female,45-54,UK,Liverpool,Red Member,2024-03-04
6884,Fan_06884,Male,45-54,UK,Liverpool,Junior Member,2020-07-27
6885,Fan_06885,Female,18-24,UK,London,Red Member,2021-01-30
6886,Fan_06886,Male,25-34,UK,London,Junior Member,2022-04-02
6887,Fan_06887,Male,25-34,UK,London,Full Member,2021-12-30
6888,Fan_06888,Male,Under 18,UK,London,Red Member,2021-04-02
6889,Fan_06889,Female,25-34,UK,London,Non-Member,2022-07-10
6890,Fan_06890,Non-binary,Under 18,USA,International City,Junior Member,2023-12-29
6891,Fan_06891,Non-binary,55+,UK,Liverpool,Red Member,2022-01-08
6892,Fan_06892,Non-binary,25-34,Thailand,International City,Full Member,2024-04-21
6893,Fan_06893,Female,55+,UK,London,Junior Member,2022-06-04
6894,Fan_06894,Female,25-34,UK,Liverpool,Non-Member,2020-09-02
6895,Fan_06895,Non-binary,18-24,Egypt,International City,Full Member,2023-04-25
6896,Fan_06896,Non-binary,45-54,UK,London,Non-Member,2021-11-29
6897,Fan_06897,Female,55+,UK,London,Non-Member,2023-06-19
6898,Fan_06898,Male,Under 18,China,International City,Red Member,2020-08-02
6899,Fan_06899,Non-binary,35-44,Australia,International City,Full Member,2022-02-18
6900,Fan_06900,Non-binary,Under 18,Australia,International City,Non-Member,2020-04-30
6901,Fan_06901,Non-binary,55+,China,International City,Red Member,2023-07-27
6902,Fan_06902,Female,18-24,UK,London,Junior Member,2020-09-09
6903,Fan_06903,Non-binary,18-24,USA,International City,Red Member,2024-08-15
6904,Fan_06904,Male,18-24,Norway,International City,Junior Member,2020-06-20
6905,Fan_06905,Female,25-34,Ireland,International City,Full Member,2022-04-03
6906,Fan_06906,Female,45-54,UK,Liverpool,Full Member,2024-05-14
6907,Fan_06907,Male,45-54,UK,Liverpool,Non-Member,2023-07-17
6908,Fan_06908,Non-binary,Under 18,UK,Liverpool,Premium/Lounge,2020-01-08
6909,Fan_06909,Male,18-24,UK,London,Full Member,2024-06-25
6910,Fan_06910,Non-binary,55+,Ireland,International City,Red Member,2022-10-05
6911,Fan_06911,Non-binary,55+,UK,Liverpool,Red Member,2020-04-10
6912,Fan_06912,Male,18-24,China,International City,Non-Member,2020-03-03
6913,Fan_06913,Non-binary,35-44,UK,Liverpool,Non-Member,2023-02-18
6914,Fan_06914,Non-binary,18-24,UK,Liverpool,Non-Member,2024-07-06
6915,Fan_06915,Male,18-24,UK,Liverpool,Full Member,2021-12-17
6916,Fan_06916,Male,55+,UK,London,Non-Member,2021-11-09
6917,Fan_06917,Non-binary,55+,Australia,International City,Non-Member,2023-12-17
6918,Fan_06918,Non-binary,35-44,UK,Liverpool,Non-Member,2024-07-08
6919,Fan_06919,Non-binary,Under 18,UK,London,Non-Member,2024-06-08
6920,Fan_06920,Female,25-34,UK,London,Non-Member,2022-09-04
6921,Fan_06921,Female,55+,UK,Liverpool,Full Member,2021-11-29
6922,Fan_06922,Male,25-34,UK,Liverpool,Non-Member,2023-07-23
6923,Fan_06923,Non-binary,45-54,Norway,International City,Red Member,2021-11-07
6924,Fan_06924,Female,55+,USA,International City,Non-Member,2021-02-22
6925,Fan_06925,Female,25-34,UK,London,Full Member,2024-09-18
6926,Fan_06926,Male,18-24,UK,Liverpool,Red Member,2023-02-18
6927,Fan_06927,Non-binary,45-54,Norway,International City,Red Member,2022-06-25
6928,Fan_06928,Female,25-34,China,International City,Red Member,2023-11-28
6929,Fan_06929,Non-binary,18-24,Thailand,International City,Non-Member,2021-02-25
6930,Fan_06930,Male,35-44,UK,Liverpool,Full Member,2020-09-19
6931,Fan_06931,Male,Under 18,UK,Liverpool,Non-Member,2024-06-25
6932,Fan_06932,Male,45-54,China,International City,Red Member,2020-01-19
6933,Fan_06933,Non-binary,25-34,UK,Liverpool,Junior Member,2024-03-22
6934,Fan_06934,Male,45-54,USA,International City,Full Member,2020-02-01
6935,Fan_06935,Male,25-34,UK,Liverpool,Non-Member,2024-04-05
6936,Fan_06936,Non-binary,25-34,China,International City,Red Member,2023-04-16
6937,Fan_06937,Female,55+,China,International City,Non-Member,2023-02-21
6938,Fan_06938,Non-binary,25-34,UK,Liverpool,Non-Member,2020-05-30
6939,Fan_06939,Non-binary,Under 18,Thailand,International City,Non-Member,2022-07-30
6940,Fan_06940,Non-binary,Under 18,Egypt,International City,Red Member,2021-04-22
6941,Fan_06941,Non-binary,18-24,UK,Liverpool,Full Member,2022-01-04
6942,Fan_06942,Female,35-44,UK,Liverpool,Non-Member,2023-08-02
6943,Fan_06943,Female,55+,UK,Liverpool,Non-Member,2020-09-15
6944,Fan_06944,Non-binary,35-44,Ireland,International City,Red Member,2020-01-17
6945,Fan_06945,Female,45-54,Egypt,International City,Premium/Lounge,2022-11-24
6946,Fan_06946,Non-binary,45-54,USA,International City,Premium/Lounge,2024-04-26
6947,Fan_06947,Female,35-44,USA,International City,Junior Member,2023-09-15
6948,Fan_06948,Male,25-34,UK,Liverpool,Premium/Lounge,2023-09-20
6949,Fan_06949,Non-binary,55+,Ireland,International City,Non-Member,2024-11-22
6950,Fan_06950,Male,55+,UK,Liverpool,Red Member,2020-01-04
6951,Fan_06951,Male,45-54,China,International City,Non-Member,2020-11-11
6952,Fan_06952,Male,35-44,UK,London,Red Member,2022-11-19
6953,Fan_06953,Non-binary,25-34,UK,Liverpool,Junior Member,2024-08-30
6954,Fan_06954,Female,35-44,USA,International City,Full Member,2022-10-11
6955,Fan_06955,Male,45-54,Norway,International City,Red Member,2021-07-24
6956,Fan_06956,Male,35-44,UK,Liverpool,Non-Member,2024-02-12
6957,Fan_06957,Non-binary,35-44,UK,Liverpool,Red Member,2020-10-27
6958,Fan_06958,Non-binary,18-24,UK,London,Non-Member,2022-09-05
6959,Fan_06959,Non-binary,55+,UK,Liverpool,Red Member,2023-05-13
6960,Fan_06960,Male,45-54,Ireland,International City,Junior Member,2023-06-29
6961,Fan_06961,Female,45-54,Norway,International City,Junior Member,2022-07-25
6962,Fan_06962,Non-binary,Under 18,UK,London,Junior Member,2023-07-26
6963,Fan_06963,Female,55+,UK,Liverpool,Non-Member,2022-05-27
6964,Fan_06964,Female,Under 18,USA,International City,Premium/Lounge,2023-08-28
6965,Fan_06965,Non-binary,35-44,UK,Liverpool,Red Member,2021-06-10
6966,Fan_06966,Non-binary,35-44,UK,London,Red Member,2024-05-31
6967,Fan_06967,Female,55+,UK,London,Red Member,2021-09-28
6968,Fan_06968,Female,45-54,UK,Liverpool,Full Member,2022-05-24
6969,Fan_06969,Male,Under 18,UK,Liverpool,Full Member,2021-02-27
6970,Fan_06970,Male,Under 18,UK,Liverpool,Non-Member,2022-03-22
6971,Fan_06971,Male,55+,UK,Liverpool,Red Member,2023-03-24
6972,Fan_06972,Non-binary,55+,Norway,International City,Non-Member,2020-12-19
6973,Fan_06973,Non-binary,25-34,UK,London,Premium/Lounge,2023-01-13
6974,Fan_06974,Male,25-34,China,International City,Premium/Lounge,2023-09-19
6975,Fan_06975,Male,35-44,Thailand,International City,Red Member,2022-04-20
6976,Fan_06976,Male,45-54,Egypt,International City,Full Member,2022-11-30
6977,Fan_06977,Female,35-44,China,International City,Full Member,2023-11-22
6978,Fan_06978,Non-binary,45-54,UK,Liverpool,Non-Member,2021-07-16
6979,Fan_06979,Male,25-34,UK,Liverpool,Full Member,2020-01-11
6980,Fan_06980,Female,18-24,UK,Liverpool,Red Member,2024-03-11
6981,Fan_06981,Non-binary,35-44,UK,London,Red Member,2024-03-09
6982,Fan_06982,Male,25-34,Norway,International City,Red Member,2021-06-18
6983,Fan_06983,Male,25-34,UK,Liverpool,Non-Member,2023-04-14
6984,Fan_06984,Male,45-54,UK,Liverpool,Red Member,2022-09-19
6985,Fan_06985,Female,55+,UK,Liverpool,Junior Member,2020-10-09
6986,Fan_06986,Male,Under 18,Norway,International City,Full Member,2021-11-12
6987,Fan_06987,Male,35-44,China,International City,Junior Member,2024-10-12
6988,Fan_06988,Male,Under 18,UK,Liverpool,Full Member,2023-11-15
6989,Fan_06989,Female,35-44,UK,Liverpool,Red Member,2024-02-22
6990,Fan_06990,Non-binary,18-24,Ireland,International City,Red Member,2022-01-16
6991,Fan_06991,Male,18-24,China,International City,Non-Member,2022-01-01
6992,Fan_06992,Non-binary,55+,UK,Liverpool,Non-Member,2023-02-14
6993,Fan_06993,Non-binary,35-44,UK,Liverpool,Red Member,2021-11-27
6994,Fan_06994,Male,18-24,UK,Liverpool,Red Member,2021-01-08
6995,Fan_06995,Female,18-24,USA,International City,Full Member,2022-01-29
6996,Fan_06996,Female,55+,USA,International City,Red Member,2021-06-30
6997,Fan_06997,Male,35-44,UK,Liverpool,Full Member,2023-06-02
6998,Fan_06998,Male,35-44,China,International City,Red Member,2020-06-17
6999,Fan_06999,Non-binary,55+,Australia,International City,Full Member,2020-07-23
7000,Fan_07000,Non-binary,Under 18,Thailand,International City,Red Member,2022-09-16
7001,Fan_07001,Male,45-54,UK,London,Junior Member,2023-11-10
7002,Fan_07002,Female,45-54,UK,London,Premium/Lounge,2020-12-04
7003,Fan_07003,Male,35-44,UK,London,Non-Member,2023-06-23
7004,Fan_07004,Male,45-54,Egypt,International City,Premium/Lounge,2023-10-10
7005,Fan_07005,Male,45-54,China,International City,Premium/Lounge,2023-08-12
7006,Fan_07006,Female,25-34,UK,Liverpool,Red Member,2022-06-30
7007,Fan_07007,Female,35-44,USA,International City,Premium/Lounge,2021-10-15
7008,Fan_07008,Male,35-44,Thailand,International City,Non-Member,2022-01-10
7009,Fan_07009,Non-binary,25-34,UK,London,Full Member,2024-06-13
7010,Fan_07010,Male,55+,China,International City,Non-Member,2021-03-31
7011,Fan_07011,Female,45-54,China,International City,Red Member,2023-09-08
7012,Fan_07012,Male,25-34,Norway,International City,Red Member,2024-06-27
7013,Fan_07013,Male,18-24,Egypt,International City,Junior Member,2020-01-06
7014,Fan_07014,Female,45-54,Thailand,International City,Non-Member,2022-09-24
7015,Fan_07015,Non-binary,18-24,USA,International City,Non-Member,2024-11-06
7016,Fan_07016,Female,45-54,UK,London,Red Member,2022-08-13
7017,Fan_07017,Non-binary,Under 18,UK,Liverpool,Non-Member,2020-09-09
7018,Fan_07018,Female,35-44,UK,Liverpool,Non-Member,2024-04-18
7019,Fan_07019,Female,18-24,UK,Liverpool,Full Member,2020-05-26
7020,Fan_07020,Female,55+,Ireland,International City,Red Member,2022-09-17
7021,Fan_07021,Female,35-44,UK,London,Red Member,2021-11-20
7022,Fan_07022,Female,Under 18,USA,International City,Non-Member,2021-12-02
7023,Fan_07023,Non-binary,55+,UK,Liverpool,Red Member,2021-09-24
7024,Fan_07024,Female,55+,UK,London,Red Member,2022-08-15
7025,Fan_07025,Female,18-24,UK,Liverpool,Non-Member,2024-10-28
7026,Fan_07026,Female,25-34,UK,Liverpool,Full Member,2020-02-06
7027,Fan_07027,Non-binary,55+,China,International City,Full Member,2024-05-28
7028,Fan_07028,Non-binary,25-34,UK,Liverpool,Red Member,2022-01-11
7029,Fan_07029,Male,55+,Norway,International City,Red Member,2022-04-04
7030,Fan_07030,Non-binary,25-34,UK,London,Full Member,2023-08-04
7031,Fan_07031,Female,18-24,UK,Liverpool,Non-Member,2021-03-13
7032,Fan_07032,Non-binary,55+,China,International City,Full Member,2021-09-10
7033,Fan_07033,Male,25-34,USA,International City,Non-Member,2022-08-10
7034,Fan_07034,Non-binary,35-44,UK,London,Full Member,2024-01-07
7035,Fan_07035,Female,55+,UK,London,Full Member,2022-09-28
7036,Fan_07036,Non-binary,18-24,China,International City,Non-Member,2020-09-11
7037,Fan_07037,Female,55+,Egypt,International City,Red Member,2023-03-17
7038,Fan_07038,Non-binary,55+,UK,Liverpool,Non-Member,2022-10-19
7039,Fan_07039,Female,Under 18,UK,London,Non-Member,2022-08-03
7040,Fan_07040,Female,Under 18,UK,London,Non-Member,2020-06-08
7041,Fan_07041,Female,45-54,USA,International City,Junior Member,2020-03-04
7042,Fan_07042,Male,Under 18,Ireland,International City,Red Member,2024-03-15
7043,Fan_07043,Female,45-54,UK,Liverpool,Full Member,2021-07-06
7044,Fan_07044,Male,35-44,Thailand,International City,Red Member,2022-06-04
7045,Fan_07045,Non-binary,18-24,Australia,International City,Red Member,2021-10-02
7046,Fan_07046,Female,55+,UK,Liverpool,Non-Member,2020-08-12
7047,Fan_07047,Female,45-54,China,International City,Premium/Lounge,2021-04-29
7048,Fan_07048,Non-binary,45-54,Australia,International City,Red Member,2022-06-30
7049,Fan_07049,Non-binary,18-24,USA,International City,Red Member,2021-02-09
7050,Fan_07050,Female,18-24,USA,International City,Red Member,2024-12-05
7051,Fan_07051,Female,55+,Australia,International City,Red Member,2023-05-02
7052,Fan_07052,Male,35-44,USA,International City,Non-Member,2022-07-19
7053,Fan_07053,Non-binary,18-24,UK,London,Non-Member,2024-05-14
7054,Fan_07054,Male,25-34,UK,Liverpool,Non-Member,2024-03-22
7055,Fan_07055,Male,25-34,UK,Liverpool,Non-Member,2020-04-06
7056,Fan_07056,Female,25-34,Thailand,International City,Non-Member,2022-10-05
7057,Fan_07057,Female,45-54,Ireland,International City,Non-Member,2022-06-04
7058,Fan_07058,Non-binary,18-24,USA,International City,Red Member,2022-09-09
7059,Fan_07059,Non-binary,45-54,China,International City,Red Member,2022-06-23
7060,Fan_07060,Male,55+,China,International City,Non-Member,2022-12-01
7061,Fan_07061,Non-binary,Under 18,UK,London,Junior Member,2020-04-15
7062,Fan_07062,Non-binary,55+,USA,International City,Non-Member,2024-07-05
7063,Fan_07063,Female,25-34,UK,Liverpool,Full Member,2024-07-24
7064,Fan_07064,Male,45-54,UK,London,Non-Member,2024-10-06
7065,Fan_07065,Non-binary,35-44,UK,London,Non-Member,2024-02-02
7066,Fan_07066,Non-binary,25-34,Norway,International City,Junior Member,2024-05-13
7067,Fan_07067,Non-binary,45-54,UK,London,Red Member,2022-05-28
7068,Fan_07068,Male,Under 18,Thailand,International City,Non-Member,2023-10-08
7069,Fan_07069,Male,Under 18,UK,Liverpool,Non-Member,2023-07-07
7070,Fan_07070,Male,25-34,Ireland,International City,Non-Member,2024-07-06
7071,Fan_07071,Male,45-54,UK,London,Red Member,2024-06-05
7072,Fan_07072,Non-binary,45-54,Ireland,International City,Non-Member,2024-09-22
7073,Fan_07073,Female,35-44,UK,Liverpool,Premium/Lounge,2024-04-02
7074,Fan_07074,Female,55+,UK,Liverpool,Full Member,2021-07-12
7075,Fan_07075,Non-binary,18-24,UK,Liverpool,Non-Member,2022-02-06
7076,Fan_07076,Female,25-34,Australia,International City,Non-Member,2020-06-05
7077,Fan_07077,Non-binary,45-54,UK,Liverpool,Junior Member,2024-10-06
7078,Fan_07078,Non-binary,25-34,China,International City,Non-Member,2021-03-13
7079,Fan_07079,Male,45-54,UK,Liverpool,Non-Member,2023-11-08
7080,Fan_07080,Male,45-54,UK,London,Full Member,2023-08-10
7081,Fan_07081,Male,55+,Egypt,International City,Full Member,2021-03-19
7082,Fan_07082,Non-binary,35-44,USA,International City,Red Member,2021-09-08
7083,Fan_07083,Male,45-54,China,International City,Premium/Lounge,2021-07-26
7084,Fan_07084,Male,25-34,Norway,International City,Red Member,2023-10-05
7085,Fan_07085,Male,25-34,UK,London,Full Member,2022-12-05
7086,Fan_07086,Female,25-34,UK,London,Non-Member,2020-07-18
7087,Fan_07087,Male,45-54,UK,London,Non-Member,2022-03-08
7088,Fan_07088,Non-binary,35-44,UK,London,Premium/Lounge,2022-03-19
7089,Fan_07089,Female,Under 18,UK,Liverpool,Junior Member,2023-03-19
7090,Fan_07090,Non-binary,55+,UK,Liverpool,Red Member,2022-06-10
7091,Fan_07091,Male,35-44,UK,Liverpool,Red Member,2020-10-22
7092,Fan_07092,Non-binary,25-34,China,International City,Non-Member,2022-09-16
7093,Fan_07093,Non-binary,35-44,USA,International City,Junior Member,2024-09-12
7094,Fan_07094,Male,Under 18,UK,Liverpool,Red Member,2020-10-28
7095,Fan_07095,Non-binary,45-54,UK,London,Red Member,2023-02-22
7096,Fan_07096,Male,45-54,UK,Liverpool,Red Member,2024-07-24
7097,Fan_07097,Male,Under 18,Thailand,International City,Non-Member,2024-08-20
7098,Fan_07098,Male,35-44,Australia,International City,Non-Member,2023-09-02
7099,Fan_07099,Female,45-54,UK,Liverpool,Red Member,2022-08-14
7100,Fan_07100,Non-binary,Under 18,UK,London,Red Member,2020-03-16
7101,Fan_07101,Non-binary,18-24,UK,Liverpool,Full Member,2023-10-28
7102,Fan_07102,Female,45-54,UK,London,Non-Member,2023-03-02
7103,Fan_07103,Non-binary,35-44,China,International City,Full Member,2020-02-01
7104,Fan_07104,Female,55+,UK,London,Non-Member,2023-12-15
7105,Fan_07105,Female,55+,Thailand,International City,Non-Member,2020-09-09
7106,Fan_07106,Male,55+,Egypt,International City,Red Member,2023-02-18
7107,Fan_07107,Male,18-24,Thailand,International City,Red Member,2023-01-20
7108,Fan_07108,Female,Under 18,UK,Liverpool,Red Member,2021-07-21
7109,Fan_07109,Female,18-24,UK,London,Non-Member,2023-05-10
7110,Fan_07110,Female,55+,UK,Liverpool,Non-Member,2024-05-18
7111,Fan_07111,Female,Under 18,UK,Liverpool,Non-Member,2020-12-22
7112,Fan_07112,Non-binary,Under 18,UK,Liverpool,Full Member,2023-12-20
7113,Fan_07113,Female,25-34,Egypt,International City,Non-Member,2022-11-19
7114,Fan_07114,Non-binary,18-24,UK,London,Non-Member,2024-05-01
7115,Fan_07115,Non-binary,25-34,UK,Liverpool,Non-Member,2023-10-29
7116,Fan_07116,Non-binary,Under 18,Thailand,International City,Non-Member,2022-04-16
7117,Fan_07117,Female,Under 18,UK,Liverpool,Red Member,2021-09-29
7118,Fan_07118,Female,45-54,UK,Liverpool,Non-Member,2024-04-29
7119,Fan_07119,Non-binary,25-34,Australia,International City,Non-Member,2020-02-23
7120,Fan_07120,Female,Under 18,UK,Liverpool,Premium/Lounge,2020-06-30
7121,Fan_07121,Male,18-24,UK,Liverpool,Non-Member,2023-03-16
7122,Fan_07122,Non-binary,45-54,UK,London,Junior Member,2022-09-14
7123,Fan_07123,Non-binary,Under 18,Egypt,International City,Non-Member,2021-11-25
7124,Fan_07124,Non-binary,35-44,China,International City,Non-Member,2022-10-06
7125,Fan_07125,Male,35-44,Norway,International City,Junior Member,2020-02-24
7126,Fan_07126,Female,45-54,UK,London,Red Member,2020-04-26
7127,Fan_07127,Female,Under 18,Thailand,International City,Non-Member,2021-06-03
7128,Fan_07128,Female,Under 18,Australia,International City,Red Member,2020-07-09
7129,Fan_07129,Female,45-54,USA,International City,Non-Member,2024-04-07
7130,Fan_07130,Non-binary,45-54,Ireland,International City,Full Member,2021-10-18
7131,Fan_07131,Female,45-54,UK,London,Non-Member,2020-08-24
7132,Fan_07132,Non-binary,35-44,China,International City,Premium/Lounge,2024-09-01
7133,Fan_07133,Female,35-44,USA,International City,Junior Member,2022-06-11
7134,Fan_07134,Female,18-24,UK,London,Non-Member,2021-10-26
7135,Fan_07135,Non-binary,45-54,Ireland,International City,Junior Member,2022-07-20
7136,Fan_07136,Non-binary,55+,Australia,International City,Non-Member,2024-09-21
7137,Fan_07137,Female,18-24,UK,Liverpool,Non-Member,2021-04-11
7138,Fan_07138,Non-binary,35-44,UK,London,Premium/Lounge,2024-08-24
7139,Fan_07139,Non-binary,35-44,China,International City,Red Member,2024-03-26
7140,Fan_07140,Female,25-34,Norway,International City,Non-Member,2024-05-15
7141,Fan_07141,Female,45-54,UK,London,Non-Member,2023-04-16
7142,Fan_07142,Female,55+,UK,Liverpool,Non-Member,2024-09-23
7143,Fan_07143,Female,35-44,UK,Liverpool,Non-Member,2024-10-20
7144,Fan_07144,Male,35-44,UK,Liverpool,Non-Member,2022-07-20
7145,Fan_07145,Non-binary,25-34,Thailand,International City,Full Member,2024-01-10
7146,Fan_07146,Female,Under 18,UK,Liverpool,Non-Member,2020-08-08
7147,Fan_07147,Non-binary,35-44,UK,Liverpool,Red Member,2021-09-20
7148,Fan_07148,Female,25-34,USA,International City,Junior Member,2024-03-02
7149,Fan_07149,Female,18-24,UK,Liverpool,Red Member,2023-03-03
7150,Fan_07150,Male,18-24,USA,International City,Red Member,2023-10-31
7151,Fan_07151,Male,25-34,Thailand,International City,Red Member,2021-11-22
7152,Fan_07152,Non-binary,Under 18,UK,Liverpool,Premium/Lounge,2021-02-20
7153,Fan_07153,Male,45-54,Thailand,International City,Red Member,2021-06-12
7154,Fan_07154,Female,45-54,Australia,International City,Red Member,2024-02-27
7155,Fan_07155,Male,35-44,USA,International City,Red Member,2024-01-21
7156,Fan_07156,Non-binary,45-54,Thailand,International City,Non-Member,2024-11-07
7157,Fan_07157,Non-binary,35-44,Ireland,International City,Non-Member,2021-03-23
7158,Fan_07158,Male,35-44,Egypt,International City,Full Member,2022-09-02
7159,Fan_07159,Female,35-44,UK,Liverpool,Red Member,2022-06-18
7160,Fan_07160,Female,35-44,Thailand,International City,Non-Member,2024-03-30
7161,Fan_07161,Male,45-54,Ireland,International City,Full Member,2024-08-17
7162,Fan_07162,Male,35-44,USA,International City,Non-Member,2022-10-14
7163,Fan_07163,Non-binary,18-24,USA,International City,Premium/Lounge,2024-07-12
7164,Fan_07164,Female,Under 18,China,International City,Junior Member,2024-05-27
7165,Fan_07165,Female,18-24,UK,London,Red Member,2020-09-09
7166,Fan_07166,Female,18-24,UK,Liverpool,Non-Member,2023-09-15
7167,Fan_07167,Non-binary,18-24,UK,Liverpool,Non-Member,2021-02-17
7168,Fan_07168,Non-binary,18-24,UK,London,Non-Member,2024-06-01
7169,Fan_07169,Non-binary,18-24,UK,London,Non-Member,2021-07-27
7170,Fan_07170,Female,55+,UK,London,Non-Member,2024-09-05
7171,Fan_07171,Female,55+,UK,Liverpool,Non-Member,2023-10-24
7172,Fan_07172,Female,55+,UK,London,Non-Member,2021-01-25
7173,Fan_07173,Female,25-34,UK,Liverpool,Premium/Lounge,2020-10-14
7174,Fan_07174,Female,Under 18,Thailand,International City,Non-Member,2022-11-01
7175,Fan_07175,Non-binary,Under 18,UK,London,Non-Member,2024-05-27
7176,Fan_07176,Female,25-34,UK,Liverpool,Red Member,2024-08-22
7177,Fan_07177,Female,25-34,Egypt,International City,Red Member,2022-09-07
7178,Fan_07178,Female,18-24,China,International City,Non-Member,2020-08-26
7179,Fan_07179,Non-binary,45-54,Thailand,International City,Non-Member,2021-06-08
7180,Fan_07180,Female,18-24,UK,London,Red Member,2024-06-30
7181,Fan_07181,Female,35-44,UK,London,Premium/Lounge,2021-09-11
7182,Fan_07182,Male,35-44,UK,London,Full Member,2024-10-26
7183,Fan_07183,Non-binary,45-54,USA,International City,Full Member,2022-07-03
7184,Fan_07184,Female,Under 18,Egypt,International City,Junior Member,2021-01-04
7185,Fan_07185,Non-binary,18-24,UK,London,Non-Member,2020-09-07
7186,Fan_07186,Female,Under 18,UK,Liverpool,Non-Member,2023-06-26
7187,Fan_07187,Female,45-54,China,International City,Red Member,2022-04-29
7188,Fan_07188,Non-binary,55+,UK,Liverpool,Non-Member,2023-01-10
7189,Fan_07189,Non-binary,45-54,Norway,International City,Premium/Lounge,2022-09-18
7190,Fan_07190,Non-binary,35-44,UK,Liverpool,Non-Member,2024-08-19
7191,Fan_07191,Male,25-34,Australia,International City,Non-Member,2024-07-07
7192,Fan_07192,Female,18-24,UK,Liverpool,Full Member,2024-08-01
7193,Fan_07193,Non-binary,45-54,UK,Liverpool,Red Member,2021-09-26
7194,Fan_07194,Male,18-24,UK,London,Non-Member,2024-04-05
7195,Fan_07195,Non-binary,Under 18,UK,Liverpool,Red Member,2020-01-10
7196,Fan_07196,Non-binary,Under 18,UK,London,Non-Member,2022-12-15
7197,Fan_07197,Female,25-34,Norway,International City,Junior Member,2020-06-11
7198,Fan_07198,Male,55+,UK,Liverpool,Non-Member,2024-02-05
7199,Fan_07199,Non-binary,Under 18,China,International City,Non-Member,2024-01-21
7200,Fan_07200,Female,25-34,Norway,International City,Red Member,2021-07-10
7201,Fan_07201,Non-binary,35-44,UK,London,Full Member,2020-10-08
7202,Fan_07202,Non-binary,Under 18,Ireland,International City,Non-Member,2024-11-13
7203,Fan_07203,Male,35-44,UK,Liverpool,Red Member,2023-08-24
7204,Fan_07204,Male,Under 18,China,International City,Red Member,2020-12-16
7205,Fan_07205,Non-binary,55+,USA,International City,Full Member,2022-07-05
7206,Fan_07206,Male,18-24,UK,London,Junior Member,2022-03-26
7207,Fan_07207,Female,25-34,UK,Liverpool,Junior Member,2023-01-16
7208,Fan_07208,Non-binary,25-34,UK,London,Red Member,2022-10-07
7209,Fan_07209,Non-binary,45-54,UK,Liverpool,Non-Member,2022-03-25
7210,Fan_07210,Non-binary,55+,Egypt,International City,Non-Member,2022-05-22
7211,Fan_07211,Female,25-34,UK,Liverpool,Red Member,2023-05-02
7212,Fan_07212,Female,35-44,UK,London,Non-Member,2021-07-02
7213,Fan_07213,Non-binary,45-54,China,International City,Red Member,2022-10-21
7214,Fan_07214,Male,45-54,China,International City,Full Member,2022-07-31
7215,Fan_07215,Male,55+,UK,London,Non-Member,2023-03-04
7216,Fan_07216,Female,45-54,USA,International City,Red Member,2023-10-02
7217,Fan_07217,Male,25-34,UK,London,Non-Member,2023-03-16
7218,Fan_07218,Non-binary,18-24,UK,London,Full Member,2024-01-22
7219,Fan_07219,Female,18-24,China,International City,Non-Member,2021-04-09
7220,Fan_07220,Male,45-54,China,International City,Red Member,2024-09-19
7221,Fan_07221,Non-binary,55+,UK,Liverpool,Non-Member,2024-03-24
7222,Fan_07222,Non-binary,25-34,Norway,International City,Red Member,2020-11-26
7223,Fan_07223,Male,25-34,Thailand,International City,Red Member,2023-07-17
7224,Fan_07224,Male,Under 18,UK,Liverpool,Red Member,2024-09-21
7225,Fan_07225,Non-binary,35-44,UK,Liverpool,Non-Member,2021-08-01
7226,Fan_07226,Male,Under 18,Thailand,International City,Red Member,2021-11-15
7227,Fan_07227,Female,55+,USA,International City,Non-Member,2024-06-09
7228,Fan_07228,Female,45-54,UK,Liverpool,Red Member,2024-08-20
7229,Fan_07229,Male,35-44,UK,Liverpool,Non-Member,2021-12-09
7230,Fan_07230,Male,45-54,Thailand,International City,Red Member,2021-05-01
7231,Fan_07231,Male,18-24,Australia,International City,Non-Member,2023-08-30
7232,Fan_07232,Female,55+,Thailand,International City,Red Member,2021-04-27
7233,Fan_07233,Non-binary,35-44,China,International City,Junior Member,2024-06-04
7234,Fan_07234,Female,18-24,USA,International City,Premium/Lounge,2021-06-12
7235,Fan_07235,Female,18-24,UK,London,Full Member,2021-12-02
7236,Fan_07236,Female,45-54,UK,Liverpool,Red Member,2020-12-03
7237,Fan_07237,Female,25-34,Thailand,International City,Red Member,2020-08-13
7238,Fan_07238,Non-binary,25-34,UK,Liverpool,Non-Member,2022-11-27
7239,Fan_07239,Non-binary,Under 18,Australia,International City,Non-Member,2023-06-10
7240,Fan_07240,Male,18-24,Thailand,International City,Non-Member,2022-12-29
7241,Fan_07241,Male,55+,Ireland,International City,Non-Member,2020-09-13
7242,Fan_07242,Female,Under 18,UK,Liverpool,Full Member,2020-03-03
7243,Fan_07243,Male,45-54,China,International City,Non-Member,2020-01-20
7244,Fan_07244,Male,35-44,Thailand,International City,Junior Member,2021-12-26
7245,Fan_07245,Male,35-44,Norway,International City,Red Member,2020-09-18
7246,Fan_07246,Female,35-44,UK,Liverpool,Junior Member,2024-05-14
7247,Fan_07247,Male,18-24,Australia,International City,Red Member,2021-06-19
7248,Fan_07248,Male,Under 18,Thailand,International City,Non-Member,2022-04-24
7249,Fan_07249,Male,Under 18,Thailand,International City,Full Member,2024-04-06
7250,Fan_07250,Female,55+,UK,Liverpool,Non-Member,2020-07-24
7251,Fan_07251,Female,18-24,Australia,International City,Red Member,2021-05-10
7252,Fan_07252,Male,35-44,UK,Liverpool,Non-Member,2024-08-05
7253,Fan_07253,Male,25-34,UK,London,Red Member,2024-11-09
7254,Fan_07254,Male,Under 18,UK,Liverpool,Full Member,2020-05-14
7255,Fan_07255,Female,18-24,Egypt,International City,Full Member,2024-06-20
7256,Fan_07256,Female,45-54,UK,London,Red Member,2024-02-18
7257,Fan_07257,Female,18-24,UK,Liverpool,Non-Member,2023-03-24
7258,Fan_07258,Non-binary,18-24,Egypt,International City,Premium/Lounge,2023-08-18
7259,Fan_07259,Female,45-54,China,International City,Red Member,2023-11-02
7260,Fan_07260,Non-binary,35-44,USA,International City,Red Member,2024-06-20
7261,Fan_07261,Male,45-54,UK,Liverpool,Non-Member,2024-06-05
7262,Fan_07262,Male,55+,UK,London,Non-Member,2022-08-10
7263,Fan_07263,Male,35-44,China,International City,Red Member,2020-01-22
7264,Fan_07264,Male,45-54,UK,Liverpool,Full Member,2020-02-02
7265,Fan_07265,Male,55+,Thailand,International City,Full Member,2020-04-23
7266,Fan_07266,Female,35-44,USA,International City,Red Member,2020-05-18
7267,Fan_07267,Female,25-34,Ireland,International City,Non-Member,2022-07-13
7268,Fan_07268,Female,18-24,Norway,International City,Junior Member,2023-12-16
7269,Fan_07269,Non-binary,Under 18,UK,London,Junior Member,2021-08-04
7270,Fan_07270,Male,35-44,UK,Liverpool,Full Member,2022-10-06
7271,Fan_07271,Male,55+,Thailand,International City,Junior Member,2024-03-15
7272,Fan_07272,Female,25-34,UK,Liverpool,Non-Member,2023-03-15
7273,Fan_07273,Female,18-24,UK,Liverpool,Junior Member,2023-03-22
7274,Fan_07274,Non-binary,Under 18,USA,International City,Non-Member,2021-10-16
7275,Fan_07275,Non-binary,45-54,UK,Liverpool,Non-Member,2024-06-08
7276,Fan_07276,Female,18-24,Australia,International City,Red Member,2022-08-18
7277,Fan_07277,Non-binary,18-24,Egypt,International City,Red Member,2022-07-24
7278,Fan_07278,Non-binary,Under 18,UK,London,Non-Member,2021-05-19
7279,Fan_07279,Male,25-34,UK,Liverpool,Red Member,2021-05-24
7280,Fan_07280,Non-binary,18-24,Ireland,International City,Non-Member,2021-01-05
7281,Fan_07281,Male,18-24,UK,Liverpool,Non-Member,2021-08-23
7282,Fan_07282,Female,25-34,China,International City,Non-Member,2023-07-21
7283,Fan_07283,Non-binary,25-34,Egypt,International City,Non-Member,2024-01-03
7284,Fan_07284,Male,Under 18,USA,International City,Non-Member,2021-04-16
7285,Fan_07285,Male,35-44,UK,London,Non-Member,2020-09-14
7286,Fan_07286,Female,Under 18,UK,Liverpool,Non-Member,2022-09-25
7287,Fan_07287,Male,25-34,China,International City,Red Member,2021-10-26
7288,Fan_07288,Female,Under 18,Egypt,International City,Full Member,2021-06-30
7289,Fan_07289,Non-binary,Under 18,Ireland,International City,Non-Member,2020-11-07
7290,Fan_07290,Non-binary,55+,UK,Liverpool,Non-Member,2021-11-29
7291,Fan_07291,Female,Under 18,USA,International City,Non-Member,2023-04-30
7292,Fan_07292,Male,25-34,Thailand,International City,Red Member,2024-10-18
7293,Fan_07293,Male,45-54,UK,London,Non-Member,2022-09-22
7294,Fan_07294,Non-binary,Under 18,China,International City,Full Member,2020-07-05
7295,Fan_07295,Non-binary,25-34,UK,Liverpool,Non-Member,2021-12-16
7296,Fan_07296,Non-binary,18-24,China,International City,Junior Member,2023-11-11
7297,Fan_07297,Female,Under 18,UK,Liverpool,Full Member,2023-12-31
7298,Fan_07298,Male,25-34,Norway,International City,Junior Member,2022-10-15
7299,Fan_07299,Female,25-34,China,International City,Red Member,2020-09-05
7300,Fan_07300,Female,18-24,USA,International City,Non-Member,2022-11-20
7301,Fan_07301,Non-binary,18-24,Ireland,International City,Non-Member,2022-04-18
7302,Fan_07302,Female,Under 18,UK,London,Premium/Lounge,2022-04-20
7303,Fan_07303,Male,55+,UK,Liverpool,Junior Member,2024-11-22
7304,Fan_07304,Non-binary,25-34,Egypt,International City,Junior Member,2022-06-04
7305,Fan_07305,Male,Under 18,UK,London,Red Member,2022-06-11
7306,Fan_07306,Female,18-24,UK,London,Non-Member,2021-10-05
7307,Fan_07307,Non-binary,55+,Thailand,International City,Red Member,2022-10-22
7308,Fan_07308,Female,45-54,UK,Liverpool,Red Member,2022-08-01
7309,Fan_07309,Non-binary,18-24,UK,London,Junior Member,2022-05-15
7310,Fan_07310,Non-binary,Under 18,UK,Liverpool,Premium/Lounge,2024-04-16
7311,Fan_07311,Male,Under 18,Thailand,International City,Non-Member,2020-06-10
7312,Fan_07312,Female,55+,UK,Liverpool,Non-Member,2024-10-05
7313,Fan_07313,Non-binary,18-24,UK,Liverpool,Red Member,2024-08-29
7314,Fan_07314,Non-binary,45-54,Egypt,International City,Full Member,2020-07-20
7315,Fan_07315,Non-binary,18-24,Egypt,International City,Non-Member,2021-07-29
7316,Fan_07316,Non-binary,Under 18,USA,International City,Red Member,2021-05-12
7317,Fan_07317,Non-binary,Under 18,Egypt,International City,Red Member,2022-11-06
7318,Fan_07318,Non-binary,45-54,Norway,International City,Junior Member,2021-12-22
7319,Fan_07319,Non-binary,25-34,UK,Liverpool,Red Member,2023-05-05
7320,Fan_07320,Non-binary,Under 18,UK,Liverpool,Full Member,2023-04-25
7321,Fan_07321,Female,45-54,UK,London,Red Member,2024-04-02
7322,Fan_07322,Male,45-54,UK,London,Non-Member,2020-01-25
7323,Fan_07323,Male,55+,Norway,International City,Red Member,2020-11-16
7324,Fan_07324,Non-binary,Under 18,UK,Liverpool,Junior Member,2023-10-01
7325,Fan_07325,Non-binary,18-24,UK,Liverpool,Red Member,2021-03-07
7326,Fan_07326,Male,35-44,UK,Liverpool,Red Member,2021-04-02
7327,Fan_07327,Non-binary,55+,China,International City,Premium/Lounge,2020-02-28
7328,Fan_07328,Male,Under 18,Egypt,International City,Premium/Lounge,2022-03-30
7329,Fan_07329,Female,45-54,Thailand,International City,Premium/Lounge,2023-05-10
7330,Fan_07330,Non-binary,45-54,Thailand,International City,Red Member,2020-07-30
7331,Fan_07331,Female,25-34,Ireland,International City,Non-Member,2023-05-29
7332,Fan_07332,Male,35-44,Egypt,International City,Red Member,2020-06-11
7333,Fan_07333,Female,45-54,UK,London,Non-Member,2022-06-09
7334,Fan_07334,Non-binary,35-44,UK,Liverpool,Red Member,2022-02-02
7335,Fan_07335,Female,35-44,UK,Liverpool,Non-Member,2020-06-21
7336,Fan_07336,Female,25-34,USA,International City,Red Member,2020-04-03
7337,Fan_07337,Female,35-44,UK,Liverpool,Non-Member,2021-09-13
7338,Fan_07338,Male,45-54,UK,Liverpool,Non-Member,2023-07-05
7339,Fan_07339,Female,18-24,Ireland,International City,Full Member,2020-10-27
7340,Fan_07340,Male,25-34,UK,Liverpool,Red Member,2024-09-05
7341,Fan_07341,Male,18-24,UK,Liverpool,Premium/Lounge,2022-08-19
7342,Fan_07342,Female,35-44,China,International City,Non-Member,2020-02-07
7343,Fan_07343,Male,Under 18,Australia,International City,Red Member,2022-10-11
7344,Fan_07344,Non-binary,35-44,Australia,International City,Non-Member,2023-04-27
7345,Fan_07345,Male,25-34,UK,Liverpool,Non-Member,2023-01-26
7346,Fan_07346,Non-binary,18-24,Norway,International City,Non-Member,2024-10-11
7347,Fan_07347,Non-binary,Under 18,UK,London,Non-Member,2022-02-06
7348,Fan_07348,Male,55+,UK,London,Non-Member,2021-12-01
7349,Fan_07349,Male,45-54,UK,Liverpool,Premium/Lounge,2024-01-14
7350,Fan_07350,Non-binary,45-54,UK,Liverpool,Non-Member,2023-03-09
7351,Fan_07351,Female,55+,Norway,International City,Red Member,2021-04-30
7352,Fan_07352,Non-binary,35-44,Egypt,International City,Non-Member,2021-09-26
7353,Fan_07353,Male,Under 18,UK,London,Non-Member,2024-06-22
7354,Fan_07354,Female,18-24,China,International City,Red Member,2021-03-26
7355,Fan_07355,Non-binary,Under 18,China,International City,Non-Member,2020-03-02
7356,Fan_07356,Male,25-34,Thailand,International City,Non-Member,2021-10-02
7357,Fan_07357,Non-binary,18-24,UK,Liverpool,Non-Member,2022-10-04
7358,Fan_07358,Non-binary,25-34,Australia,International City,Non-Member,2022-06-15
7359,Fan_07359,Non-binary,55+,Egypt,International City,Red Member,2021-10-05
7360,Fan_07360,Female,18-24,UK,Liverpool,Red Member,2023-06-22
7361,Fan_07361,Non-binary,18-24,Norway,International City,Red Member,2020-07-23
7362,Fan_07362,Non-binary,35-44,Egypt,International City,Non-Member,2020-10-24
7363,Fan_07363,Female,55+,UK,London,Red Member,2020-04-24
7364,Fan_07364,Male,Under 18,UK,London,Non-Member,2021-04-04
7365,Fan_07365,Female,55+,UK,London,Red Member,2022-07-13
7366,Fan_07366,Male,55+,UK,London,Red Member,2022-11-28
7367,Fan_07367,Non-binary,Under 18,Egypt,International City,Non-Member,2020-07-28
7368,Fan_07368,Non-binary,18-24,Egypt,International City,Premium/Lounge,2024-10-31
7369,Fan_07369,Male,25-34,Norway,International City,Non-Member,2022-04-25
7370,Fan_07370,Female,Under 18,USA,International City,Junior Member,2023-01-15
7371,Fan_07371,Male,45-54,UK,Liverpool,Non-Member,2022-09-26
7372,Fan_07372,Non-binary,25-34,Egypt,International City,Premium/Lounge,2021-07-18
7373,Fan_07373,Non-binary,45-54,Norway,International City,Non-Member,2023-04-10
7374,Fan_07374,Female,18-24,Egypt,International City,Red Member,2020-06-18
7375,Fan_07375,Female,45-54,UK,London,Red Member,2024-08-25
7376,Fan_07376,Female,25-34,Egypt,International City,Non-Member,2020-11-14
7377,Fan_07377,Female,55+,UK,London,Full Member,2020-11-01
7378,Fan_07378,Female,18-24,UK,Liverpool,Junior Member,2020-05-24
7379,Fan_07379,Male,35-44,UK,Liverpool,Non-Member,2021-09-06
7380,Fan_07380,Male,Under 18,UK,London,Red Member,2020-03-05
7381,Fan_07381,Male,35-44,Australia,International City,Junior Member,2022-02-18
7382,Fan_07382,Non-binary,Under 18,Ireland,International City,Non-Member,2024-06-01
7383,Fan_07383,Male,55+,UK,Liverpool,Full Member,2022-04-17
7384,Fan_07384,Male,25-34,UK,London,Red Member,2024-05-21
7385,Fan_07385,Non-binary,55+,UK,Liverpool,Non-Member,2024-08-28
7386,Fan_07386,Non-binary,18-24,UK,Liverpool,Junior Member,2021-10-07
7387,Fan_07387,Non-binary,45-54,UK,Liverpool,Non-Member,2021-09-14
7388,Fan_07388,Female,35-44,China,International City,Full Member,2023-02-04
7389,Fan_07389,Male,25-34,Australia,International City,Non-Member,2020-04-02
7390,Fan_07390,Female,Under 18,UK,London,Non-Member,2024-03-27
7391,Fan_07391,Male,45-54,UK,Liverpool,Full Member,2020-07-31
7392,Fan_07392,Female,Under 18,UK,London,Junior Member,2023-12-12
7393,Fan_07393,Non-binary,Under 18,UK,London,Red Member,2024-11-24
7394,Fan_07394,Non-binary,Under 18,Thailand,International City,Non-Member,2021-09-30
7395,Fan_07395,Male,45-54,USA,International City,Red Member,2022-04-28
7396,Fan_07396,Female,Under 18,UK,Liverpool,Red Member,2022-07-17
7397,Fan_07397,Non-binary,35-44,UK,London,Red Member,2021-03-11
7398,Fan_07398,Male,25-34,UK,London,Red Member,2024-04-11
7399,Fan_07399,Female,18-24,UK,London,Premium/Lounge,2020-11-08
7400,Fan_07400,Female,55+,USA,International City,Red Member,2023-05-13
7401,Fan_07401,Female,55+,UK,Liverpool,Non-Member,2020-02-25
7402,Fan_07402,Female,25-34,UK,London,Non-Member,2023-06-20
7403,Fan_07403,Non-binary,45-54,Ireland,International City,Red Member,2022-07-10
7404,Fan_07404,Male,18-24,UK,Liverpool,Full Member,2020-08-06
7405,Fan_07405,Male,35-44,China,International City,Premium/Lounge,2023-06-13
7406,Fan_07406,Non-binary,35-44,UK,London,Non-Member,2020-05-25
7407,Fan_07407,Male,18-24,UK,Liverpool,Non-Member,2022-05-23
7408,Fan_07408,Female,25-34,China,International City,Non-Member,2020-05-13
7409,Fan_07409,Non-binary,45-54,Australia,International City,Non-Member,2021-12-13
7410,Fan_07410,Female,18-24,Norway,International City,Non-Member,2023-11-04
7411,Fan_07411,Non-binary,45-54,UK,London,Red Member,2023-08-11
7412,Fan_07412,Male,18-24,UK,London,Red Member,2021-04-07
7413,Fan_07413,Male,35-44,USA,International City,Non-Member,2020-02-13
7414,Fan_07414,Female,45-54,UK,London,Red Member,2022-08-08
7415,Fan_07415,Female,45-54,Thailand,International City,Red Member,2024-05-05
7416,Fan_07416,Non-binary,45-54,Ireland,International City,Red Member,2023-04-25
7417,Fan_07417,Non-binary,Under 18,UK,Liverpool,Red Member,2020-01-25
7418,Fan_07418,Male,35-44,Ireland,International City,Non-Member,2020-02-21
7419,Fan_07419,Female,35-44,UK,Liverpool,Non-Member,2024-03-23
7420,Fan_07420,Male,55+,UK,Liverpool,Red Member,2021-10-03
7421,Fan_07421,Female,45-54,Thailand,International City,Non-Member,2024-07-14
7422,Fan_07422,Male,35-44,UK,Liverpool,Red Member,2020-07-30
7423,Fan_07423,Male,35-44,UK,Liverpool,Non-Member,2023-03-21
7424,Fan_07424,Female,Under 18,China,International City,Non-Member,2021-07-23
7425,Fan_07425,Male,18-24,Thailand,International City,Non-Member,2021-07-02
7426,Fan_07426,Female,25-34,UK,London,Full Member,2022-05-16
7427,Fan_07427,Female,18-24,USA,International City,Non-Member,2021-04-22
7428,Fan_07428,Non-binary,45-54,Australia,International City,Non-Member,2023-09-21
7429,Fan_07429,Non-binary,35-44,Egypt,International City,Junior Member,2021-12-02
7430,Fan_07430,Male,45-54,UK,Liverpool,Non-Member,2022-09-10
7431,Fan_07431,Non-binary,Under 18,China,International City,Non-Member,2024-01-28
7432,Fan_07432,Male,Under 18,UK,London,Non-Member,2023-06-18
7433,Fan_07433,Non-binary,45-54,Australia,International City,Non-Member,2022-02-26
7434,Fan_07434,Female,25-34,Ireland,International City,Non-Member,2024-01-13
7435,Fan_07435,Non-binary,45-54,UK,Liverpool,Red Member,2023-08-19
7436,Fan_07436,Male,Under 18,USA,International City,Red Member,2021-03-19
7437,Fan_07437,Female,35-44,Egypt,International City,Junior Member,2020-11-12
7438,Fan_07438,Non-binary,55+,UK,Liverpool,Non-Member,2021-02-05
7439,Fan_07439,Non-binary,25-34,China,International City,Red Member,2022-02-09
7440,Fan_07440,Male,45-54,UK,Liverpool,Non-Member,2024-11-08
7441,Fan_07441,Non-binary,35-44,Norway,International City,Full Member,2022-07-17
7442,Fan_07442,Male,25-34,Ireland,International City,Junior Member,2020-06-09
7443,Fan_07443,Male,Under 18,UK,London,Premium/Lounge,2022-09-13
7444,Fan_07444,Female,35-44,Thailand,International City,Non-Member,2022-05-31
7445,Fan_07445,Non-binary,55+,UK,London,Non-Member,2022-09-05
7446,Fan_07446,Female,45-54,UK,Liverpool,Non-Member,2020-08-30
7447,Fan_07447,Male,35-44,China,International City,Non-Member,2021-11-25
7448,Fan_07448,Non-binary,45-54,UK,London,Full Member,2021-01-19
7449,Fan_07449,Female,25-34,UK,Liverpool,Red Member,2021-03-03
7450,Fan_07450,Non-binary,55+,Thailand,International City,Full Member,2022-07-06
7451,Fan_07451,Female,55+,UK,London,Full Member,2023-08-15
7452,Fan_07452,Male,18-24,UK,London,Full Member,2024-01-09
7453,Fan_07453,Male,35-44,UK,London,Junior Member,2024-09-16
7454,Fan_07454,Female,35-44,UK,Liverpool,Premium/Lounge,2023-04-09
7455,Fan_07455,Male,45-54,UK,London,Full Member,2020-04-22
7456,Fan_07456,Male,35-44,UK,London,Non-Member,2020-01-15
7457,Fan_07457,Male,55+,UK,Liverpool,Premium/Lounge,2024-03-15
7458,Fan_07458,Female,35-44,UK,London,Non-Member,2022-04-30
7459,Fan_07459,Female,18-24,UK,Liverpool,Full Member,2021-06-12
7460,Fan_07460,Non-binary,45-54,UK,Liverpool,Full Member,2022-11-19
7461,Fan_07461,Male,18-24,UK,London,Non-Member,2020-04-06
7462,Fan_07462,Non-binary,45-54,Australia,International City,Red Member,2020-10-13
7463,Fan_07463,Male,45-54,Ireland,International City,Non-Member,2023-09-25
7464,Fan_07464,Non-binary,Under 18,UK,Liverpool,Premium/Lounge,2023-10-25
7465,Fan_07465,Non-binary,45-54,Australia,International City,Red Member,2022-09-06
7466,Fan_07466,Male,Under 18,UK,London,Non-Member,2021-06-24
7467,Fan_07467,Female,45-54,Australia,International City,Non-Member,2022-10-08
7468,Fan_07468,Female,55+,Australia,International City,Non-Member,2023-07-10
7469,Fan_07469,Female,25-34,USA,International City,Junior Member,2022-05-08
7470,Fan_07470,Male,Under 18,UK,Liverpool,Premium/Lounge,2022-12-22
7471,Fan_07471,Male,18-24,Egypt,International City,Non-Member,2022-04-21
7472,Fan_07472,Non-binary,55+,UK,Liverpool,Red Member,2024-08-10
7473,Fan_07473,Female,Under 18,UK,London,Full Member,2023-07-13
7474,Fan_07474,Non-binary,18-24,Ireland,International City,Non-Member,2020-11-14
7475,Fan_07475,Male,55+,UK,Liverpool,Full Member,2022-06-12
7476,Fan_07476,Male,35-44,Thailand,International City,Red Member,2021-01-22
7477,Fan_07477,Non-binary,45-54,UK,Liverpool,Non-Member,2022-04-27
7478,Fan_07478,Female,25-34,USA,International City,Non-Member,2024-09-09
7479,Fan_07479,Non-binary,55+,UK,London,Non-Member,2023-12-31
7480,Fan_07480,Non-binary,18-24,Thailand,International City,Full Member,2021-01-02
7481,Fan_07481,Non-binary,18-24,UK,London,Full Member,2024-07-06
7482,Fan_07482,Female,Under 18,USA,International City,Non-Member,2022-02-18
7483,Fan_07483,Male,35-44,Thailand,International City,Full Member,2021-06-16
7484,Fan_07484,Non-binary,45-54,Thailand,International City,Red Member,2024-09-27
7485,Fan_07485,Female,18-24,UK,Liverpool,Full Member,2022-04-28
7486,Fan_07486,Female,25-34,China,International City,Non-Member,2023-11-01
7487,Fan_07487,Female,18-24,Egypt,International City,Premium/Lounge,2023-07-13
7488,Fan_07488,Non-binary,55+,USA,International City,Red Member,2022-06-09
7489,Fan_07489,Male,Under 18,Norway,International City,Non-Member,2021-09-25
7490,Fan_07490,Female,25-34,UK,London,Non-Member,2023-05-24
7491,Fan_07491,Non-binary,Under 18,China,International City,Red Member,2023-02-24
7492,Fan_07492,Female,Under 18,Norway,International City,Red Member,2021-10-11
7493,Fan_07493,Female,45-54,Australia,International City,Junior Member,2023-09-13
7494,Fan_07494,Male,55+,Australia,International City,Red Member,2023-12-01
7495,Fan_07495,Non-binary,35-44,UK,Liverpool,Full Member,2020-04-16
7496,Fan_07496,Non-binary,Under 18,UK,Liverpool,Junior Member,2020-11-07
7497,Fan_07497,Female,35-44,UK,Liverpool,Non-Member,2022-08-16
7498,Fan_07498,Male,55+,UK,London,Red Member,2022-03-20
7499,Fan_07499,Male,18-24,China,International City,Non-Member,2021-01-24
7500,Fan_07500,Male,45-54,UK,Liverpool,Non-Member,2020-12-24
7501,Fan_07501,Female,25-34,Thailand,International City,Full Member,2023-06-22
7502,Fan_07502,Non-binary,35-44,Thailand,International City,Red Member,2024-04-25
7503,Fan_07503,Non-binary,18-24,UK,Liverpool,Full Member,2024-08-28
7504,Fan_07504,Non-binary,25-34,UK,Liverpool,Premium/Lounge,2021-12-10
7505,Fan_07505,Non-binary,18-24,UK,Liverpool,Non-Member,2024-01-14
7506,Fan_07506,Female,55+,USA,International City,Non-Member,2020-05-30
7507,Fan_07507,Male,35-44,UK,Liverpool,Red Member,2020-01-25
7508,Fan_07508,Female,18-24,UK,Liverpool,Red Member,2022-03-15
7509,Fan_07509,Female,35-44,Ireland,International City,Non-Member,2020-07-30
7510,Fan_07510,Non-binary,25-34,UK,London,Junior Member,2024-10-07
7511,Fan_07511,Male,Under 18,UK,London,Red Member,2020-03-28
7512,Fan_07512,Male,Under 18,UK,London,Premium/Lounge,2022-11-06
7513,Fan_07513,Male,45-54,Australia,International City,Non-Member,2023-07-10
7514,Fan_07514,Non-binary,18-24,UK,Liverpool,Red Member,2022-08-13
7515,Fan_07515,Male,Under 18,UK,Liverpool,Non-Member,2022-08-24
7516,Fan_07516,Non-binary,45-54,Australia,International City,Red Member,2021-02-19
7517,Fan_07517,Female,18-24,UK,London,Junior Member,2022-05-24
7518,Fan_07518,Female,45-54,UK,Liverpool,Red Member,2020-11-01
7519,Fan_07519,Male,Under 18,UK,London,Non-Member,2023-06-17
7520,Fan_07520,Male,45-54,USA,International City,Non-Member,2020-10-09
7521,Fan_07521,Female,25-34,Egypt,International City,Junior Member,2020-05-22
7522,Fan_07522,Non-binary,55+,USA,International City,Non-Member,2022-09-30
7523,Fan_07523,Non-binary,35-44,Thailand,International City,Premium/Lounge,2021-03-04
7524,Fan_07524,Female,25-34,Ireland,International City,Non-Member,2020-11-17
7525,Fan_07525,Non-binary,55+,Thailand,International City,Red Member,2021-12-24
7526,Fan_07526,Non-binary,Under 18,UK,London,Non-Member,2022-01-14
7527,Fan_07527,Male,45-54,UK,London,Non-Member,2023-11-11
7528,Fan_07528,Female,55+,Egypt,International City,Non-Member,2020-09-20
7529,Fan_07529,Male,18-24,USA,International City,Junior Member,2020-04-07
7530,Fan_07530,Male,35-44,UK,London,Non-Member,2020-09-21
7531,Fan_07531,Male,55+,UK,London,Full Member,2022-12-19
7532,Fan_07532,Male,55+,UK,London,Non-Member,2023-10-30
7533,Fan_07533,Non-binary,25-34,UK,Liverpool,Non-Member,2022-07-24
7534,Fan_07534,Non-binary,Under 18,UK,Liverpool,Red Member,2024-04-20
7535,Fan_07535,Male,45-54,Thailand,International City,Non-Member,2024-11-05
7536,Fan_07536,Male,35-44,Thailand,International City,Junior Member,2022-03-22
7537,Fan_07537,Female,45-54,UK,London,Red Member,2024-09-08
7538,Fan_07538,Female,55+,Egypt,International City,Junior Member,2021-09-17
7539,Fan_07539,Male,25-34,UK,London,Red Member,2021-07-24
7540,Fan_07540,Male,35-44,UK,London,Non-Member,2022-06-11
7541,Fan_07541,Female,45-54,USA,International City,Red Member,2020-01-09
7542,Fan_07542,Female,25-34,UK,Liverpool,Junior Member,2021-11-09
7543,Fan_07543,Male,Under 18,Egypt,International City,Red Member,2024-02-01
7544,Fan_07544,Male,35-44,Ireland,International City,Red Member,2021-09-05
7545,Fan_07545,Female,55+,UK,Liverpool,Non-Member,2022-11-22
7546,Fan_07546,Female,Under 18,UK,Liverpool,Non-Member,2022-01-04
7547,Fan_07547,Male,55+,UK,London,Full Member,2024-07-08
7548,Fan_07548,Non-binary,45-54,USA,International City,Junior Member,2022-05-01
7549,Fan_07549,Male,Under 18,UK,Liverpool,Red Member,2024-09-09
7550,Fan_07550,Female,18-24,UK,Liverpool,Junior Member,2021-05-15
7551,Fan_07551,Male,18-24,Australia,International City,Full Member,2024-06-12
7552,Fan_07552,Male,25-34,Egypt,International City,Red Member,2024-09-11
7553,Fan_07553,Male,35-44,Egypt,International City,Full Member,2022-06-30
7554,Fan_07554,Female,18-24,Ireland,International City,Red Member,2021-07-09
7555,Fan_07555,Male,55+,China,International City,Junior Member,2021-09-18
7556,Fan_07556,Female,18-24,Norway,International City,Red Member,2024-03-08
7557,Fan_07557,Male,45-54,Australia,International City,Red Member,2020-04-05
7558,Fan_07558,Male,Under 18,China,International City,Non-Member,2021-11-06
7559,Fan_07559,Male,25-34,China,International City,Red Member,2022-11-03
7560,Fan_07560,Female,18-24,Australia,International City,Red Member,2022-07-01
7561,Fan_07561,Non-binary,45-54,China,International City,Red Member,2020-12-28
7562,Fan_07562,Male,18-24,USA,International City,Non-Member,2022-06-30
7563,Fan_07563,Male,18-24,UK,Liverpool,Non-Member,2021-06-05
7564,Fan_07564,Non-binary,45-54,UK,Liverpool,Non-Member,2023-12-18
7565,Fan_07565,Non-binary,35-44,China,International City,Non-Member,2024-09-09
7566,Fan_07566,Female,Under 18,Egypt,International City,Non-Member,2024-08-20
7567,Fan_07567,Male,25-34,UK,London,Junior Member,2021-11-03
7568,Fan_07568,Female,55+,Australia,International City,Junior Member,2022-01-16
7569,Fan_07569,Male,Under 18,Thailand,International City,Red Member,2024-02-17
7570,Fan_07570,Female,25-34,UK,Liverpool,Red Member,2022-10-12
7571,Fan_07571,Non-binary,Under 18,Thailand,International City,Non-Member,2023-10-25
7572,Fan_07572,Non-binary,45-54,UK,Liverpool,Non-Member,2020-02-07
7573,Fan_07573,Female,25-34,China,International City,Red Member,2022-04-23
7574,Fan_07574,Female,25-34,UK,Liverpool,Premium/Lounge,2024-11-12
7575,Fan_07575,Male,Under 18,Australia,International City,Red Member,2020-01-02
7576,Fan_07576,Non-binary,25-34,Egypt,International City,Red Member,2023-03-14
7577,Fan_07577,Male,Under 18,USA,International City,Red Member,2023-09-12
7578,Fan_07578,Male,18-24,UK,London,Red Member,2023-12-23
7579,Fan_07579,Non-binary,35-44,Egypt,International City,Non-Member,2020-01-16
7580,Fan_07580,Male,25-34,Egypt,International City,Red Member,2022-06-05
7581,Fan_07581,Non-binary,Under 18,Australia,International City,Non-Member,2023-10-07
7582,Fan_07582,Non-binary,45-54,Norway,International City,Red Member,2023-04-16
7583,Fan_07583,Non-binary,18-24,Thailand,International City,Non-Member,2023-11-07
7584,Fan_07584,Female,35-44,Norway,International City,Non-Member,2024-02-25
7585,Fan_07585,Non-binary,45-54,UK,Liverpool,Full Member,2024-03-26
7586,Fan_07586,Female,45-54,Ireland,International City,Full Member,2020-09-16
7587,Fan_07587,Male,55+,USA,International City,Red Member,2023-11-26
7588,Fan_07588,Male,18-24,USA,International City,Non-Member,2022-12-02
7589,Fan_07589,Female,55+,Australia,International City,Red Member,2022-11-29
7590,Fan_07590,Female,18-24,Australia,International City,Red Member,2022-01-18
7591,Fan_07591,Non-binary,45-54,China,International City,Full Member,2022-11-14
7592,Fan_07592,Non-binary,55+,USA,International City,Non-Member,2023-01-23
7593,Fan_07593,Female,18-24,China,International City,Full Member,2022-08-15
7594,Fan_07594,Non-binary,18-24,USA,International City,Non-Member,2023-12-28
7595,Fan_07595,Male,55+,Egypt,International City,Non-Member,2022-08-21
7596,Fan_07596,Female,45-54,UK,Liverpool,Full Member,2023-06-06
7597,Fan_07597,Non-binary,25-34,China,International City,Non-Member,2021-10-02
7598,Fan_07598,Non-binary,55+,USA,International City,Full Member,2021-06-01
7599,Fan_07599,Male,35-44,UK,London,Red Member,2023-04-05
7600,Fan_07600,Male,35-44,UK,Liverpool,Full Member,2024-04-28
7601,Fan_07601,Male,25-34,UK,London,Premium/Lounge,2022-07-14
7602,Fan_07602,Male,55+,UK,Liverpool,Red Member,2020-03-04
7603,Fan_07603,Female,18-24,China,International City,Red Member,2023-04-02
7604,Fan_07604,Non-binary,18-24,Ireland,International City,Full Member,2022-11-22
7605,Fan_07605,Non-binary,55+,UK,Liverpool,Full Member,2024-02-26
7606,Fan_07606,Non-binary,55+,UK,Liverpool,Full Member,2022-05-28
7607,Fan_07607,Female,35-44,UK,Liverpool,Red Member,2024-03-28
7608,Fan_07608,Female,25-34,UK,Liverpool,Red Member,2023-09-25
7609,Fan_07609,Male,35-44,Egypt,International City,Red Member,2022-12-13
7610,Fan_07610,Male,25-34,UK,Liverpool,Junior Member,2020-03-20
7611,Fan_07611,Non-binary,18-24,Norway,International City,Non-Member,2022-06-25
7612,Fan_07612,Non-binary,Under 18,Ireland,International City,Junior Member,2024-09-16
7613,Fan_07613,Female,35-44,USA,International City,Non-Member,2023-11-06
7614,Fan_07614,Male,25-34,Ireland,International City,Full Member,2020-02-22
7615,Fan_07615,Non-binary,Under 18,Ireland,International City,Red Member,2022-11-06
7616,Fan_07616,Male,35-44,Egypt,International City,Full Member,2020-11-16
7617,Fan_07617,Non-binary,55+,UK,London,Red Member,2021-10-20
7618,Fan_07618,Male,35-44,UK,London,Full Member,2023-04-18
7619,Fan_07619,Female,18-24,Thailand,International City,Full Member,2021-11-13
7620,Fan_07620,Male,55+,Australia,International City,Non-Member,2021-04-04
7621,Fan_07621,Male,55+,UK,Liverpool,Red Member,2021-10-07
7622,Fan_07622,Male,25-34,UK,London,Junior Member,2023-10-06
7623,Fan_07623,Female,Under 18,China,International City,Non-Member,2023-06-30
7624,Fan_07624,Male,25-34,USA,International City,Full Member,2023-11-14
7625,Fan_07625,Male,18-24,UK,London,Non-Member,2022-09-14
7626,Fan_07626,Male,25-34,Norway,International City,Red Member,2024-06-10
7627,Fan_07627,Female,Under 18,Thailand,International City,Full Member,2021-05-12
7628,Fan_07628,Female,25-34,China,International City,Red Member,2021-12-06
7629,Fan_07629,Female,Under 18,Australia,International City,Non-Member,2020-03-16
7630,Fan_07630,Female,25-34,UK,Liverpool,Non-Member,2021-02-02
7631,Fan_07631,Female,25-34,USA,International City,Red Member,2023-02-28
7632,Fan_07632,Female,Under 18,UK,Liverpool,Premium/Lounge,2020-11-23
7633,Fan_07633,Male,55+,UK,Liverpool,Full Member,2020-07-09
7634,Fan_07634,Male,35-44,Ireland,International City,Junior Member,2024-02-08
7635,Fan_07635,Male,35-44,China,International City,Red Member,2020-03-01
7636,Fan_07636,Non-binary,35-44,USA,International City,Non-Member,2020-11-11
7637,Fan_07637,Non-binary,55+,UK,Liverpool,Non-Member,2023-09-05
7638,Fan_07638,Non-binary,Under 18,China,International City,Red Member,2022-03-01
7639,Fan_07639,Non-binary,55+,UK,London,Red Member,2021-05-23
7640,Fan_07640,Male,25-34,Australia,International City,Red Member,2022-01-27
7641,Fan_07641,Female,45-54,UK,Liverpool,Red Member,2020-04-14
7642,Fan_07642,Male,55+,UK,Liverpool,Red Member,2022-05-27
7643,Fan_07643,Female,45-54,UK,Liverpool,Full Member,2024-06-30
7644,Fan_07644,Female,18-24,Australia,International City,Non-Member,2023-08-16
7645,Fan_07645,Male,45-54,UK,Liverpool,Junior Member,2023-05-15
7646,Fan_07646,Female,Under 18,UK,London,Non-Member,2022-11-30
7647,Fan_07647,Male,35-44,UK,Liverpool,Full Member,2022-02-11
7648,Fan_07648,Non-binary,18-24,China,International City,Red Member,2023-02-26
7649,Fan_07649,Non-binary,18-24,UK,London,Non-Member,2020-05-07
7650,Fan_07650,Female,25-34,Egypt,International City,Red Member,2023-10-17
7651,Fan_07651,Female,45-54,UK,Liverpool,Non-Member,2022-06-03
7652,Fan_07652,Female,Under 18,Ireland,International City,Junior Member,2020-05-17
7653,Fan_07653,Male,Under 18,UK,Liverpool,Non-Member,2021-02-28
7654,Fan_07654,Male,25-34,Thailand,International City,Non-Member,2023-06-06
7655,Fan_07655,Non-binary,35-44,UK,Liverpool,Non-Member,2020-08-22
7656,Fan_07656,Male,45-54,UK,London,Full Member,2021-01-31
7657,Fan_07657,Male,55+,Australia,International City,Non-Member,2023-04-19
7658,Fan_07658,Non-binary,Under 18,China,International City,Junior Member,2023-05-06
7659,Fan_07659,Female,55+,UK,Liverpool,Full Member,2020-10-27
7660,Fan_07660,Female,18-24,UK,London,Non-Member,2022-09-10
7661,Fan_07661,Female,Under 18,UK,London,Non-Member,2023-02-19
7662,Fan_07662,Non-binary,18-24,UK,Liverpool,Full Member,2022-08-06
7663,Fan_07663,Non-binary,25-34,USA,International City,Non-Member,2022-07-18
7664,Fan_07664,Male,25-34,China,International City,Non-Member,2023-06-24
7665,Fan_07665,Female,35-44,Egypt,International City,Junior Member,2023-01-13
7666,Fan_07666,Female,18-24,Egypt,International City,Full Member,2020-10-24
7667,Fan_07667,Male,18-24,UK,Liverpool,Junior Member,2023-09-14
7668,Fan_07668,Non-binary,55+,Egypt,International City,Premium/Lounge,2020-02-22
7669,Fan_07669,Male,35-44,UK,Liverpool,Full Member,2023-02-07
7670,Fan_07670,Female,35-44,UK,Liverpool,Junior Member,2022-05-08
7671,Fan_07671,Female,18-24,UK,Liverpool,Junior Member,2021-07-08
7672,Fan_07672,Female,Under 18,Norway,International City,Full Member,2022-05-03
7673,Fan_07673,Male,55+,Australia,International City,Red Member,2024-08-27
7674,Fan_07674,Non-binary,55+,UK,Liverpool,Non-Member,2024-07-30
7675,Fan_07675,Female,18-24,UK,London,Red Member,2023-01-31
7676,Fan_07676,Non-binary,25-34,USA,International City,Red Member,2022-10-10
7677,Fan_07677,Non-binary,25-34,Egypt,International City,Non-Member,2022-06-23
7678,Fan_07678,Non-binary,45-54,UK,Liverpool,Non-Member,2022-05-03
7679,Fan_07679,Female,Under 18,UK,Liverpool,Red Member,2020-06-25
7680,Fan_07680,Non-binary,45-54,UK,Liverpool,Full Member,2022-07-18
7681,Fan_07681,Male,35-44,UK,Liverpool,Red Member,2020-05-05
7682,Fan_07682,Male,45-54,Thailand,International City,Non-Member,2022-04-01
7683,Fan_07683,Non-binary,Under 18,Australia,International City,Junior Member,2023-08-11
7684,Fan_07684,Female,25-34,China,International City,Non-Member,2022-06-15
7685,Fan_07685,Male,35-44,UK,London,Non-Member,2023-08-14
7686,Fan_07686,Female,Under 18,Egypt,International City,Red Member,2022-03-03
7687,Fan_07687,Non-binary,35-44,China,International City,Red Member,2022-11-21
7688,Fan_07688,Male,55+,UK,Liverpool,Full Member,2022-04-02
7689,Fan_07689,Female,45-54,UK,London,Red Member,2023-07-26
7690,Fan_07690,Non-binary,45-54,UK,London,Non-Member,2020-09-09
7691,Fan_07691,Female,18-24,UK,Liverpool,Full Member,2023-11-03
7692,Fan_07692,Female,55+,UK,London,Junior Member,2021-07-07
7693,Fan_07693,Male,Under 18,UK,Liverpool,Full Member,2023-05-21
7694,Fan_07694,Non-binary,55+,UK,Liverpool,Non-Member,2023-02-13
7695,Fan_07695,Male,55+,UK,Liverpool,Non-Member,2022-08-23
7696,Fan_07696,Non-binary,55+,UK,Liverpool,Red Member,2022-09-22
7697,Fan_07697,Male,35-44,UK,London,Red Member,2023-08-21
7698,Fan_07698,Male,35-44,UK,Liverpool,Non-Member,2020-04-29
7699,Fan_07699,Female,45-54,UK,London,Full Member,2022-02-02
7700,Fan_07700,Female,45-54,China,International City,Red Member,2022-07-16
7701,Fan_07701,Male,55+,Australia,International City,Non-Member,2022-04-24
7702,Fan_07702,Female,Under 18,UK,Liverpool,Non-Member,2020-03-12
7703,Fan_07703,Male,Under 18,Thailand,International City,Junior Member,2022-08-18
7704,Fan_07704,Female,45-54,UK,Liverpool,Junior Member,2022-01-11
7705,Fan_07705,Male,25-34,UK,Liverpool,Non-Member,2020-10-31
7706,Fan_07706,Non-binary,35-44,UK,Liverpool,Non-Member,2023-11-06
7707,Fan_07707,Non-binary,18-24,China,International City,Junior Member,2023-10-30
7708,Fan_07708,Male,Under 18,Thailand,International City,Non-Member,2020-01-25
7709,Fan_07709,Male,45-54,Australia,International City,Red Member,2022-01-16
7710,Fan_07710,Non-binary,35-44,Thailand,International City,Non-Member,2023-08-20
7711,Fan_07711,Non-binary,55+,USA,International City,Full Member,2023-09-21
7712,Fan_07712,Non-binary,35-44,UK,Liverpool,Red Member,2023-05-03
7713,Fan_07713,Female,55+,China,International City,Non-Member,2021-06-05
7714,Fan_07714,Male,25-34,China,International City,Non-Member,2022-02-24
7715,Fan_07715,Non-binary,55+,Ireland,International City,Full Member,2024-04-12
7716,Fan_07716,Female,55+,China,International City,Full Member,2020-12-05
7717,Fan_07717,Female,25-34,UK,London,Non-Member,2021-12-16
7718,Fan_07718,Non-binary,18-24,China,International City,Red Member,2021-08-20
7719,Fan_07719,Non-binary,25-34,UK,Liverpool,Non-Member,2021-01-19
7720,Fan_07720,Non-binary,18-24,UK,Liverpool,Red Member,2024-06-04
7721,Fan_07721,Female,55+,USA,International City,Full Member,2024-04-28
7722,Fan_07722,Non-binary,35-44,Australia,International City,Red Member,2022-12-28
7723,Fan_07723,Female,Under 18,UK,Liverpool,Red Member,2021-10-17
7724,Fan_07724,Male,35-44,UK,Liverpool,Non-Member,2023-05-11
7725,Fan_07725,Male,25-34,Ireland,International City,Red Member,2021-09-02
7726,Fan_07726,Non-binary,35-44,Thailand,International City,Red Member,2022-11-08
7727,Fan_07727,Non-binary,45-54,UK,London,Non-Member,2022-11-21
7728,Fan_07728,Female,45-54,UK,London,Red Member,2020-12-16
7729,Fan_07729,Non-binary,25-34,UK,Liverpool,Red Member,2021-06-07
7730,Fan_07730,Non-binary,45-54,UK,London,Full Member,2023-02-16
7731,Fan_07731,Male,18-24,USA,International City,Non-Member,2022-02-04
7732,Fan_07732,Male,25-34,China,International City,Non-Member,2022-06-22
7733,Fan_07733,Non-binary,Under 18,China,International City,Non-Member,2020-08-26
7734,Fan_07734,Male,55+,UK,Liverpool,Red Member,2022-01-31
7735,Fan_07735,Male,45-54,Australia,International City,Non-Member,2022-04-20
7736,Fan_07736,Female,45-54,Australia,International City,Full Member,2023-02-08
7737,Fan_07737,Non-binary,25-34,Australia,International City,Full Member,2021-03-31
7738,Fan_07738,Female,45-54,UK,London,Red Member,2020-08-29
7739,Fan_07739,Non-binary,18-24,Norway,International City,Non-Member,2024-08-03
7740,Fan_07740,Female,55+,Ireland,International City,Junior Member,2021-02-10
7741,Fan_07741,Female,55+,Ireland,International City,Red Member,2020-01-18
7742,Fan_07742,Male,18-24,China,International City,Non-Member,2023-09-06
7743,Fan_07743,Female,18-24,USA,International City,Red Member,2023-06-15
7744,Fan_07744,Non-binary,18-24,Norway,International City,Non-Member,2021-11-16
7745,Fan_07745,Male,45-54,UK,London,Red Member,2024-11-16
7746,Fan_07746,Non-binary,Under 18,Norway,International City,Junior Member,2023-06-02
7747,Fan_07747,Female,35-44,UK,Liverpool,Junior Member,2021-06-07
7748,Fan_07748,Non-binary,45-54,Thailand,International City,Non-Member,2022-07-04
7749,Fan_07749,Female,18-24,UK,London,Full Member,2021-05-22
7750,Fan_07750,Male,35-44,USA,International City,Junior Member,2023-01-26
7751,Fan_07751,Male,Under 18,UK,Liverpool,Non-Member,2022-05-30
7752,Fan_07752,Female,25-34,UK,Liverpool,Red Member,2020-04-07
7753,Fan_07753,Male,45-54,UK,London,Non-Member,2022-05-17
7754,Fan_07754,Female,45-54,USA,International City,Red Member,2022-11-27
7755,Fan_07755,Non-binary,35-44,Ireland,International City,Full Member,2023-01-14
7756,Fan_07756,Female,35-44,Egypt,International City,Red Member,2021-08-23
7757,Fan_07757,Female,35-44,UK,London,Premium/Lounge,2021-08-26
7758,Fan_07758,Male,Under 18,UK,London,Full Member,2020-10-05
7759,Fan_07759,Non-binary,55+,China,International City,Non-Member,2022-05-01
7760,Fan_07760,Non-binary,35-44,UK,Liverpool,Non-Member,2023-11-25
7761,Fan_07761,Female,55+,USA,International City,Non-Member,2023-12-01
7762,Fan_07762,Male,25-34,Thailand,International City,Red Member,2021-05-25
7763,Fan_07763,Non-binary,Under 18,Egypt,International City,Non-Member,2020-11-09
7764,Fan_07764,Non-binary,25-34,UK,Liverpool,Non-Member,2022-09-07
7765,Fan_07765,Male,35-44,Thailand,International City,Junior Member,2024-06-02
7766,Fan_07766,Female,35-44,Australia,International City,Non-Member,2020-05-23
7767,Fan_07767,Female,18-24,UK,Liverpool,Junior Member,2020-09-27
7768,Fan_07768,Male,Under 18,Australia,International City,Red Member,2020-02-27
7769,Fan_07769,Female,25-34,Ireland,International City,Full Member,2021-05-31
7770,Fan_07770,Male,25-34,Egypt,International City,Non-Member,2020-07-28
7771,Fan_07771,Non-binary,18-24,UK,London,Red Member,2023-07-25
7772,Fan_07772,Male,18-24,UK,London,Red Member,2023-10-14
7773,Fan_07773,Non-binary,55+,UK,Liverpool,Premium/Lounge,2022-10-04
7774,Fan_07774,Non-binary,55+,UK,Liverpool,Non-Member,2021-08-05
7775,Fan_07775,Female,35-44,UK,Liverpool,Non-Member,2024-10-30
7776,Fan_07776,Male,18-24,UK,Liverpool,Full Member,2020-06-05
7777,Fan_07777,Male,35-44,UK,Liverpool,Red Member,2024-10-01
7778,Fan_07778,Female,45-54,UK,Liverpool,Premium/Lounge,2024-06-22
7779,Fan_07779,Female,Under 18,UK,Liverpool,Red Member,2023-11-28
7780,Fan_07780,Non-binary,25-34,UK,London,Red Member,2022-04-01
7781,Fan_07781,Female,25-34,UK,London,Junior Member,2024-09-02
7782,Fan_07782,Male,18-24,UK,London,Full Member,2024-10-16
7783,Fan_07783,Non-binary,45-54,Egypt,International City,Non-Member,2021-11-24
7784,Fan_07784,Male,55+,UK,London,Red Member,2023-12-14
7785,Fan_07785,Female,35-44,Egypt,International City,Full Member,2020-03-25
7786,Fan_07786,Non-binary,25-34,UK,Liverpool,Red Member,2023-04-21
7787,Fan_07787,Non-binary,45-54,China,International City,Premium/Lounge,2021-09-27
7788,Fan_07788,Male,55+,UK,Liverpool,Red Member,2021-08-09
7789,Fan_07789,Male,25-34,USA,International City,Non-Member,2020-04-01
7790,Fan_07790,Male,55+,UK,London,Non-Member,2024-07-26
7791,Fan_07791,Non-binary,45-54,Thailand,International City,Red Member,2020-07-05
7792,Fan_07792,Male,18-24,China,International City,Premium/Lounge,2020-11-22
7793,Fan_07793,Female,35-44,UK,London,Red Member,2022-06-12
7794,Fan_07794,Female,55+,UK,London,Red Member,2023-01-21
7795,Fan_07795,Non-binary,55+,UK,London,Full Member,2024-05-11
7796,Fan_07796,Male,45-54,UK,London,Red Member,2024-02-22
7797,Fan_07797,Non-binary,18-24,UK,Liverpool,Non-Member,2020-01-13
7798,Fan_07798,Female,35-44,Norway,International City,Full Member,2021-04-08
7799,Fan_07799,Male,55+,UK,Liverpool,Non-Member,2022-04-12
7800,Fan_07800,Male,18-24,UK,Liverpool,Non-Member,2023-07-30
7801,Fan_07801,Female,55+,Ireland,International City,Junior Member,2022-01-24
7802,Fan_07802,Male,25-34,Norway,International City,Red Member,2020-12-21
7803,Fan_07803,Male,35-44,UK,Liverpool,Red Member,2023-08-12
7804,Fan_07804,Male,Under 18,China,International City,Non-Member,2021-11-08
7805,Fan_07805,Female,55+,UK,London,Full Member,2022-08-20
7806,Fan_07806,Male,35-44,UK,London,Non-Member,2024-03-06
7807,Fan_07807,Non-binary,18-24,Ireland,International City,Non-Member,2023-02-01
7808,Fan_07808,Female,Under 18,UK,Liverpool,Non-Member,2023-12-23
7809,Fan_07809,Male,55+,UK,Liverpool,Non-Member,2021-11-09
7810,Fan_07810,Female,45-54,UK,London,Full Member,2024-01-27
7811,Fan_07811,Non-binary,18-24,Australia,International City,Full Member,2024-06-17
7812,Fan_07812,Female,55+,USA,International City,Non-Member,2021-08-23
7813,Fan_07813,Female,45-54,UK,London,Red Member,2024-10-14
7814,Fan_07814,Non-binary,35-44,UK,London,Full Member,2024-05-25
7815,Fan_07815,Non-binary,35-44,UK,London,Non-Member,2022-12-16
7816,Fan_07816,Female,35-44,USA,International City,Full Member,2020-01-21
7817,Fan_07817,Female,45-54,UK,Liverpool,Junior Member,2021-06-25
7818,Fan_07818,Non-binary,35-44,China,International City,Red Member,2024-03-08
7819,Fan_07819,Non-binary,18-24,UK,London,Full Member,2024-10-02
7820,Fan_07820,Male,25-34,UK,Liverpool,Red Member,2023-05-18
7821,Fan_07821,Female,55+,UK,London,Red Member,2020-02-29
7822,Fan_07822,Female,18-24,UK,Liverpool,Non-Member,2023-10-19
7823,Fan_07823,Female,25-34,Thailand,International City,Full Member,2024-09-16
7824,Fan_07824,Non-binary,25-34,Thailand,International City,Non-Member,2022-05-13
7825,Fan_07825,Female,Under 18,UK,London,Full Member,2023-02-10
7826,Fan_07826,Female,18-24,Thailand,International City,Non-Member,2020-06-23
7827,Fan_07827,Male,18-24,UK,Liverpool,Non-Member,2023-03-25
7828,Fan_07828,Male,55+,Egypt,International City,Non-Member,2021-05-09
7829,Fan_07829,Non-binary,35-44,China,International City,Non-Member,2024-11-10
7830,Fan_07830,Female,18-24,China,International City,Red Member,2021-04-03
7831,Fan_07831,Non-binary,45-54,UK,London,Non-Member,2021-10-18
7832,Fan_07832,Male,Under 18,Egypt,International City,Red Member,2023-10-11
7833,Fan_07833,Female,18-24,UK,Liverpool,Non-Member,2022-07-25
7834,Fan_07834,Male,25-34,UK,Liverpool,Red Member,2022-07-27
7835,Fan_07835,Non-binary,35-44,UK,London,Red Member,2020-12-05
7836,Fan_07836,Female,Under 18,Egypt,International City,Red Member,2022-02-19
7837,Fan_07837,Non-binary,45-54,UK,Liverpool,Red Member,2022-08-05
7838,Fan_07838,Non-binary,55+,Australia,International City,Non-Member,2021-12-24
7839,Fan_07839,Female,45-54,Norway,International City,Red Member,2023-06-06
7840,Fan_07840,Female,25-34,Egypt,International City,Non-Member,2021-12-02
7841,Fan_07841,Male,55+,UK,Liverpool,Full Member,2022-03-03
7842,Fan_07842,Non-binary,Under 18,UK,Liverpool,Red Member,2020-08-22
7843,Fan_07843,Female,Under 18,UK,Liverpool,Full Member,2021-04-04
7844,Fan_07844,Female,18-24,Thailand,International City,Junior Member,2021-10-02
7845,Fan_07845,Non-binary,25-34,UK,Liverpool,Non-Member,2024-07-14
7846,Fan_07846,Non-binary,45-54,UK,Liverpool,Full Member,2022-10-22
7847,Fan_07847,Male,35-44,UK,Liverpool,Full Member,2021-10-03
7848,Fan_07848,Non-binary,55+,UK,Liverpool,Junior Member,2021-01-13
7849,Fan_07849,Female,35-44,UK,London,Non-Member,2023-12-26
7850,Fan_07850,Male,18-24,UK,London,Non-Member,2024-06-04
7851,Fan_07851,Male,35-44,Australia,International City,Full Member,2022-02-28
7852,Fan_07852,Non-binary,25-34,China,International City,Red Member,2021-02-18
7853,Fan_07853,Non-binary,18-24,UK,Liverpool,Non-Member,2020-04-26
7854,Fan_07854,Female,55+,UK,Liverpool,Non-Member,2020-12-18
7855,Fan_07855,Male,18-24,China,International City,Junior Member,2021-08-05
7856,Fan_07856,Non-binary,18-24,UK,London,Full Member,2021-02-14
7857,Fan_07857,Female,18-24,China,International City,Non-Member,2023-08-11
7858,Fan_07858,Male,18-24,UK,Liverpool,Junior Member,2020-06-30
7859,Fan_07859,Male,25-34,Egypt,International City,Junior Member,2024-08-27
7860,Fan_07860,Male,25-34,Ireland,International City,Red Member,2023-03-16
7861,Fan_07861,Male,55+,UK,Liverpool,Non-Member,2021-08-01
7862,Fan_07862,Non-binary,25-34,Norway,International City,Non-Member,2020-10-06
7863,Fan_07863,Male,18-24,Ireland,International City,Red Member,2021-09-11
7864,Fan_07864,Male,Under 18,USA,International City,Full Member,2023-05-02
7865,Fan_07865,Male,18-24,UK,Liverpool,Non-Member,2024-02-26
7866,Fan_07866,Male,25-34,China,International City,Red Member,2023-12-25
7867,Fan_07867,Male,18-24,UK,Liverpool,Full Member,2024-04-20
7868,Fan_07868,Non-binary,35-44,Australia,International City,Junior Member,2020-12-26
7869,Fan_07869,Female,45-54,USA,International City,Red Member,2020-06-27
7870,Fan_07870,Female,18-24,UK,Liverpool,Non-Member,2024-04-21
7871,Fan_07871,Male,45-54,UK,London,Non-Member,2023-11-26
7872,Fan_07872,Male,45-54,China,International City,Non-Member,2021-04-03
7873,Fan_07873,Non-binary,25-34,UK,London,Full Member,2020-03-11
7874,Fan_07874,Non-binary,Under 18,UK,Liverpool,Full Member,2023-01-21
7875,Fan_07875,Non-binary,55+,Ireland,International City,Non-Member,2023-03-30
7876,Fan_07876,Female,25-34,UK,Liverpool,Non-Member,2021-01-20
7877,Fan_07877,Male,55+,UK,Liverpool,Full Member,2024-11-14
7878,Fan_07878,Male,45-54,Thailand,International City,Non-Member,2020-05-23
7879,Fan_07879,Male,18-24,Australia,International City,Red Member,2022-03-14
7880,Fan_07880,Non-binary,55+,Egypt,International City,Non-Member,2020-07-11
7881,Fan_07881,Male,18-24,USA,International City,Premium/Lounge,2022-06-01
7882,Fan_07882,Female,35-44,Ireland,International City,Non-Member,2021-09-07
7883,Fan_07883,Non-binary,Under 18,China,International City,Red Member,2020-06-23
7884,Fan_07884,Male,55+,UK,Liverpool,Full Member,2023-02-27
7885,Fan_07885,Non-binary,35-44,UK,Liverpool,Non-Member,2020-03-14
7886,Fan_07886,Male,Under 18,UK,Liverpool,Non-Member,2024-01-19
7887,Fan_07887,Male,18-24,UK,Liverpool,Non-Member,2024-06-24
7888,Fan_07888,Female,Under 18,UK,Liverpool,Red Member,2020-06-05
7889,Fan_07889,Female,35-44,UK,Liverpool,Red Member,2020-04-28
7890,Fan_07890,Female,35-44,China,International City,Red Member,2024-03-18
7891,Fan_07891,Male,25-34,China,International City,Junior Member,2024-10-26
7892,Fan_07892,Female,18-24,Ireland,International City,Non-Member,2020-06-03
7893,Fan_07893,Male,Under 18,UK,Liverpool,Red Member,2020-02-23
7894,Fan_07894,Non-binary,45-54,UK,Liverpool,Junior Member,2020-06-06
7895,Fan_07895,Non-binary,55+,UK,Liverpool,Premium/Lounge,2020-04-22
7896,Fan_07896,Non-binary,35-44,UK,Liverpool,Non-Member,2021-01-19
7897,Fan_07897,Non-binary,45-54,China,International City,Red Member,2024-10-26
7898,Fan_07898,Male,Under 18,China,International City,Red Member,2022-03-28
7899,Fan_07899,Male,Under 18,USA,International City,Red Member,2023-05-01
7900,Fan_07900,Female,35-44,Thailand,International City,Full Member,2024-11-01
7901,Fan_07901,Female,55+,USA,International City,Full Member,2021-05-17
7902,Fan_07902,Male,18-24,China,International City,Non-Member,2023-11-14
7903,Fan_07903,Male,Under 18,USA,International City,Red Member,2020-08-09
7904,Fan_07904,Non-binary,25-34,China,International City,Red Member,2024-08-03
7905,Fan_07905,Non-binary,35-44,UK,Liverpool,Non-Member,2021-07-15
7906,Fan_07906,Male,45-54,Ireland,International City,Red Member,2021-02-09
7907,Fan_07907,Female,18-24,UK,London,Non-Member,2024-06-24
7908,Fan_07908,Female,25-34,China,International City,Red Member,2024-05-12
7909,Fan_07909,Female,25-34,Norway,International City,Junior Member,2023-01-14
7910,Fan_07910,Non-binary,45-54,Australia,International City,Non-Member,2023-06-30
7911,Fan_07911,Male,18-24,Ireland,International City,Red Member,2021-11-17
7912,Fan_07912,Non-binary,Under 18,Thailand,International City,Full Member,2022-10-06
7913,Fan_07913,Female,45-54,UK,London,Junior Member,2020-10-16
7914,Fan_07914,Female,45-54,Australia,International City,Red Member,2024-03-01
7915,Fan_07915,Male,18-24,UK,London,Full Member,2024-04-24
7916,Fan_07916,Female,Under 18,UK,Liverpool,Non-Member,2021-09-28
7917,Fan_07917,Male,18-24,Egypt,International City,Red Member,2022-10-12
7918,Fan_07918,Non-binary,18-24,Egypt,International City,Full Member,2023-12-25
7919,Fan_07919,Male,35-44,Norway,International City,Full Member,2024-09-18
7920,Fan_07920,Male,18-24,Ireland,International City,Non-Member,2022-12-25
7921,Fan_07921,Non-binary,18-24,UK,London,Red Member,2021-06-06
7922,Fan_07922,Female,45-54,USA,International City,Non-Member,2022-04-26
7923,Fan_07923,Female,45-54,USA,International City,Red Member,2024-02-20
7924,Fan_07924,Non-binary,25-34,Norway,International City,Non-Member,2022-03-15
7925,Fan_07925,Male,18-24,UK,Liverpool,Non-Member,2022-03-30
7926,Fan_07926,Female,25-34,UK,London,Non-Member,2023-03-23
7927,Fan_07927,Female,35-44,USA,International City,Non-Member,2020-09-06
7928,Fan_07928,Female,Under 18,UK,London,Red Member,2020-07-30
7929,Fan_07929,Female,25-34,UK,Liverpool,Non-Member,2022-01-27
7930,Fan_07930,Male,45-54,USA,International City,Non-Member,2023-12-18
7931,Fan_07931,Non-binary,35-44,UK,Liverpool,Non-Member,2020-05-28
7932,Fan_07932,Non-binary,35-44,USA,International City,Non-Member,2020-07-27
7933,Fan_07933,Male,18-24,UK,London,Red Member,2020-06-04
7934,Fan_07934,Male,35-44,UK,Liverpool,Premium/Lounge,2024-03-12
7935,Fan_07935,Female,25-34,UK,Liverpool,Junior Member,2023-07-15
7936,Fan_07936,Female,25-34,UK,London,Non-Member,2024-02-27
7937,Fan_07937,Non-binary,18-24,USA,International City,Red Member,2022-11-03
7938,Fan_07938,Female,18-24,China,International City,Red Member,2022-07-14
7939,Fan_07939,Male,18-24,UK,Liverpool,Non-Member,2024-12-01
7940,Fan_07940,Female,55+,Australia,International City,Junior Member,2021-10-06
7941,Fan_07941,Non-binary,25-34,UK,Liverpool,Junior Member,2022-04-20
7942,Fan_07942,Male,Under 18,USA,International City,Non-Member,2020-01-15
7943,Fan_07943,Female,55+,UK,London,Non-Member,2020-11-07
7944,Fan_07944,Male,18-24,Norway,International City,Red Member,2022-02-09
7945,Fan_07945,Female,25-34,Thailand,International City,Junior Member,2020-09-14
7946,Fan_07946,Male,55+,Australia,International City,Junior Member,2024-04-17
7947,Fan_07947,Non-binary,18-24,USA,International City,Red Member,2024-06-21
7948,Fan_07948,Male,45-54,Egypt,International City,Red Member,2023-09-09
7949,Fan_07949,Female,55+,UK,Liverpool,Full Member,2022-07-12
7950,Fan_07950,Non-binary,18-24,UK,Liverpool,Non-Member,2020-03-01
7951,Fan_07951,Non-binary,45-54,China,International City,Full Member,2020-06-23
7952,Fan_07952,Non-binary,25-34,USA,International City,Non-Member,2023-01-18
7953,Fan_07953,Female,55+,UK,London,Non-Member,2024-10-19
7954,Fan_07954,Male,18-24,China,International City,Non-Member,2024-07-29
7955,Fan_07955,Non-binary,25-34,Egypt,International City,Full Member,2021-07-11
7956,Fan_07956,Female,35-44,UK,Liverpool,Non-Member,2020-02-01
7957,Fan_07957,Female,18-24,Australia,International City,Red Member,2023-03-14
7958,Fan_07958,Non-binary,25-34,UK,Liverpool,Junior Member,2020-09-11
7959,Fan_07959,Non-binary,25-34,UK,Liverpool,Non-Member,2021-08-06
7960,Fan_07960,Non-binary,35-44,Thailand,International City,Red Member,2023-03-25
7961,Fan_07961,Male,55+,UK,London,Premium/Lounge,2023-11-27
7962,Fan_07962,Non-binary,55+,Norway,International City,Red Member,2024-09-26
7963,Fan_07963,Male,35-44,USA,International City,Red Member,2020-12-11
7964,Fan_07964,Male,Under 18,Norway,International City,Non-Member,2022-04-29
7965,Fan_07965,Non-binary,Under 18,China,International City,Full Member,2022-07-04
7966,Fan_07966,Female,45-54,UK,London,Full Member,2024-05-22
7967,Fan_07967,Female,45-54,UK,Liverpool,Non-Member,2021-04-24
7968,Fan_07968,Female,55+,UK,Liverpool,Non-Member,2023-02-02
7969,Fan_07969,Female,25-34,UK,Liverpool,Junior Member,2022-11-19
7970,Fan_07970,Female,55+,Thailand,International City,Non-Member,2023-11-07
7971,Fan_07971,Male,Under 18,Australia,International City,Non-Member,2022-06-30
7972,Fan_07972,Male,18-24,UK,Liverpool,Junior Member,2023-12-29
7973,Fan_07973,Female,55+,Thailand,International City,Full Member,2021-11-22
7974,Fan_07974,Female,Under 18,USA,International City,Junior Member,2024-02-21
7975,Fan_07975,Female,45-54,UK,London,Non-Member,2023-02-19
7976,Fan_07976,Female,18-24,UK,London,Full Member,2023-12-16
7977,Fan_07977,Male,25-34,Ireland,International City,Junior Member,2021-12-19
7978,Fan_07978,Male,45-54,China,International City,Non-Member,2023-08-03
7979,Fan_07979,Non-binary,45-54,UK,Liverpool,Red Member,2023-12-31
7980,Fan_07980,Non-binary,35-44,UK,Liverpool,Full Member,2023-02-10
7981,Fan_07981,Male,18-24,UK,Liverpool,Red Member,2021-10-29
7982,Fan_07982,Female,55+,UK,London,Red Member,2020-07-15
7983,Fan_07983,Non-binary,18-24,UK,London,Junior Member,2024-02-01
7984,Fan_07984,Female,Under 18,UK,Liverpool,Junior Member,2022-12-04
7985,Fan_07985,Female,Under 18,Thailand,International City,Junior Member,2020-01-05
7986,Fan_07986,Non-binary,45-54,Norway,International City,Non-Member,2020-08-25
7987,Fan_07987,Male,Under 18,USA,International City,Non-Member,2022-04-01
7988,Fan_07988,Non-binary,55+,UK,London,Non-Member,2020-07-30
7989,Fan_07989,Non-binary,18-24,Thailand,International City,Non-Member,2024-04-01
7990,Fan_07990,Female,25-34,Thailand,International City,Non-Member,2020-12-19
7991,Fan_07991,Female,35-44,China,International City,Non-Member,2024-02-07
7992,Fan_07992,Non-binary,45-54,China,International City,Red Member,2024-10-23
7993,Fan_07993,Female,55+,Ireland,International City,Non-Member,2021-05-08
7994,Fan_07994,Non-binary,55+,Norway,International City,Red Member,2021-08-21
7995,Fan_07995,Non-binary,55+,Egypt,International City,Red Member,2022-07-27
7996,Fan_07996,Non-binary,45-54,UK,London,Non-Member,2023-07-19
7997,Fan_07997,Male,25-34,UK,London,Non-Member,2020-11-17
7998,Fan_07998,Non-binary,45-54,UK,Liverpool,Non-Member,2023-02-01
7999,Fan_07999,Female,35-44,UK,Liverpool,Full Member,2023-04-14
8000,Fan_08000,Non-binary,35-44,UK,Liverpool,Red Member,2024-01-30
8001,Fan_08001,Female,25-34,UK,London,Junior Member,2024-09-23
8002,Fan_08002,Male,45-54,UK,Liverpool,Full Member,2022-01-09
8003,Fan_08003,Male,35-44,USA,International City,Non-Member,2022-04-04
8004,Fan_08004,Non-binary,45-54,China,International City,Non-Member,2020-08-10
8005,Fan_08005,Non-binary,Under 18,China,International City,Non-Member,2021-01-21
8006,Fan_08006,Non-binary,35-44,Australia,International City,Non-Member,2024-08-30
8007,Fan_08007,Non-binary,45-54,China,International City,Non-Member,2022-07-04
8008,Fan_08008,Female,45-54,UK,Liverpool,Premium/Lounge,2020-05-04
8009,Fan_08009,Non-binary,45-54,Egypt,International City,Premium/Lounge,2024-02-10
8010,Fan_08010,Non-binary,55+,USA,International City,Premium/Lounge,2022-06-09
8011,Fan_08011,Non-binary,18-24,China,International City,Non-Member,2020-03-15
8012,Fan_08012,Non-binary,Under 18,Norway,International City,Full Member,2022-11-20
8013,Fan_08013,Female,45-54,UK,London,Non-Member,2023-10-09
8014,Fan_08014,Non-binary,35-44,Australia,International City,Red Member,2024-01-19
8015,Fan_08015,Female,55+,UK,Liverpool,Non-Member,2023-06-14
8016,Fan_08016,Female,Under 18,USA,International City,Red Member,2024-06-23
8017,Fan_08017,Female,25-34,UK,Liverpool,Red Member,2021-10-10
8018,Fan_08018,Male,35-44,USA,International City,Red Member,2022-03-20
8019,Fan_08019,Male,45-54,UK,Liverpool,Red Member,2020-11-24
8020,Fan_08020,Male,35-44,Norway,International City,Full Member,2021-07-09
8021,Fan_08021,Female,45-54,Norway,International City,Red Member,2020-01-08
8022,Fan_08022,Female,18-24,UK,London,Premium/Lounge,2020-11-01
8023,Fan_08023,Male,35-44,UK,London,Full Member,2021-04-07
8024,Fan_08024,Non-binary,35-44,UK,London,Full Member,2021-06-07
8025,Fan_08025,Female,35-44,UK,London,Non-Member,2021-05-09
8026,Fan_08026,Non-binary,Under 18,UK,Liverpool,Red Member,2024-03-23
8027,Fan_08027,Female,Under 18,China,International City,Junior Member,2022-02-19
8028,Fan_08028,Female,45-54,UK,London,Red Member,2020-10-27
8029,Fan_08029,Male,25-34,Ireland,International City,Red Member,2022-03-29
8030,Fan_08030,Female,25-34,China,International City,Non-Member,2020-09-13
8031,Fan_08031,Male,35-44,UK,Liverpool,Premium/Lounge,2023-07-20
8032,Fan_08032,Non-binary,Under 18,Thailand,International City,Non-Member,2024-01-14
8033,Fan_08033,Male,35-44,UK,Liverpool,Junior Member,2024-04-19
8034,Fan_08034,Non-binary,18-24,USA,International City,Non-Member,2020-10-05
8035,Fan_08035,Female,18-24,Norway,International City,Non-Member,2021-06-12
8036,Fan_08036,Female,55+,UK,London,Red Member,2020-11-22
8037,Fan_08037,Non-binary,18-24,China,International City,Red Member,2020-10-13
8038,Fan_08038,Male,18-24,UK,Liverpool,Red Member,2024-03-17
8039,Fan_08039,Male,Under 18,Thailand,International City,Non-Member,2021-04-22
8040,Fan_08040,Non-binary,55+,UK,Liverpool,Junior Member,2020-04-18
8041,Fan_08041,Non-binary,25-34,UK,Liverpool,Non-Member,2023-09-03
8042,Fan_08042,Male,18-24,UK,London,Premium/Lounge,2022-07-01
8043,Fan_08043,Male,18-24,UK,London,Premium/Lounge,2021-02-06
8044,Fan_08044,Male,55+,Australia,International City,Full Member,2023-01-05
8045,Fan_08045,Male,45-54,Egypt,International City,Non-Member,2022-01-21
8046,Fan_08046,Non-binary,Under 18,USA,International City,Non-Member,2022-01-07
8047,Fan_08047,Female,45-54,Ireland,International City,Full Member,2020-01-26
8048,Fan_08048,Female,Under 18,UK,Liverpool,Full Member,2022-12-08
8049,Fan_08049,Non-binary,55+,China,International City,Red Member,2024-03-21
8050,Fan_08050,Non-binary,Under 18,Australia,International City,Red Member,2022-05-12
8051,Fan_08051,Non-binary,35-44,Thailand,International City,Red Member,2020-02-03
8052,Fan_08052,Non-binary,35-44,Ireland,International City,Non-Member,2022-01-26
8053,Fan_08053,Female,25-34,China,International City,Non-Member,2024-01-30
8054,Fan_08054,Male,Under 18,Australia,International City,Red Member,2022-09-29
8055,Fan_08055,Non-binary,45-54,Australia,International City,Non-Member,2022-08-07
8056,Fan_08056,Non-binary,18-24,Thailand,International City,Red Member,2021-08-15
8057,Fan_08057,Non-binary,18-24,UK,London,Full Member,2024-08-14
8058,Fan_08058,Male,55+,USA,International City,Full Member,2022-05-27
8059,Fan_08059,Non-binary,25-34,Egypt,International City,Full Member,2021-02-22
8060,Fan_08060,Male,45-54,UK,Liverpool,Full Member,2021-03-13
8061,Fan_08061,Non-binary,Under 18,Ireland,International City,Non-Member,2023-05-20
8062,Fan_08062,Non-binary,45-54,USA,International City,Red Member,2023-10-18
8063,Fan_08063,Non-binary,18-24,Australia,International City,Junior Member,2021-03-08
8064,Fan_08064,Male,18-24,UK,Liverpool,Non-Member,2020-07-12
8065,Fan_08065,Non-binary,25-34,Thailand,International City,Premium/Lounge,2023-04-06
8066,Fan_08066,Female,25-34,Australia,International City,Red Member,2024-05-15
8067,Fan_08067,Non-binary,Under 18,UK,Liverpool,Non-Member,2021-11-10
8068,Fan_08068,Female,55+,UK,London,Full Member,2022-12-09
8069,Fan_08069,Non-binary,55+,USA,International City,Premium/Lounge,2020-03-16
8070,Fan_08070,Non-binary,35-44,USA,International City,Non-Member,2021-09-01
8071,Fan_08071,Female,35-44,Norway,International City,Non-Member,2024-11-18
8072,Fan_08072,Non-binary,55+,UK,Liverpool,Red Member,2022-05-27
8073,Fan_08073,Non-binary,25-34,UK,London,Junior Member,2023-06-14
8074,Fan_08074,Male,18-24,UK,Liverpool,Red Member,2021-11-16
8075,Fan_08075,Female,35-44,UK,London,Non-Member,2020-11-08
8076,Fan_08076,Non-binary,35-44,UK,London,Non-Member,2023-10-18
8077,Fan_08077,Female,18-24,USA,International City,Full Member,2023-10-17
8078,Fan_08078,Male,45-54,USA,International City,Full Member,2021-06-10
8079,Fan_08079,Female,45-54,Thailand,International City,Non-Member,2020-01-15
8080,Fan_08080,Female,25-34,UK,Liverpool,Premium/Lounge,2021-08-08
8081,Fan_08081,Female,35-44,USA,International City,Premium/Lounge,2023-09-18
8082,Fan_08082,Female,18-24,Ireland,International City,Non-Member,2022-08-20
8083,Fan_08083,Male,Under 18,UK,Liverpool,Non-Member,2020-11-02
8084,Fan_08084,Male,Under 18,China,International City,Full Member,2020-10-26
8085,Fan_08085,Female,18-24,China,International City,Red Member,2023-10-07
8086,Fan_08086,Non-binary,18-24,UK,London,Red Member,2024-02-15
8087,Fan_08087,Female,18-24,UK,Liverpool,Junior Member,2023-12-13
8088,Fan_08088,Non-binary,18-24,UK,London,Non-Member,2022-10-31
8089,Fan_08089,Female,45-54,USA,International City,Non-Member,2023-05-10
8090,Fan_08090,Female,Under 18,UK,Liverpool,Non-Member,2023-04-03
8091,Fan_08091,Male,25-34,UK,London,Full Member,2022-11-29
8092,Fan_08092,Female,55+,USA,International City,Junior Member,2020-02-16
8093,Fan_08093,Female,18-24,China,International City,Premium/Lounge,2020-11-11
8094,Fan_08094,Female,25-34,USA,International City,Premium/Lounge,2022-07-05
8095,Fan_08095,Non-binary,45-54,China,International City,Full Member,2023-11-15
8096,Fan_08096,Non-binary,25-34,UK,Liverpool,Full Member,2022-01-13
8097,Fan_08097,Female,Under 18,Ireland,International City,Red Member,2022-06-01
8098,Fan_08098,Non-binary,55+,UK,Liverpool,Non-Member,2023-05-12
8099,Fan_08099,Female,25-34,UK,Liverpool,Premium/Lounge,2023-12-19
8100,Fan_08100,Non-binary,25-34,Ireland,International City,Full Member,2023-02-19
8101,Fan_08101,Female,35-44,UK,London,Non-Member,2024-01-05
8102,Fan_08102,Non-binary,25-34,UK,Liverpool,Non-Member,2022-10-08
8103,Fan_08103,Male,45-54,UK,Liverpool,Red Member,2024-04-22
8104,Fan_08104,Male,55+,Egypt,International City,Premium/Lounge,2024-05-29
8105,Fan_08105,Female,18-24,China,International City,Red Member,2023-03-18
8106,Fan_08106,Female,35-44,UK,Liverpool,Red Member,2020-06-28
8107,Fan_08107,Male,35-44,Egypt,International City,Red Member,2024-06-24
8108,Fan_08108,Female,Under 18,UK,Liverpool,Full Member,2022-12-18
8109,Fan_08109,Non-binary,45-54,China,International City,Non-Member,2022-06-30
8110,Fan_08110,Female,25-34,UK,London,Non-Member,2023-05-26
8111,Fan_08111,Non-binary,25-34,USA,International City,Full Member,2021-03-14
8112,Fan_08112,Male,35-44,Norway,International City,Non-Member,2024-03-09
8113,Fan_08113,Male,Under 18,UK,London,Red Member,2024-10-28
8114,Fan_08114,Non-binary,45-54,Thailand,International City,Junior Member,2022-03-09
8115,Fan_08115,Non-binary,55+,UK,London,Non-Member,2021-06-27
8116,Fan_08116,Male,25-34,UK,London,Non-Member,2022-12-18
8117,Fan_08117,Non-binary,25-34,USA,International City,Non-Member,2020-08-17
8118,Fan_08118,Non-binary,25-34,UK,Liverpool,Red Member,2020-03-06
8119,Fan_08119,Male,Under 18,UK,Liverpool,Red Member,2023-01-23
8120,Fan_08120,Female,35-44,UK,London,Full Member,2021-08-18
8121,Fan_08121,Female,45-54,UK,Liverpool,Non-Member,2021-03-10
8122,Fan_08122,Female,25-34,Norway,International City,Red Member,2021-07-19
8123,Fan_08123,Female,55+,USA,International City,Full Member,2020-09-07
8124,Fan_08124,Non-binary,Under 18,Ireland,International City,Red Member,2020-06-15
8125,Fan_08125,Female,Under 18,UK,London,Premium/Lounge,2021-05-01
8126,Fan_08126,Non-binary,55+,China,International City,Red Member,2023-12-02
8127,Fan_08127,Non-binary,35-44,UK,Liverpool,Junior Member,2022-10-26
8128,Fan_08128,Non-binary,Under 18,China,International City,Full Member,2023-02-27
8129,Fan_08129,Male,Under 18,Ireland,International City,Non-Member,2020-09-08
8130,Fan_08130,Male,18-24,UK,Liverpool,Non-Member,2022-02-02
8131,Fan_08131,Female,55+,UK,Liverpool,Junior Member,2023-09-16
8132,Fan_08132,Male,Under 18,USA,International City,Non-Member,2022-11-21
8133,Fan_08133,Male,Under 18,UK,London,Non-Member,2023-04-15
8134,Fan_08134,Female,18-24,UK,Liverpool,Red Member,2020-01-24
8135,Fan_08135,Male,Under 18,UK,Liverpool,Non-Member,2024-10-18
8136,Fan_08136,Female,Under 18,UK,Liverpool,Red Member,2020-07-08
8137,Fan_08137,Female,55+,UK,Liverpool,Full Member,2024-07-13
8138,Fan_08138,Non-binary,45-54,UK,Liverpool,Premium/Lounge,2023-03-30
8139,Fan_08139,Female,55+,UK,London,Junior Member,2022-02-04
8140,Fan_08140,Female,Under 18,UK,Liverpool,Full Member,2020-07-13
8141,Fan_08141,Non-binary,45-54,Australia,International City,Non-Member,2024-09-02
8142,Fan_08142,Female,45-54,Thailand,International City,Red Member,2020-06-15
8143,Fan_08143,Female,55+,Norway,International City,Red Member,2020-06-06
8144,Fan_08144,Male,45-54,Norway,International City,Non-Member,2023-08-07
8145,Fan_08145,Male,45-54,UK,Liverpool,Non-Member,2023-12-19
8146,Fan_08146,Non-binary,55+,UK,Liverpool,Red Member,2020-02-05
8147,Fan_08147,Non-binary,Under 18,Norway,International City,Full Member,2022-05-15
8148,Fan_08148,Non-binary,18-24,UK,London,Non-Member,2024-07-22
8149,Fan_08149,Male,25-34,UK,London,Full Member,2021-12-23
8150,Fan_08150,Male,45-54,UK,Liverpool,Premium/Lounge,2024-07-13
8151,Fan_08151,Male,18-24,UK,London,Red Member,2024-11-22
8152,Fan_08152,Male,35-44,Australia,International City,Red Member,2022-01-13
8153,Fan_08153,Non-binary,25-34,Egypt,International City,Red Member,2020-11-12
8154,Fan_08154,Female,25-34,China,International City,Red Member,2020-01-15
8155,Fan_08155,Male,55+,UK,London,Non-Member,2022-04-28
8156,Fan_08156,Male,55+,China,International City,Non-Member,2023-08-23
8157,Fan_08157,Female,45-54,UK,Liverpool,Red Member,2020-05-30
8158,Fan_08158,Female,35-44,USA,International City,Junior Member,2020-07-10
8159,Fan_08159,Non-binary,35-44,UK,London,Non-Member,2024-08-29
8160,Fan_08160,Male,45-54,Ireland,International City,Non-Member,2020-09-05
8161,Fan_08161,Non-binary,18-24,Australia,International City,Junior Member,2023-12-26
8162,Fan_08162,Male,55+,Ireland,International City,Full Member,2024-09-24
8163,Fan_08163,Male,18-24,Thailand,International City,Non-Member,2021-01-07
8164,Fan_08164,Non-binary,45-54,UK,London,Premium/Lounge,2022-10-11
8165,Fan_08165,Non-binary,18-24,Thailand,International City,Non-Member,2022-05-28
8166,Fan_08166,Female,55+,UK,London,Red Member,2023-05-13
8167,Fan_08167,Non-binary,55+,USA,International City,Junior Member,2022-10-31
8168,Fan_08168,Non-binary,Under 18,Australia,International City,Non-Member,2023-04-08
8169,Fan_08169,Female,55+,China,International City,Non-Member,2023-03-14
8170,Fan_08170,Female,45-54,China,International City,Non-Member,2021-08-13
8171,Fan_08171,Male,Under 18,UK,London,Non-Member,2020-10-15
8172,Fan_08172,Male,18-24,China,International City,Red Member,2020-01-13
8173,Fan_08173,Male,35-44,Egypt,International City,Non-Member,2024-05-08
8174,Fan_08174,Non-binary,Under 18,UK,Liverpool,Non-Member,2021-06-06
8175,Fan_08175,Female,Under 18,China,International City,Red Member,2023-12-07
8176,Fan_08176,Female,Under 18,UK,Liverpool,Non-Member,2020-03-19
8177,Fan_08177,Non-binary,18-24,China,International City,Non-Member,2022-05-20
8178,Fan_08178,Female,25-34,Egypt,International City,Non-Member,2023-03-05
8179,Fan_08179,Female,Under 18,UK,London,Full Member,2023-10-24
8180,Fan_08180,Female,45-54,China,International City,Non-Member,2022-04-27
8181,Fan_08181,Female,25-34,UK,Liverpool,Red Member,2022-03-26
8182,Fan_08182,Non-binary,45-54,USA,International City,Non-Member,2023-11-02
8183,Fan_08183,Non-binary,45-54,Thailand,International City,Red Member,2023-03-16
8184,Fan_08184,Male,35-44,Ireland,International City,Non-Member,2020-10-17
8185,Fan_08185,Female,Under 18,Thailand,International City,Non-Member,2020-10-20
8186,Fan_08186,Non-binary,55+,Australia,International City,Non-Member,2021-08-17
8187,Fan_08187,Female,35-44,Thailand,International City,Full Member,2022-06-26
8188,Fan_08188,Male,25-34,USA,International City,Non-Member,2023-10-13
8189,Fan_08189,Non-binary,45-54,China,International City,Non-Member,2022-07-19
8190,Fan_08190,Female,45-54,USA,International City,Non-Member,2024-12-03
8191,Fan_08191,Female,18-24,Thailand,International City,Non-Member,2020-07-15
8192,Fan_08192,Female,35-44,USA,International City,Non-Member,2022-12-10
8193,Fan_08193,Female,Under 18,Ireland,International City,Red Member,2021-08-24
8194,Fan_08194,Non-binary,35-44,Australia,International City,Red Member,2021-10-17
8195,Fan_08195,Male,18-24,Thailand,International City,Junior Member,2022-03-04
8196,Fan_08196,Female,35-44,UK,Liverpool,Non-Member,2020-09-04
8197,Fan_08197,Female,35-44,China,International City,Non-Member,2024-04-23
8198,Fan_08198,Non-binary,35-44,China,International City,Red Member,2020-01-17
8199,Fan_08199,Male,25-34,China,International City,Full Member,2022-12-05
8200,Fan_08200,Female,45-54,UK,London,Full Member,2023-07-16
8201,Fan_08201,Female,35-44,Australia,International City,Full Member,2020-04-04
8202,Fan_08202,Female,18-24,UK,London,Red Member,2024-03-07
8203,Fan_08203,Non-binary,25-34,Norway,International City,Non-Member,2020-11-19
8204,Fan_08204,Female,18-24,UK,Liverpool,Non-Member,2020-06-26
8205,Fan_08205,Male,25-34,China,International City,Non-Member,2021-07-14
8206,Fan_08206,Female,18-24,UK,Liverpool,Red Member,2024-08-22
8207,Fan_08207,Female,Under 18,China,International City,Non-Member,2022-12-03
8208,Fan_08208,Non-binary,45-54,UK,Liverpool,Non-Member,2023-05-14
8209,Fan_08209,Female,18-24,UK,Liverpool,Non-Member,2022-01-11
8210,Fan_08210,Male,Under 18,UK,London,Full Member,2022-01-07
8211,Fan_08211,Male,25-34,China,International City,Non-Member,2024-04-20
8212,Fan_08212,Male,45-54,UK,London,Non-Member,2022-01-30
8213,Fan_08213,Male,25-34,USA,International City,Full Member,2024-08-25
8214,Fan_08214,Male,25-34,Thailand,International City,Full Member,2020-11-01
8215,Fan_08215,Non-binary,55+,UK,London,Junior Member,2020-09-10
8216,Fan_08216,Male,45-54,UK,Liverpool,Non-Member,2021-06-12
8217,Fan_08217,Male,55+,China,International City,Non-Member,2024-06-11
8218,Fan_08218,Non-binary,Under 18,UK,Liverpool,Non-Member,2024-10-31
8219,Fan_08219,Non-binary,35-44,UK,Liverpool,Red Member,2021-03-31
8220,Fan_08220,Male,55+,UK,Liverpool,Full Member,2022-08-11
8221,Fan_08221,Non-binary,45-54,Norway,International City,Non-Member,2023-11-12
8222,Fan_08222,Male,Under 18,UK,London,Non-Member,2022-05-24
8223,Fan_08223,Male,18-24,Egypt,International City,Non-Member,2021-03-20
8224,Fan_08224,Non-binary,45-54,Norway,International City,Junior Member,2024-03-07
8225,Fan_08225,Male,45-54,Egypt,International City,Non-Member,2023-08-30
8226,Fan_08226,Non-binary,45-54,UK,Liverpool,Red Member,2020-11-04
8227,Fan_08227,Female,25-34,UK,London,Red Member,2022-11-29
8228,Fan_08228,Non-binary,35-44,China,International City,Non-Member,2023-10-23
8229,Fan_08229,Female,35-44,UK,London,Non-Member,2024-05-08
8230,Fan_08230,Female,18-24,UK,Liverpool,Premium/Lounge,2023-12-09
8231,Fan_08231,Non-binary,18-24,UK,Liverpool,Non-Member,2024-03-13
8232,Fan_08232,Female,55+,China,International City,Non-Member,2021-10-06
8233,Fan_08233,Male,18-24,UK,London,Full Member,2021-10-21
8234,Fan_08234,Male,35-44,UK,London,Red Member,2023-10-23
8235,Fan_08235,Male,45-54,Egypt,International City,Non-Member,2021-11-09
8236,Fan_08236,Female,25-34,UK,Liverpool,Red Member,2021-04-16
8237,Fan_08237,Non-binary,45-54,Egypt,International City,Non-Member,2022-11-12
8238,Fan_08238,Male,Under 18,Norway,International City,Non-Member,2022-06-22
8239,Fan_08239,Female,35-44,USA,International City,Red Member,2022-02-14
8240,Fan_08240,Male,45-54,China,International City,Non-Member,2023-01-11
8241,Fan_08241,Female,25-34,Egypt,International City,Red Member,2023-12-18
8242,Fan_08242,Non-binary,35-44,Australia,International City,Non-Member,2024-01-20
8243,Fan_08243,Male,Under 18,Australia,International City,Full Member,2022-08-25
8244,Fan_08244,Non-binary,18-24,UK,London,Junior Member,2022-03-09
8245,Fan_08245,Female,45-54,Egypt,International City,Non-Member,2020-07-29
8246,Fan_08246,Non-binary,18-24,UK,Liverpool,Red Member,2020-09-19
8247,Fan_08247,Male,35-44,UK,Liverpool,Non-Member,2023-12-28
8248,Fan_08248,Female,18-24,UK,London,Non-Member,2023-07-25
8249,Fan_08249,Female,Under 18,UK,London,Non-Member,2021-08-09
8250,Fan_08250,Non-binary,35-44,UK,London,Non-Member,2021-12-22
8251,Fan_08251,Female,25-34,China,International City,Non-Member,2021-02-23
8252,Fan_08252,Non-binary,35-44,UK,London,Non-Member,2024-07-18
8253,Fan_08253,Female,18-24,UK,Liverpool,Non-Member,2024-08-03
8254,Fan_08254,Non-binary,35-44,UK,Liverpool,Non-Member,2023-06-28
8255,Fan_08255,Non-binary,35-44,USA,International City,Non-Member,2020-07-07
8256,Fan_08256,Non-binary,18-24,UK,Liverpool,Full Member,2021-09-11
8257,Fan_08257,Non-binary,45-54,UK,London,Red Member,2022-01-16
8258,Fan_08258,Non-binary,45-54,China,International City,Junior Member,2021-12-29
8259,Fan_08259,Non-binary,35-44,Egypt,International City,Full Member,2020-05-20
8260,Fan_08260,Non-binary,45-54,China,International City,Red Member,2020-07-08
8261,Fan_08261,Non-binary,35-44,Norway,International City,Non-Member,2023-12-26
8262,Fan_08262,Non-binary,45-54,UK,London,Non-Member,2022-10-19
8263,Fan_08263,Female,18-24,Thailand,International City,Red Member,2022-06-14
8264,Fan_08264,Female,25-34,UK,Liverpool,Full Member,2024-11-11
8265,Fan_08265,Male,18-24,UK,Liverpool,Non-Member,2020-11-24
8266,Fan_08266,Non-binary,25-34,UK,London,Non-Member,2023-02-14
8267,Fan_08267,Female,Under 18,UK,Liverpool,Non-Member,2022-07-11
8268,Fan_08268,Female,55+,UK,Liverpool,Junior Member,2024-12-02
8269,Fan_08269,Male,35-44,Egypt,International City,Full Member,2022-08-06
8270,Fan_08270,Non-binary,35-44,UK,Liverpool,Non-Member,2020-01-14
8271,Fan_08271,Male,18-24,USA,International City,Red Member,2022-02-27
8272,Fan_08272,Female,35-44,USA,International City,Non-Member,2020-01-08
8273,Fan_08273,Female,35-44,Australia,International City,Junior Member,2020-10-12
8274,Fan_08274,Non-binary,18-24,UK,Liverpool,Non-Member,2024-11-07
8275,Fan_08275,Non-binary,45-54,UK,Liverpool,Non-Member,2020-09-04
8276,Fan_08276,Male,45-54,Thailand,International City,Red Member,2024-11-06
8277,Fan_08277,Male,35-44,Egypt,International City,Full Member,2024-06-06
8278,Fan_08278,Male,35-44,UK,Liverpool,Non-Member,2023-12-21
8279,Fan_08279,Male,Under 18,UK,Liverpool,Non-Member,2024-01-18
8280,Fan_08280,Female,55+,China,International City,Full Member,2024-09-13
8281,Fan_08281,Non-binary,18-24,USA,International City,Full Member,2024-04-06
8282,Fan_08282,Female,55+,UK,Liverpool,Red Member,2020-03-07
8283,Fan_08283,Male,Under 18,UK,Liverpool,Non-Member,2021-02-18
8284,Fan_08284,Female,18-24,UK,Liverpool,Red Member,2022-12-03
8285,Fan_08285,Female,45-54,China,International City,Full Member,2020-07-06
8286,Fan_08286,Non-binary,25-34,UK,Liverpool,Red Member,2021-12-20
8287,Fan_08287,Female,18-24,UK,London,Non-Member,2020-02-29
8288,Fan_08288,Female,45-54,UK,Liverpool,Junior Member,2020-06-29
8289,Fan_08289,Non-binary,Under 18,Norway,International City,Non-Member,2023-02-19
8290,Fan_08290,Non-binary,18-24,China,International City,Red Member,2021-05-31
8291,Fan_08291,Non-binary,Under 18,Ireland,International City,Non-Member,2023-11-12
8292,Fan_08292,Non-binary,25-34,USA,International City,Full Member,2021-12-17
8293,Fan_08293,Non-binary,55+,UK,Liverpool,Junior Member,2022-02-01
8294,Fan_08294,Female,18-24,Thailand,International City,Non-Member,2023-06-29
8295,Fan_08295,Male,Under 18,UK,Liverpool,Non-Member,2024-04-11
8296,Fan_08296,Male,55+,USA,International City,Red Member,2021-11-20
8297,Fan_08297,Female,18-24,Thailand,International City,Red Member,2022-03-29
8298,Fan_08298,Female,45-54,USA,International City,Red Member,2022-09-02
8299,Fan_08299,Female,45-54,Norway,International City,Non-Member,2022-01-09
8300,Fan_08300,Female,Under 18,Egypt,International City,Non-Member,2024-09-02
8301,Fan_08301,Female,Under 18,China,International City,Red Member,2021-06-10
8302,Fan_08302,Male,45-54,Thailand,International City,Red Member,2021-03-26
8303,Fan_08303,Non-binary,Under 18,China,International City,Full Member,2023-08-29
8304,Fan_08304,Female,18-24,Egypt,International City,Red Member,2024-05-30
8305,Fan_08305,Male,18-24,Norway,International City,Non-Member,2023-05-29
8306,Fan_08306,Male,55+,Thailand,International City,Red Member,2024-10-05
8307,Fan_08307,Male,25-34,USA,International City,Non-Member,2020-03-08
8308,Fan_08308,Male,45-54,UK,London,Non-Member,2021-11-15
8309,Fan_08309,Male,25-34,UK,Liverpool,Non-Member,2021-01-10
8310,Fan_08310,Male,35-44,China,International City,Non-Member,2022-10-19
8311,Fan_08311,Male,Under 18,Thailand,International City,Non-Member,2023-04-13
8312,Fan_08312,Male,Under 18,Thailand,International City,Non-Member,2024-11-04
8313,Fan_08313,Non-binary,35-44,China,International City,Non-Member,2024-06-26
8314,Fan_08314,Female,35-44,UK,Liverpool,Junior Member,2023-05-25
8315,Fan_08315,Non-binary,55+,UK,London,Full Member,2023-03-14
8316,Fan_08316,Female,18-24,UK,London,Red Member,2023-09-16
8317,Fan_08317,Non-binary,45-54,UK,London,Red Member,2022-08-03
8318,Fan_08318,Male,35-44,Australia,International City,Red Member,2021-01-06
8319,Fan_08319,Female,Under 18,UK,Liverpool,Non-Member,2024-06-28
8320,Fan_08320,Female,18-24,UK,Liverpool,Red Member,2021-09-17
8321,Fan_08321,Male,25-34,UK,Liverpool,Red Member,2024-06-23
8322,Fan_08322,Female,18-24,UK,Liverpool,Non-Member,2022-01-13
8323,Fan_08323,Female,Under 18,Thailand,International City,Junior Member,2024-09-25
8324,Fan_08324,Non-binary,25-34,China,International City,Red Member,2023-10-28
8325,Fan_08325,Non-binary,18-24,USA,International City,Non-Member,2024-04-22
8326,Fan_08326,Female,Under 18,Norway,International City,Non-Member,2020-08-24
8327,Fan_08327,Female,25-34,Australia,International City,Junior Member,2023-06-20
8328,Fan_08328,Female,55+,UK,Liverpool,Red Member,2021-02-25
8329,Fan_08329,Male,55+,Ireland,International City,Red Member,2020-01-10
8330,Fan_08330,Female,45-54,Thailand,International City,Red Member,2022-04-12
8331,Fan_08331,Non-binary,55+,Egypt,International City,Red Member,2024-11-11
8332,Fan_08332,Non-binary,45-54,Ireland,International City,Red Member,2024-03-24
8333,Fan_08333,Non-binary,25-34,UK,London,Junior Member,2023-05-23
8334,Fan_08334,Male,25-34,Norway,International City,Red Member,2022-02-14
8335,Fan_08335,Non-binary,25-34,Norway,International City,Non-Member,2023-11-28
8336,Fan_08336,Female,25-34,UK,Liverpool,Non-Member,2022-10-13
8337,Fan_08337,Male,18-24,UK,London,Red Member,2022-03-21
8338,Fan_08338,Non-binary,35-44,Norway,International City,Premium/Lounge,2024-11-25
8339,Fan_08339,Female,55+,UK,Liverpool,Red Member,2022-11-27
8340,Fan_08340,Non-binary,55+,USA,International City,Red Member,2022-02-27
8341,Fan_08341,Female,45-54,Thailand,International City,Full Member,2021-06-26
8342,Fan_08342,Non-binary,Under 18,USA,International City,Red Member,2021-12-25
8343,Fan_08343,Non-binary,18-24,Ireland,International City,Non-Member,2024-10-14
8344,Fan_08344,Female,25-34,USA,International City,Full Member,2020-03-14
8345,Fan_08345,Non-binary,18-24,China,International City,Non-Member,2020-02-18
8346,Fan_08346,Female,18-24,China,International City,Red Member,2022-10-11
8347,Fan_08347,Male,45-54,UK,Liverpool,Junior Member,2021-07-12
8348,Fan_08348,Non-binary,45-54,Australia,International City,Full Member,2022-03-26
8349,Fan_08349,Non-binary,45-54,UK,Liverpool,Non-Member,2021-11-12
8350,Fan_08350,Female,25-34,UK,London,Full Member,2024-11-10
8351,Fan_08351,Female,45-54,UK,Liverpool,Non-Member,2022-02-06
8352,Fan_08352,Male,55+,UK,Liverpool,Red Member,2022-01-31
8353,Fan_08353,Non-binary,18-24,USA,International City,Non-Member,2024-01-17
8354,Fan_08354,Male,18-24,Thailand,International City,Red Member,2023-05-15
8355,Fan_08355,Non-binary,45-54,UK,London,Non-Member,2023-11-27
8356,Fan_08356,Male,35-44,UK,Liverpool,Non-Member,2022-07-28
8357,Fan_08357,Female,Under 18,UK,London,Red Member,2020-01-03
8358,Fan_08358,Female,18-24,China,International City,Non-Member,2024-07-18
8359,Fan_08359,Female,Under 18,China,International City,Red Member,2020-07-30
8360,Fan_08360,Male,35-44,UK,Liverpool,Red Member,2022-11-23
8361,Fan_08361,Female,55+,UK,Liverpool,Full Member,2022-06-03
8362,Fan_08362,Female,35-44,UK,London,Red Member,2021-07-29
8363,Fan_08363,Female,25-34,Ireland,International City,Junior Member,2024-06-03
8364,Fan_08364,Female,55+,USA,International City,Non-Member,2021-05-22
8365,Fan_08365,Male,35-44,UK,Liverpool,Non-Member,2024-08-10
8366,Fan_08366,Non-binary,35-44,Thailand,International City,Non-Member,2020-08-16
8367,Fan_08367,Male,55+,UK,Liverpool,Premium/Lounge,2023-03-24
8368,Fan_08368,Male,Under 18,UK,Liverpool,Non-Member,2020-02-13
8369,Fan_08369,Female,Under 18,UK,Liverpool,Red Member,2024-07-04
8370,Fan_08370,Male,55+,Egypt,International City,Full Member,2021-11-02
8371,Fan_08371,Non-binary,25-34,UK,London,Full Member,2022-08-03
8372,Fan_08372,Non-binary,55+,Norway,International City,Red Member,2021-02-18
8373,Fan_08373,Male,18-24,Egypt,International City,Non-Member,2022-05-24
8374,Fan_08374,Male,25-34,UK,London,Red Member,2024-10-31
8375,Fan_08375,Female,25-34,Ireland,International City,Junior Member,2022-08-26
8376,Fan_08376,Non-binary,18-24,Egypt,International City,Red Member,2020-02-16
8377,Fan_08377,Non-binary,55+,UK,Liverpool,Non-Member,2022-04-19
8378,Fan_08378,Female,Under 18,UK,London,Junior Member,2022-04-06
8379,Fan_08379,Female,25-34,Egypt,International City,Red Member,2024-03-28
8380,Fan_08380,Male,35-44,Norway,International City,Non-Member,2023-07-27
8381,Fan_08381,Non-binary,55+,Australia,International City,Non-Member,2020-11-23
8382,Fan_08382,Male,18-24,Thailand,International City,Junior Member,2022-03-28
8383,Fan_08383,Non-binary,Under 18,UK,Liverpool,Non-Member,2021-01-19
8384,Fan_08384,Female,25-34,Norway,International City,Red Member,2023-05-10
8385,Fan_08385,Non-binary,45-54,Ireland,International City,Non-Member,2023-10-08
8386,Fan_08386,Male,18-24,UK,Liverpool,Red Member,2022-04-22
8387,Fan_08387,Female,Under 18,Norway,International City,Red Member,2023-11-21
8388,Fan_08388,Male,35-44,Norway,International City,Full Member,2020-05-15
8389,Fan_08389,Male,55+,China,International City,Premium/Lounge,2022-04-08
8390,Fan_08390,Female,Under 18,Ireland,International City,Non-Member,2024-08-03
8391,Fan_08391,Female,Under 18,USA,International City,Red Member,2020-03-14
8392,Fan_08392,Non-binary,18-24,USA,International City,Premium/Lounge,2023-01-06
8393,Fan_08393,Non-binary,25-34,Australia,International City,Red Member,2022-12-23
8394,Fan_08394,Female,45-54,China,International City,Non-Member,2024-07-07
8395,Fan_08395,Non-binary,25-34,UK,London,Red Member,2021-03-12
8396,Fan_08396,Female,55+,USA,International City,Non-Member,2023-11-14
8397,Fan_08397,Male,25-34,Australia,International City,Non-Member,2023-06-24
8398,Fan_08398,Non-binary,Under 18,UK,Liverpool,Full Member,2020-01-21
8399,Fan_08399,Female,45-54,UK,London,Red Member,2021-05-16
8400,Fan_08400,Female,25-34,Ireland,International City,Non-Member,2024-02-23
8401,Fan_08401,Non-binary,45-54,UK,Liverpool,Red Member,2024-03-08
8402,Fan_08402,Non-binary,25-34,Thailand,International City,Non-Member,2021-07-01
8403,Fan_08403,Non-binary,45-54,UK,Liverpool,Red Member,2024-02-29
8404,Fan_08404,Male,Under 18,Thailand,International City,Non-Member,2021-01-16
8405,Fan_08405,Male,35-44,Ireland,International City,Full Member,2022-01-31
8406,Fan_08406,Male,55+,USA,International City,Red Member,2020-11-12
8407,Fan_08407,Non-binary,45-54,USA,International City,Premium/Lounge,2020-04-20
8408,Fan_08408,Male,18-24,UK,Liverpool,Full Member,2020-03-18
8409,Fan_08409,Non-binary,55+,UK,Liverpool,Full Member,2022-04-03
8410,Fan_08410,Male,45-54,UK,London,Non-Member,2021-05-18
8411,Fan_08411,Female,25-34,UK,Liverpool,Non-Member,2020-01-07
8412,Fan_08412,Non-binary,55+,UK,London,Full Member,2020-08-28
8413,Fan_08413,Male,18-24,UK,London,Junior Member,2022-08-06
8414,Fan_08414,Male,Under 18,UK,Liverpool,Non-Member,2024-11-09
8415,Fan_08415,Non-binary,25-34,Ireland,International City,Non-Member,2020-07-10
8416,Fan_08416,Female,Under 18,Egypt,International City,Non-Member,2021-08-21
8417,Fan_08417,Non-binary,45-54,UK,London,Non-Member,2023-12-04
8418,Fan_08418,Non-binary,35-44,UK,Liverpool,Red Member,2020-09-15
8419,Fan_08419,Male,55+,UK,London,Non-Member,2023-03-06
8420,Fan_08420,Male,25-34,UK,Liverpool,Non-Member,2022-12-22
8421,Fan_08421,Male,45-54,UK,Liverpool,Red Member,2022-06-27
8422,Fan_08422,Female,45-54,China,International City,Red Member,2021-02-22
8423,Fan_08423,Non-binary,55+,Thailand,International City,Non-Member,2021-07-08
8424,Fan_08424,Female,55+,China,International City,Junior Member,2021-11-01
8425,Fan_08425,Male,25-34,UK,Liverpool,Non-Member,2023-01-02
8426,Fan_08426,Non-binary,18-24,UK,Liverpool,Premium/Lounge,2022-11-21
8427,Fan_08427,Female,18-24,UK,Liverpool,Full Member,2021-12-28
8428,Fan_08428,Male,25-34,UK,Liverpool,Red Member,2023-08-17
8429,Fan_08429,Non-binary,35-44,USA,International City,Premium/Lounge,2022-12-17
8430,Fan_08430,Non-binary,55+,Egypt,International City,Non-Member,2021-11-20
8431,Fan_08431,Male,Under 18,UK,Liverpool,Red Member,2020-09-10
8432,Fan_08432,Female,55+,Thailand,International City,Junior Member,2024-10-11
8433,Fan_08433,Female,25-34,Thailand,International City,Non-Member,2024-02-28
8434,Fan_08434,Female,35-44,Norway,International City,Non-Member,2023-10-14
8435,Fan_08435,Non-binary,25-34,UK,London,Red Member,2023-02-09
8436,Fan_08436,Male,55+,UK,Liverpool,Red Member,2024-02-18
8437,Fan_08437,Male,55+,UK,Liverpool,Non-Member,2021-08-13
8438,Fan_08438,Non-binary,25-34,USA,International City,Non-Member,2021-05-01
8439,Fan_08439,Female,45-54,UK,London,Red Member,2021-12-10
8440,Fan_08440,Male,25-34,UK,Liverpool,Red Member,2022-11-07
8441,Fan_08441,Male,Under 18,Egypt,International City,Red Member,2024-03-29
8442,Fan_08442,Male,55+,China,International City,Non-Member,2022-07-03
8443,Fan_08443,Female,25-34,USA,International City,Red Member,2024-04-21
8444,Fan_08444,Non-binary,35-44,USA,International City,Red Member,2021-07-10
8445,Fan_08445,Male,25-34,UK,Liverpool,Non-Member,2024-12-05
8446,Fan_08446,Male,18-24,China,International City,Non-Member,2022-11-19
8447,Fan_08447,Male,25-34,USA,International City,Junior Member,2023-04-16
8448,Fan_08448,Female,45-54,UK,Liverpool,Non-Member,2020-02-04
8449,Fan_08449,Male,55+,Norway,International City,Non-Member,2024-11-25
8450,Fan_08450,Non-binary,25-34,UK,Liverpool,Full Member,2024-08-31
8451,Fan_08451,Non-binary,35-44,UK,Liverpool,Red Member,2021-06-27
8452,Fan_08452,Male,35-44,China,International City,Red Member,2020-09-28
8453,Fan_08453,Female,35-44,UK,Liverpool,Full Member,2024-09-27
8454,Fan_08454,Male,18-24,Norway,International City,Red Member,2022-01-15
8455,Fan_08455,Male,25-34,Thailand,International City,Non-Member,2020-12-11
8456,Fan_08456,Female,35-44,China,International City,Red Member,2021-06-23
8457,Fan_08457,Non-binary,Under 18,Thailand,International City,Red Member,2021-09-08
8458,Fan_08458,Male,35-44,UK,Liverpool,Non-Member,2023-10-23
8459,Fan_08459,Female,25-34,Norway,International City,Non-Member,2024-07-07
8460,Fan_08460,Female,Under 18,UK,Liverpool,Junior Member,2023-07-09
8461,Fan_08461,Female,55+,UK,London,Non-Member,2020-04-24
8462,Fan_08462,Female,25-34,UK,London,Full Member,2021-05-07
8463,Fan_08463,Non-binary,25-34,UK,London,Red Member,2022-06-10
8464,Fan_08464,Female,45-54,UK,Liverpool,Full Member,2021-03-15
8465,Fan_08465,Non-binary,35-44,UK,London,Junior Member,2024-10-28
8466,Fan_08466,Female,35-44,China,International City,Red Member,2020-04-20
8467,Fan_08467,Non-binary,25-34,Egypt,International City,Premium/Lounge,2020-01-16
8468,Fan_08468,Non-binary,45-54,UK,Liverpool,Non-Member,2020-03-02
8469,Fan_08469,Female,55+,Norway,International City,Non-Member,2021-08-24
8470,Fan_08470,Male,25-34,UK,London,Red Member,2023-10-25
8471,Fan_08471,Non-binary,25-34,Norway,International City,Premium/Lounge,2020-11-20
8472,Fan_08472,Non-binary,35-44,UK,Liverpool,Full Member,2021-04-19
8473,Fan_08473,Female,Under 18,UK,London,Premium/Lounge,2023-06-15
8474,Fan_08474,Male,Under 18,Australia,International City,Junior Member,2023-10-24
8475,Fan_08475,Male,45-54,USA,International City,Full Member,2022-11-26
8476,Fan_08476,Non-binary,25-34,Norway,International City,Full Member,2023-10-23
8477,Fan_08477,Male,25-34,UK,Liverpool,Red Member,2024-06-06
8478,Fan_08478,Non-binary,18-24,China,International City,Full Member,2020-06-09
8479,Fan_08479,Male,18-24,UK,London,Non-Member,2020-11-27
8480,Fan_08480,Female,Under 18,USA,International City,Non-Member,2023-06-05
8481,Fan_08481,Male,55+,China,International City,Junior Member,2024-02-11
8482,Fan_08482,Non-binary,35-44,UK,Liverpool,Non-Member,2022-10-20
8483,Fan_08483,Male,18-24,Thailand,International City,Non-Member,2023-09-25
8484,Fan_08484,Male,45-54,Australia,International City,Full Member,2023-07-27
8485,Fan_08485,Non-binary,18-24,USA,International City,Full Member,2020-05-08
8486,Fan_08486,Non-binary,45-54,Egypt,International City,Non-Member,2022-12-17
8487,Fan_08487,Female,45-54,UK,London,Non-Member,2024-03-21
8488,Fan_08488,Female,35-44,China,International City,Red Member,2022-04-07
8489,Fan_08489,Female,18-24,UK,Liverpool,Junior Member,2020-01-17
8490,Fan_08490,Male,25-34,Egypt,International City,Red Member,2023-12-03
8491,Fan_08491,Male,55+,UK,London,Premium/Lounge,2022-04-08
8492,Fan_08492,Female,35-44,USA,International City,Non-Member,2020-10-31
8493,Fan_08493,Female,25-34,China,International City,Non-Member,2024-10-03
8494,Fan_08494,Non-binary,45-54,UK,London,Non-Member,2024-04-18
8495,Fan_08495,Male,35-44,Australia,International City,Full Member,2024-08-07
8496,Fan_08496,Female,18-24,USA,International City,Red Member,2023-05-01
8497,Fan_08497,Female,45-54,Ireland,International City,Non-Member,2023-10-30
8498,Fan_08498,Non-binary,35-44,Australia,International City,Red Member,2024-08-16
8499,Fan_08499,Non-binary,18-24,UK,London,Non-Member,2022-03-05
8500,Fan_08500,Female,55+,Egypt,International City,Non-Member,2021-09-18
8501,Fan_08501,Non-binary,18-24,UK,London,Full Member,2023-06-16
8502,Fan_08502,Female,18-24,China,International City,Non-Member,2024-07-17
8503,Fan_08503,Female,35-44,UK,London,Non-Member,2023-08-31
8504,Fan_08504,Female,Under 18,UK,London,Non-Member,2023-07-07
8505,Fan_08505,Non-binary,Under 18,UK,Liverpool,Full Member,2023-03-03
8506,Fan_08506,Non-binary,35-44,UK,London,Red Member,2022-05-06
8507,Fan_08507,Non-binary,Under 18,Australia,International City,Non-Member,2023-09-16
8508,Fan_08508,Male,18-24,Egypt,International City,Full Member,2024-05-19
8509,Fan_08509,Non-binary,55+,UK,London,Full Member,2020-10-06
8510,Fan_08510,Female,18-24,UK,London,Non-Member,2020-04-17
8511,Fan_08511,Male,35-44,UK,Liverpool,Junior Member,2023-02-16
8512,Fan_08512,Female,Under 18,China,International City,Red Member,2023-10-15
8513,Fan_08513,Male,18-24,China,International City,Red Member,2022-04-27
8514,Fan_08514,Female,55+,Norway,International City,Red Member,2021-10-31
8515,Fan_08515,Non-binary,18-24,Norway,International City,Non-Member,2021-06-27
8516,Fan_08516,Female,55+,UK,London,Red Member,2023-10-15
8517,Fan_08517,Female,55+,China,International City,Red Member,2023-08-27
8518,Fan_08518,Female,35-44,Australia,International City,Red Member,2022-02-28
8519,Fan_08519,Non-binary,Under 18,Egypt,International City,Non-Member,2021-12-23
8520,Fan_08520,Non-binary,18-24,UK,London,Red Member,2023-07-28
8521,Fan_08521,Female,55+,China,International City,Red Member,2021-06-18
8522,Fan_08522,Female,45-54,Ireland,International City,Non-Member,2021-03-15
8523,Fan_08523,Male,18-24,USA,International City,Red Member,2020-03-15
8524,Fan_08524,Female,35-44,UK,Liverpool,Red Member,2021-01-30
8525,Fan_08525,Male,Under 18,UK,Liverpool,Non-Member,2021-08-20
8526,Fan_08526,Non-binary,45-54,UK,London,Red Member,2022-06-26
8527,Fan_08527,Male,25-34,UK,Liverpool,Non-Member,2020-04-13
8528,Fan_08528,Non-binary,45-54,UK,London,Non-Member,2023-03-16
8529,Fan_08529,Female,55+,Egypt,International City,Full Member,2020-02-14
8530,Fan_08530,Non-binary,Under 18,UK,Liverpool,Non-Member,2021-04-03
8531,Fan_08531,Non-binary,25-34,UK,Liverpool,Non-Member,2023-01-17
8532,Fan_08532,Male,18-24,UK,Liverpool,Non-Member,2023-12-24
8533,Fan_08533,Non-binary,35-44,Egypt,International City,Red Member,2022-04-21
8534,Fan_08534,Male,18-24,China,International City,Red Member,2023-10-07
8535,Fan_08535,Non-binary,55+,Thailand,International City,Non-Member,2024-05-15
8536,Fan_08536,Male,45-54,UK,London,Non-Member,2020-01-04
8537,Fan_08537,Male,55+,USA,International City,Red Member,2023-06-14
8538,Fan_08538,Female,Under 18,UK,Liverpool,Non-Member,2022-01-14
8539,Fan_08539,Male,45-54,UK,London,Non-Member,2021-12-16
8540,Fan_08540,Non-binary,25-34,USA,International City,Full Member,2024-08-30
8541,Fan_08541,Female,25-34,China,International City,Full Member,2023-05-10
8542,Fan_08542,Male,35-44,UK,London,Non-Member,2023-12-11
8543,Fan_08543,Non-binary,35-44,UK,London,Non-Member,2020-08-19
8544,Fan_08544,Non-binary,18-24,UK,London,Non-Member,2021-10-01
8545,Fan_08545,Female,55+,UK,Liverpool,Junior Member,2024-01-13
8546,Fan_08546,Male,35-44,UK,London,Non-Member,2020-01-23
8547,Fan_08547,Male,18-24,Thailand,International City,Non-Member,2022-04-02
8548,Fan_08548,Non-binary,35-44,Egypt,International City,Non-Member,2021-11-25
8549,Fan_08549,Male,25-34,UK,Liverpool,Red Member,2021-05-04
8550,Fan_08550,Male,Under 18,UK,London,Full Member,2020-09-15
8551,Fan_08551,Female,18-24,USA,International City,Non-Member,2021-01-02
8552,Fan_08552,Female,35-44,USA,International City,Red Member,2022-03-26
8553,Fan_08553,Male,35-44,UK,London,Non-Member,2022-04-27
8554,Fan_08554,Male,35-44,UK,London,Premium/Lounge,2020-10-25
8555,Fan_08555,Female,25-34,UK,Liverpool,Non-Member,2022-05-12
8556,Fan_08556,Male,Under 18,USA,International City,Junior Member,2021-05-10
8557,Fan_08557,Non-binary,35-44,USA,International City,Premium/Lounge,2020-04-27
8558,Fan_08558,Female,Under 18,UK,Liverpool,Non-Member,2020-01-16
8559,Fan_08559,Non-binary,35-44,UK,Liverpool,Full Member,2022-09-25
8560,Fan_08560,Male,25-34,UK,Liverpool,Red Member,2020-06-04
8561,Fan_08561,Male,18-24,China,International City,Non-Member,2023-11-30
8562,Fan_08562,Male,35-44,Egypt,International City,Red Member,2024-11-15
8563,Fan_08563,Non-binary,18-24,Australia,International City,Non-Member,2021-05-08
8564,Fan_08564,Male,45-54,UK,Liverpool,Non-Member,2024-04-05
8565,Fan_08565,Male,Under 18,Australia,International City,Full Member,2024-11-06
8566,Fan_08566,Female,55+,UK,London,Full Member,2023-12-06
8567,Fan_08567,Female,25-34,UK,Liverpool,Red Member,2024-08-01
8568,Fan_08568,Non-binary,25-34,UK,Liverpool,Non-Member,2020-10-24
8569,Fan_08569,Male,Under 18,UK,Liverpool,Non-Member,2021-07-09
8570,Fan_08570,Female,35-44,UK,London,Premium/Lounge,2022-12-18
8571,Fan_08571,Non-binary,25-34,UK,Liverpool,Junior Member,2020-08-14
8572,Fan_08572,Male,18-24,Thailand,International City,Junior Member,2020-03-11
8573,Fan_08573,Non-binary,Under 18,UK,London,Red Member,2023-12-25
8574,Fan_08574,Male,25-34,UK,Liverpool,Non-Member,2020-04-12
8575,Fan_08575,Male,18-24,Thailand,International City,Non-Member,2022-03-12
8576,Fan_08576,Female,55+,China,International City,Non-Member,2021-04-04
8577,Fan_08577,Male,18-24,USA,International City,Non-Member,2021-10-08
8578,Fan_08578,Non-binary,25-34,Norway,International City,Junior Member,2021-09-11
8579,Fan_08579,Male,Under 18,UK,Liverpool,Full Member,2024-08-05
8580,Fan_08580,Female,Under 18,Egypt,International City,Red Member,2024-04-28
8581,Fan_08581,Female,Under 18,UK,London,Full Member,2023-08-17
8582,Fan_08582,Female,Under 18,UK,London,Premium/Lounge,2021-07-06
8583,Fan_08583,Male,Under 18,USA,International City,Non-Member,2021-11-29
8584,Fan_08584,Non-binary,45-54,China,International City,Non-Member,2023-02-04
8585,Fan_08585,Male,18-24,Australia,International City,Full Member,2024-08-05
8586,Fan_08586,Non-binary,35-44,Egypt,International City,Non-Member,2022-07-08
8587,Fan_08587,Non-binary,25-34,Ireland,International City,Red Member,2022-12-19
8588,Fan_08588,Non-binary,35-44,UK,Liverpool,Red Member,2020-03-16
8589,Fan_08589,Female,55+,UK,Liverpool,Non-Member,2023-11-12
8590,Fan_08590,Non-binary,18-24,China,International City,Non-Member,2024-04-12
8591,Fan_08591,Male,Under 18,Australia,International City,Junior Member,2021-12-11
8592,Fan_08592,Female,45-54,China,International City,Non-Member,2024-05-05
8593,Fan_08593,Non-binary,18-24,UK,Liverpool,Non-Member,2024-01-09
8594,Fan_08594,Male,35-44,Ireland,International City,Full Member,2021-03-09
8595,Fan_08595,Female,Under 18,UK,London,Red Member,2023-05-18
8596,Fan_08596,Female,55+,China,International City,Non-Member,2020-03-29
8597,Fan_08597,Non-binary,55+,UK,London,Non-Member,2024-11-16
8598,Fan_08598,Non-binary,25-34,UK,Liverpool,Full Member,2021-02-18
8599,Fan_08599,Non-binary,35-44,UK,Liverpool,Red Member,2024-11-06
8600,Fan_08600,Female,35-44,UK,London,Non-Member,2024-11-15
8601,Fan_08601,Non-binary,25-34,UK,Liverpool,Red Member,2020-10-28
8602,Fan_08602,Non-binary,18-24,Ireland,International City,Red Member,2020-08-14
8603,Fan_08603,Non-binary,18-24,Thailand,International City,Red Member,2020-02-23
8604,Fan_08604,Male,55+,China,International City,Full Member,2022-02-23
8605,Fan_08605,Male,Under 18,China,International City,Full Member,2022-06-12
8606,Fan_08606,Male,55+,Egypt,International City,Non-Member,2020-02-24
8607,Fan_08607,Male,35-44,Thailand,International City,Non-Member,2023-04-18
8608,Fan_08608,Male,45-54,Ireland,International City,Non-Member,2024-09-25
8609,Fan_08609,Male,45-54,Thailand,International City,Non-Member,2023-08-31
8610,Fan_08610,Male,Under 18,USA,International City,Non-Member,2020-10-05
8611,Fan_08611,Non-binary,35-44,Norway,International City,Junior Member,2020-12-10
8612,Fan_08612,Male,25-34,Egypt,International City,Junior Member,2023-09-27
8613,Fan_08613,Non-binary,35-44,Australia,International City,Red Member,2024-08-13
8614,Fan_08614,Female,Under 18,Norway,International City,Non-Member,2021-07-22
8615,Fan_08615,Non-binary,35-44,Australia,International City,Non-Member,2023-11-29
8616,Fan_08616,Male,Under 18,UK,Liverpool,Full Member,2021-11-18
8617,Fan_08617,Non-binary,55+,USA,International City,Premium/Lounge,2024-02-14
8618,Fan_08618,Female,25-34,Thailand,International City,Red Member,2020-02-27
8619,Fan_08619,Female,18-24,Norway,International City,Full Member,2021-10-13
8620,Fan_08620,Female,35-44,Thailand,International City,Junior Member,2024-06-22
8621,Fan_08621,Non-binary,Under 18,Egypt,International City,Full Member,2024-08-01
8622,Fan_08622,Female,Under 18,UK,London,Non-Member,2022-01-24
8623,Fan_08623,Male,55+,USA,International City,Full Member,2024-02-21
8624,Fan_08624,Female,25-34,Ireland,International City,Junior Member,2022-12-22
8625,Fan_08625,Non-binary,18-24,Australia,International City,Red Member,2020-04-01
8626,Fan_08626,Male,35-44,UK,Liverpool,Red Member,2024-03-09
8627,Fan_08627,Non-binary,45-54,UK,Liverpool,Red Member,2023-08-01
8628,Fan_08628,Male,25-34,Norway,International City,Red Member,2020-09-04
8629,Fan_08629,Male,55+,Egypt,International City,Non-Member,2022-09-30
8630,Fan_08630,Female,25-34,China,International City,Red Member,2022-07-09
8631,Fan_08631,Non-binary,18-24,UK,Liverpool,Red Member,2024-11-03
8632,Fan_08632,Non-binary,55+,Thailand,International City,Junior Member,2021-11-13
8633,Fan_08633,Non-binary,25-34,Ireland,International City,Non-Member,2023-01-04
8634,Fan_08634,Non-binary,45-54,UK,London,Full Member,2022-08-19
8635,Fan_08635,Male,18-24,China,International City,Red Member,2020-10-23
8636,Fan_08636,Male,Under 18,China,International City,Full Member,2021-02-13
8637,Fan_08637,Female,35-44,UK,Liverpool,Full Member,2023-03-29
8638,Fan_08638,Female,Under 18,UK,London,Full Member,2020-07-01
8639,Fan_08639,Female,45-54,Egypt,International City,Full Member,2021-01-22
8640,Fan_08640,Non-binary,Under 18,UK,London,Non-Member,2023-07-08
8641,Fan_08641,Non-binary,35-44,UK,London,Full Member,2021-03-19
8642,Fan_08642,Female,45-54,UK,London,Non-Member,2022-11-21
8643,Fan_08643,Non-binary,35-44,China,International City,Red Member,2021-04-20
8644,Fan_08644,Female,18-24,UK,London,Red Member,2023-11-13
8645,Fan_08645,Non-binary,55+,UK,London,Non-Member,2024-05-07
8646,Fan_08646,Female,25-34,Egypt,International City,Red Member,2022-10-29
8647,Fan_08647,Non-binary,18-24,UK,London,Red Member,2023-04-25
8648,Fan_08648,Non-binary,18-24,Australia,International City,Non-Member,2024-03-07
8649,Fan_08649,Male,45-54,UK,London,Non-Member,2024-06-27
8650,Fan_08650,Male,Under 18,UK,London,Red Member,2023-08-13
8651,Fan_08651,Non-binary,35-44,USA,International City,Red Member,2020-01-17
8652,Fan_08652,Female,55+,UK,Liverpool,Junior Member,2024-07-19
8653,Fan_08653,Female,55+,USA,International City,Full Member,2020-04-23
8654,Fan_08654,Female,55+,UK,London,Full Member,2022-10-10
8655,Fan_08655,Female,45-54,China,International City,Non-Member,2022-07-28
8656,Fan_08656,Male,55+,UK,London,Non-Member,2021-03-09
8657,Fan_08657,Male,25-34,UK,Liverpool,Non-Member,2022-10-26
8658,Fan_08658,Male,Under 18,Australia,International City,Junior Member,2021-11-07
8659,Fan_08659,Female,Under 18,Norway,International City,Full Member,2020-10-15
8660,Fan_08660,Male,Under 18,USA,International City,Full Member,2021-07-10
8661,Fan_08661,Male,55+,Egypt,International City,Non-Member,2022-02-18
8662,Fan_08662,Non-binary,25-34,Thailand,International City,Red Member,2023-08-11
8663,Fan_08663,Male,45-54,UK,Liverpool,Non-Member,2021-02-07
8664,Fan_08664,Female,45-54,UK,Liverpool,Red Member,2024-08-20
8665,Fan_08665,Male,45-54,USA,International City,Red Member,2021-10-07
8666,Fan_08666,Non-binary,25-34,UK,London,Non-Member,2024-05-04
8667,Fan_08667,Non-binary,25-34,Thailand,International City,Non-Member,2024-06-30
8668,Fan_08668,Non-binary,Under 18,UK,London,Non-Member,2021-09-06
8669,Fan_08669,Non-binary,45-54,UK,Liverpool,Red Member,2021-06-17
8670,Fan_08670,Male,25-34,Thailand,International City,Non-Member,2024-09-19
8671,Fan_08671,Male,Under 18,Thailand,International City,Non-Member,2020-08-06
8672,Fan_08672,Male,45-54,Egypt,International City,Red Member,2024-12-01
8673,Fan_08673,Non-binary,35-44,Ireland,International City,Full Member,2023-06-28
8674,Fan_08674,Male,18-24,Ireland,International City,Non-Member,2024-04-10
8675,Fan_08675,Non-binary,18-24,Ireland,International City,Red Member,2022-07-07
8676,Fan_08676,Female,45-54,UK,London,Full Member,2020-06-07
8677,Fan_08677,Non-binary,35-44,UK,London,Non-Member,2024-10-17
8678,Fan_08678,Female,35-44,UK,London,Non-Member,2023-08-09
8679,Fan_08679,Female,25-34,UK,Liverpool,Junior Member,2020-11-26
8680,Fan_08680,Female,25-34,UK,London,Non-Member,2022-05-02
8681,Fan_08681,Male,Under 18,UK,London,Non-Member,2021-11-30
8682,Fan_08682,Female,35-44,China,International City,Full Member,2023-12-23
8683,Fan_08683,Male,18-24,Australia,International City,Full Member,2021-05-26
8684,Fan_08684,Female,Under 18,Egypt,International City,Red Member,2024-09-09
8685,Fan_08685,Male,55+,UK,Liverpool,Non-Member,2021-04-14
8686,Fan_08686,Male,45-54,UK,London,Red Member,2024-09-02
8687,Fan_08687,Male,55+,UK,Liverpool,Full Member,2020-04-13
8688,Fan_08688,Male,18-24,USA,International City,Full Member,2022-12-12
8689,Fan_08689,Non-binary,25-34,UK,London,Non-Member,2022-03-12
8690,Fan_08690,Male,25-34,UK,London,Full Member,2024-04-10
8691,Fan_08691,Male,55+,China,International City,Non-Member,2020-01-01
8692,Fan_08692,Non-binary,Under 18,UK,London,Red Member,2021-11-23
8693,Fan_08693,Male,35-44,USA,International City,Red Member,2020-03-26
8694,Fan_08694,Female,35-44,Thailand,International City,Non-Member,2023-09-22
8695,Fan_08695,Female,25-34,UK,Liverpool,Non-Member,2021-01-27
8696,Fan_08696,Female,35-44,UK,Liverpool,Red Member,2024-02-05
8697,Fan_08697,Female,45-54,UK,London,Non-Member,2021-11-04
8698,Fan_08698,Non-binary,25-34,USA,International City,Full Member,2020-08-26
8699,Fan_08699,Non-binary,45-54,USA,International City,Non-Member,2023-09-27
8700,Fan_08700,Non-binary,18-24,UK,Liverpool,Full Member,2020-05-01
8701,Fan_08701,Female,18-24,China,International City,Junior Member,2024-07-02
8702,Fan_08702,Male,Under 18,UK,Liverpool,Full Member,2024-11-01
8703,Fan_08703,Male,55+,UK,Liverpool,Non-Member,2020-11-23
8704,Fan_08704,Non-binary,45-54,Thailand,International City,Non-Member,2022-10-28
8705,Fan_08705,Female,Under 18,UK,London,Premium/Lounge,2020-06-21
8706,Fan_08706,Female,55+,UK,Liverpool,Junior Member,2022-03-23
8707,Fan_08707,Non-binary,18-24,Thailand,International City,Full Member,2020-09-04
8708,Fan_08708,Female,25-34,UK,Liverpool,Non-Member,2020-01-12
8709,Fan_08709,Non-binary,Under 18,UK,Liverpool,Non-Member,2022-07-11
8710,Fan_08710,Male,Under 18,UK,Liverpool,Full Member,2022-11-02
8711,Fan_08711,Female,55+,Ireland,International City,Non-Member,2022-06-11
8712,Fan_08712,Non-binary,45-54,Thailand,International City,Red Member,2022-03-11
8713,Fan_08713,Female,45-54,USA,International City,Non-Member,2023-01-18
8714,Fan_08714,Male,35-44,UK,Liverpool,Non-Member,2024-06-24
8715,Fan_08715,Male,18-24,Thailand,International City,Full Member,2022-02-28
8716,Fan_08716,Non-binary,25-34,USA,International City,Full Member,2020-07-27
8717,Fan_08717,Female,25-34,USA,International City,Junior Member,2023-08-02
8718,Fan_08718,Male,25-34,Thailand,International City,Non-Member,2024-06-17
8719,Fan_08719,Non-binary,55+,UK,Liverpool,Non-Member,2020-07-13
8720,Fan_08720,Non-binary,25-34,UK,London,Non-Member,2021-03-21
8721,Fan_08721,Non-binary,18-24,UK,London,Non-Member,2021-08-16
8722,Fan_08722,Non-binary,Under 18,UK,Liverpool,Junior Member,2020-09-13
8723,Fan_08723,Non-binary,25-34,UK,Liverpool,Red Member,2020-12-22
8724,Fan_08724,Female,Under 18,USA,International City,Full Member,2021-05-12
8725,Fan_08725,Male,Under 18,China,International City,Non-Member,2021-10-03
8726,Fan_08726,Female,18-24,UK,Liverpool,Non-Member,2023-01-04
8727,Fan_08727,Female,Under 18,USA,International City,Red Member,2022-08-28
8728,Fan_08728,Male,45-54,UK,London,Junior Member,2021-02-09
8729,Fan_08729,Non-binary,55+,Ireland,International City,Full Member,2023-04-23
8730,Fan_08730,Non-binary,35-44,China,International City,Full Member,2023-12-17
8731,Fan_08731,Non-binary,35-44,USA,International City,Red Member,2021-09-11
8732,Fan_08732,Non-binary,35-44,UK,Liverpool,Red Member,2024-11-02
8733,Fan_08733,Female,55+,UK,London,Red Member,2020-12-31
8734,Fan_08734,Male,Under 18,UK,Liverpool,Non-Member,2024-09-01
8735,Fan_08735,Female,Under 18,UK,Liverpool,Non-Member,2023-11-09
8736,Fan_08736,Non-binary,55+,Australia,International City,Red Member,2020-10-23
8737,Fan_08737,Male,25-34,UK,Liverpool,Non-Member,2021-01-09
8738,Fan_08738,Female,25-34,USA,International City,Non-Member,2022-06-13
8739,Fan_08739,Non-binary,45-54,China,International City,Full Member,2023-10-06
8740,Fan_08740,Female,35-44,UK,Liverpool,Premium/Lounge,2024-01-22
8741,Fan_08741,Non-binary,55+,China,International City,Non-Member,2023-04-04
8742,Fan_08742,Female,55+,Egypt,International City,Non-Member,2021-03-25
8743,Fan_08743,Non-binary,Under 18,Egypt,International City,Full Member,2020-12-12
8744,Fan_08744,Non-binary,18-24,Egypt,International City,Red Member,2023-08-20
8745,Fan_08745,Non-binary,18-24,UK,Liverpool,Premium/Lounge,2024-09-04
8746,Fan_08746,Non-binary,55+,USA,International City,Red Member,2022-11-22
8747,Fan_08747,Non-binary,Under 18,UK,Liverpool,Non-Member,2021-01-04
8748,Fan_08748,Male,25-34,Ireland,International City,Red Member,2024-05-02
8749,Fan_08749,Male,Under 18,Ireland,International City,Red Member,2023-06-11
8750,Fan_08750,Female,45-54,Thailand,International City,Non-Member,2020-05-24
8751,Fan_08751,Non-binary,45-54,UK,Liverpool,Full Member,2021-01-18
8752,Fan_08752,Male,55+,Australia,International City,Non-Member,2021-10-14
8753,Fan_08753,Female,55+,UK,London,Non-Member,2021-12-09
8754,Fan_08754,Non-binary,Under 18,UK,Liverpool,Red Member,2022-09-08
8755,Fan_08755,Non-binary,45-54,UK,London,Premium/Lounge,2021-09-01
8756,Fan_08756,Female,55+,Egypt,International City,Full Member,2023-06-02
8757,Fan_08757,Female,18-24,Thailand,International City,Red Member,2022-07-23
8758,Fan_08758,Non-binary,35-44,UK,Liverpool,Non-Member,2024-04-23
8759,Fan_08759,Male,25-34,UK,London,Full Member,2022-01-04
8760,Fan_08760,Female,45-54,UK,Liverpool,Non-Member,2024-02-24
8761,Fan_08761,Male,18-24,UK,London,Red Member,2023-04-08
8762,Fan_08762,Male,18-24,UK,London,Junior Member,2020-03-11
8763,Fan_08763,Female,45-54,China,International City,Non-Member,2021-12-19
8764,Fan_08764,Female,18-24,UK,London,Full Member,2023-11-11
8765,Fan_08765,Non-binary,55+,UK,London,Non-Member,2020-02-23
8766,Fan_08766,Female,35-44,Thailand,International City,Non-Member,2021-12-02
8767,Fan_08767,Female,18-24,UK,Liverpool,Red Member,2024-03-28
8768,Fan_08768,Male,25-34,UK,Liverpool,Junior Member,2020-03-03
8769,Fan_08769,Male,35-44,UK,London,Non-Member,2020-10-15
8770,Fan_08770,Female,55+,UK,London,Red Member,2024-09-23
8771,Fan_08771,Female,Under 18,Norway,International City,Junior Member,2021-02-10
8772,Fan_08772,Male,18-24,Australia,International City,Full Member,2024-08-17
8773,Fan_08773,Male,18-24,Egypt,International City,Red Member,2020-06-13
8774,Fan_08774,Male,45-54,USA,International City,Full Member,2023-09-01
8775,Fan_08775,Non-binary,18-24,China,International City,Red Member,2024-10-28
8776,Fan_08776,Non-binary,55+,UK,Liverpool,Premium/Lounge,2021-10-17
8777,Fan_08777,Male,Under 18,UK,Liverpool,Non-Member,2022-06-22
8778,Fan_08778,Female,45-54,China,International City,Red Member,2021-05-15
8779,Fan_08779,Female,18-24,China,International City,Non-Member,2020-06-28
8780,Fan_08780,Male,18-24,UK,Liverpool,Non-Member,2020-02-03
8781,Fan_08781,Non-binary,35-44,Egypt,International City,Non-Member,2021-05-08
8782,Fan_08782,Non-binary,25-34,UK,Liverpool,Full Member,2021-06-15
8783,Fan_08783,Male,Under 18,Australia,International City,Non-Member,2024-07-25
8784,Fan_08784,Male,45-54,Egypt,International City,Non-Member,2021-05-13
8785,Fan_08785,Female,25-34,China,International City,Full Member,2022-02-01
8786,Fan_08786,Male,55+,China,International City,Non-Member,2020-04-01
8787,Fan_08787,Male,25-34,UK,London,Non-Member,2023-12-17
8788,Fan_08788,Male,35-44,UK,London,Non-Member,2020-10-02
8789,Fan_08789,Female,35-44,Egypt,International City,Non-Member,2022-05-19
8790,Fan_08790,Non-binary,35-44,Ireland,International City,Red Member,2022-07-01
8791,Fan_08791,Non-binary,18-24,Ireland,International City,Non-Member,2024-04-04
8792,Fan_08792,Non-binary,45-54,UK,London,Red Member,2024-10-31
8793,Fan_08793,Male,Under 18,UK,London,Non-Member,2021-01-19
8794,Fan_08794,Female,55+,Ireland,International City,Red Member,2021-06-07
8795,Fan_08795,Female,25-34,UK,Liverpool,Non-Member,2020-08-01
8796,Fan_08796,Male,Under 18,UK,Liverpool,Non-Member,2021-08-25
8797,Fan_08797,Male,Under 18,USA,International City,Non-Member,2023-07-12
8798,Fan_08798,Male,18-24,UK,London,Red Member,2022-01-20
8799,Fan_08799,Female,45-54,UK,Liverpool,Non-Member,2020-09-29
8800,Fan_08800,Male,55+,UK,Liverpool,Junior Member,2020-09-18
8801,Fan_08801,Male,45-54,Australia,International City,Red Member,2022-05-16
8802,Fan_08802,Non-binary,35-44,China,International City,Non-Member,2023-09-07
8803,Fan_08803,Male,55+,UK,Liverpool,Red Member,2024-06-27
8804,Fan_08804,Non-binary,45-54,China,International City,Full Member,2023-02-09
8805,Fan_08805,Non-binary,45-54,Norway,International City,Red Member,2022-10-02
8806,Fan_08806,Female,55+,USA,International City,Red Member,2022-01-29
8807,Fan_08807,Female,35-44,UK,London,Full Member,2020-06-05
8808,Fan_08808,Non-binary,45-54,UK,Liverpool,Non-Member,2022-12-27
8809,Fan_08809,Male,45-54,Thailand,International City,Red Member,2023-08-10
8810,Fan_08810,Male,Under 18,Ireland,International City,Non-Member,2022-11-03
8811,Fan_08811,Male,Under 18,Norway,International City,Non-Member,2022-01-09
8812,Fan_08812,Female,25-34,UK,Liverpool,Junior Member,2022-10-23
8813,Fan_08813,Non-binary,Under 18,USA,International City,Full Member,2024-02-17
8814,Fan_08814,Non-binary,18-24,USA,International City,Non-Member,2020-08-20
8815,Fan_08815,Non-binary,55+,Egypt,International City,Non-Member,2022-10-18
8816,Fan_08816,Non-binary,35-44,Thailand,International City,Premium/Lounge,2021-09-30
8817,Fan_08817,Non-binary,Under 18,China,International City,Non-Member,2023-07-06
8818,Fan_08818,Male,25-34,Ireland,International City,Red Member,2024-07-06
8819,Fan_08819,Non-binary,18-24,UK,Liverpool,Full Member,2020-08-05
8820,Fan_08820,Non-binary,55+,China,International City,Red Member,2021-05-03
8821,Fan_08821,Female,55+,Ireland,International City,Non-Member,2020-03-08
8822,Fan_08822,Female,45-54,UK,Liverpool,Non-Member,2024-04-20
8823,Fan_08823,Female,Under 18,UK,Liverpool,Junior Member,2023-02-28
8824,Fan_08824,Female,18-24,UK,London,Red Member,2021-10-05
8825,Fan_08825,Female,Under 18,USA,International City,Non-Member,2020-04-21
8826,Fan_08826,Female,55+,China,International City,Non-Member,2024-04-21
8827,Fan_08827,Non-binary,55+,UK,London,Non-Member,2021-01-15
8828,Fan_08828,Female,25-34,UK,Liverpool,Junior Member,2023-08-21
8829,Fan_08829,Male,55+,UK,Liverpool,Red Member,2021-06-30
8830,Fan_08830,Male,35-44,UK,Liverpool,Premium/Lounge,2022-11-23
8831,Fan_08831,Non-binary,55+,China,International City,Red Member,2022-07-22
8832,Fan_08832,Non-binary,45-54,USA,International City,Red Member,2023-01-06
8833,Fan_08833,Male,55+,Thailand,International City,Junior Member,2024-02-03
8834,Fan_08834,Male,Under 18,UK,Liverpool,Junior Member,2020-03-20
8835,Fan_08835,Male,55+,USA,International City,Junior Member,2020-01-19
8836,Fan_08836,Non-binary,25-34,UK,London,Red Member,2024-04-05
8837,Fan_08837,Male,25-34,UK,Liverpool,Red Member,2020-08-04
8838,Fan_08838,Female,25-34,Australia,International City,Junior Member,2022-10-04
8839,Fan_08839,Non-binary,Under 18,Egypt,International City,Non-Member,2020-07-13
8840,Fan_08840,Female,45-54,UK,Liverpool,Red Member,2022-04-17
8841,Fan_08841,Male,45-54,Norway,International City,Red Member,2021-06-10
8842,Fan_08842,Female,18-24,UK,London,Premium/Lounge,2021-08-21
8843,Fan_08843,Female,Under 18,UK,Liverpool,Junior Member,2021-06-13
8844,Fan_08844,Non-binary,35-44,Egypt,International City,Red Member,2020-06-17
8845,Fan_08845,Male,45-54,UK,Liverpool,Red Member,2022-08-12
8846,Fan_08846,Male,18-24,China,International City,Non-Member,2020-11-17
8847,Fan_08847,Male,55+,UK,Liverpool,Non-Member,2023-09-12
8848,Fan_08848,Male,35-44,UK,London,Non-Member,2020-10-02
8849,Fan_08849,Non-binary,35-44,UK,Liverpool,Premium/Lounge,2022-12-21
8850,Fan_08850,Non-binary,35-44,Egypt,International City,Full Member,2021-06-09
8851,Fan_08851,Non-binary,Under 18,Thailand,International City,Premium/Lounge,2021-03-13
8852,Fan_08852,Male,25-34,Ireland,International City,Non-Member,2022-11-17
8853,Fan_08853,Female,45-54,UK,Liverpool,Full Member,2024-12-03
8854,Fan_08854,Non-binary,45-54,China,International City,Full Member,2020-10-19
8855,Fan_08855,Non-binary,18-24,UK,Liverpool,Non-Member,2022-08-14
8856,Fan_08856,Non-binary,Under 18,UK,London,Non-Member,2023-10-24
8857,Fan_08857,Non-binary,35-44,UK,London,Premium/Lounge,2021-08-13
8858,Fan_08858,Male,25-34,UK,London,Red Member,2023-11-12
8859,Fan_08859,Male,45-54,UK,Liverpool,Non-Member,2020-12-06
8860,Fan_08860,Female,45-54,USA,International City,Non-Member,2024-07-30
8861,Fan_08861,Male,Under 18,Norway,International City,Non-Member,2021-07-09
8862,Fan_08862,Female,25-34,UK,Liverpool,Non-Member,2024-02-01
8863,Fan_08863,Female,55+,UK,London,Red Member,2021-08-29
8864,Fan_08864,Non-binary,25-34,UK,Liverpool,Non-Member,2022-02-17
8865,Fan_08865,Non-binary,55+,UK,London,Non-Member,2021-02-24
8866,Fan_08866,Female,25-34,UK,London,Non-Member,2023-07-28
8867,Fan_08867,Male,55+,UK,London,Non-Member,2020-02-26
8868,Fan_08868,Male,18-24,UK,London,Junior Member,2022-04-03
8869,Fan_08869,Non-binary,18-24,Ireland,International City,Non-Member,2024-05-24
8870,Fan_08870,Male,18-24,UK,London,Non-Member,2023-10-14
8871,Fan_08871,Non-binary,35-44,UK,London,Red Member,2023-09-01
8872,Fan_08872,Female,18-24,UK,Liverpool,Full Member,2021-06-27
8873,Fan_08873,Male,25-34,Australia,International City,Premium/Lounge,2022-05-19
8874,Fan_08874,Female,Under 18,UK,London,Junior Member,2021-10-02
8875,Fan_08875,Non-binary,45-54,Australia,International City,Junior Member,2023-06-05
8876,Fan_08876,Male,35-44,UK,London,Junior Member,2020-06-23
8877,Fan_08877,Female,25-34,Egypt,International City,Red Member,2021-03-05
8878,Fan_08878,Female,45-54,USA,International City,Non-Member,2022-04-02
8879,Fan_08879,Male,55+,Egypt,International City,Full Member,2023-07-03
8880,Fan_08880,Male,25-34,UK,London,Full Member,2023-04-03
8881,Fan_08881,Female,Under 18,Ireland,International City,Non-Member,2024-06-24
8882,Fan_08882,Female,45-54,UK,London,Red Member,2023-04-29
8883,Fan_08883,Non-binary,Under 18,UK,Liverpool,Junior Member,2021-02-26
8884,Fan_08884,Non-binary,55+,Australia,International City,Red Member,2024-11-28
8885,Fan_08885,Male,45-54,Ireland,International City,Red Member,2020-03-02
8886,Fan_08886,Female,25-34,UK,London,Non-Member,2024-11-22
8887,Fan_08887,Non-binary,55+,Norway,International City,Red Member,2020-06-29
8888,Fan_08888,Non-binary,55+,Thailand,International City,Red Member,2024-07-13
8889,Fan_08889,Female,18-24,UK,London,Red Member,2021-01-05
8890,Fan_08890,Female,35-44,UK,Liverpool,Red Member,2022-09-15
8891,Fan_08891,Female,45-54,UK,London,Red Member,2021-06-25
8892,Fan_08892,Male,Under 18,Thailand,International City,Non-Member,2022-05-24
8893,Fan_08893,Male,35-44,UK,Liverpool,Non-Member,2022-03-02
8894,Fan_08894,Non-binary,45-54,Egypt,International City,Non-Member,2022-03-10
8895,Fan_08895,Male,55+,UK,Liverpool,Junior Member,2022-07-25
8896,Fan_08896,Male,35-44,UK,Liverpool,Red Member,2023-04-30
8897,Fan_08897,Non-binary,25-34,UK,Liverpool,Full Member,2024-11-07
8898,Fan_08898,Female,Under 18,UK,Liverpool,Full Member,2020-07-25
8899,Fan_08899,Female,Under 18,UK,London,Red Member,2020-11-17
8900,Fan_08900,Female,55+,UK,London,Non-Member,2023-05-20
8901,Fan_08901,Male,Under 18,USA,International City,Premium/Lounge,2022-06-08
8902,Fan_08902,Non-binary,18-24,UK,Liverpool,Non-Member,2024-09-21
8903,Fan_08903,Non-binary,25-34,Ireland,International City,Red Member,2020-03-04
8904,Fan_08904,Non-binary,18-24,USA,International City,Red Member,2020-10-05
8905,Fan_08905,Male,55+,UK,Liverpool,Red Member,2021-08-30
8906,Fan_08906,Female,Under 18,UK,London,Non-Member,2020-09-26
8907,Fan_08907,Male,55+,UK,London,Junior Member,2023-11-19
8908,Fan_08908,Non-binary,25-34,China,International City,Non-Member,2023-10-12
8909,Fan_08909,Non-binary,45-54,Ireland,International City,Red Member,2021-06-13
8910,Fan_08910,Female,45-54,UK,Liverpool,Full Member,2022-01-02
8911,Fan_08911,Male,35-44,UK,Liverpool,Non-Member,2024-05-29
8912,Fan_08912,Non-binary,25-34,Norway,International City,Full Member,2022-04-28
8913,Fan_08913,Female,25-34,China,International City,Non-Member,2023-05-23
8914,Fan_08914,Non-binary,25-34,Australia,International City,Junior Member,2023-06-30
8915,Fan_08915,Non-binary,45-54,UK,Liverpool,Non-Member,2020-12-20
8916,Fan_08916,Non-binary,18-24,USA,International City,Junior Member,2020-08-11
8917,Fan_08917,Non-binary,25-34,Norway,International City,Junior Member,2024-01-30
8918,Fan_08918,Male,35-44,Ireland,International City,Junior Member,2020-08-06
8919,Fan_08919,Male,18-24,Egypt,International City,Non-Member,2023-10-30
8920,Fan_08920,Male,18-24,UK,Liverpool,Full Member,2021-03-03
8921,Fan_08921,Non-binary,18-24,USA,International City,Red Member,2022-03-04
8922,Fan_08922,Female,55+,UK,Liverpool,Non-Member,2024-04-18
8923,Fan_08923,Female,Under 18,Australia,International City,Non-Member,2024-01-31
8924,Fan_08924,Female,Under 18,UK,London,Non-Member,2020-11-30
8925,Fan_08925,Female,18-24,Egypt,International City,Red Member,2020-06-11
8926,Fan_08926,Female,Under 18,UK,Liverpool,Non-Member,2023-12-19
8927,Fan_08927,Non-binary,18-24,UK,Liverpool,Non-Member,2022-09-03
8928,Fan_08928,Non-binary,25-34,China,International City,Junior Member,2023-07-27
8929,Fan_08929,Male,45-54,UK,Liverpool,Junior Member,2020-10-03
8930,Fan_08930,Female,35-44,USA,International City,Red Member,2024-06-15
8931,Fan_08931,Non-binary,18-24,UK,London,Red Member,2023-12-02
8932,Fan_08932,Male,55+,UK,London,Red Member,2021-01-31
8933,Fan_08933,Male,55+,China,International City,Red Member,2022-12-01
8934,Fan_08934,Non-binary,45-54,UK,Liverpool,Non-Member,2020-06-12
8935,Fan_08935,Male,18-24,UK,London,Red Member,2020-01-03
8936,Fan_08936,Female,18-24,Norway,International City,Non-Member,2021-06-11
8937,Fan_08937,Non-binary,25-34,UK,Liverpool,Junior Member,2022-12-04
8938,Fan_08938,Non-binary,55+,UK,Liverpool,Red Member,2024-06-06
8939,Fan_08939,Female,Under 18,UK,London,Red Member,2021-12-31
8940,Fan_08940,Male,Under 18,Norway,International City,Non-Member,2021-12-30
8941,Fan_08941,Non-binary,45-54,UK,London,Non-Member,2020-05-14
8942,Fan_08942,Female,18-24,Egypt,International City,Non-Member,2023-09-24
8943,Fan_08943,Female,Under 18,Egypt,International City,Red Member,2023-06-29
8944,Fan_08944,Female,35-44,UK,Liverpool,Non-Member,2020-08-03
8945,Fan_08945,Male,25-34,UK,Liverpool,Non-Member,2024-02-28
8946,Fan_08946,Male,18-24,UK,Liverpool,Junior Member,2023-11-14
8947,Fan_08947,Non-binary,25-34,USA,International City,Full Member,2023-08-01
8948,Fan_08948,Male,45-54,Australia,International City,Non-Member,2022-04-23
8949,Fan_08949,Non-binary,Under 18,Egypt,International City,Non-Member,2023-05-29
8950,Fan_08950,Male,Under 18,UK,Liverpool,Full Member,2023-09-03
8951,Fan_08951,Female,Under 18,Ireland,International City,Non-Member,2024-03-22
8952,Fan_08952,Female,25-34,UK,Liverpool,Non-Member,2021-05-17
8953,Fan_08953,Non-binary,55+,Thailand,International City,Red Member,2023-03-13
8954,Fan_08954,Male,18-24,USA,International City,Non-Member,2021-03-05
8955,Fan_08955,Non-binary,45-54,UK,Liverpool,Red Member,2024-01-17
8956,Fan_08956,Female,Under 18,USA,International City,Red Member,2022-01-08
8957,Fan_08957,Non-binary,Under 18,USA,International City,Non-Member,2020-12-08
8958,Fan_08958,Non-binary,45-54,UK,London,Red Member,2020-04-26
8959,Fan_08959,Male,45-54,USA,International City,Non-Member,2020-05-17
8960,Fan_08960,Female,Under 18,USA,International City,Non-Member,2024-06-16
8961,Fan_08961,Female,Under 18,China,International City,Non-Member,2020-02-19
8962,Fan_08962,Non-binary,45-54,UK,Liverpool,Red Member,2022-10-07
8963,Fan_08963,Female,45-54,Ireland,International City,Junior Member,2024-05-19
8964,Fan_08964,Female,25-34,Norway,International City,Junior Member,2023-01-13
8965,Fan_08965,Male,45-54,UK,Liverpool,Red Member,2023-03-23
8966,Fan_08966,Male,25-34,China,International City,Red Member,2020-03-29
8967,Fan_08967,Female,18-24,UK,Liverpool,Non-Member,2022-03-11
8968,Fan_08968,Non-binary,25-34,USA,International City,Junior Member,2022-03-16
8969,Fan_08969,Non-binary,35-44,UK,Liverpool,Red Member,2020-08-01
8970,Fan_08970,Male,25-34,Egypt,International City,Premium/Lounge,2023-11-13
8971,Fan_08971,Male,55+,UK,London,Full Member,2021-07-07
8972,Fan_08972,Non-binary,25-34,China,International City,Non-Member,2023-10-28
8973,Fan_08973,Female,35-44,Australia,International City,Non-Member,2020-08-05
8974,Fan_08974,Female,25-34,Norway,International City,Full Member,2021-01-31
8975,Fan_08975,Male,45-54,UK,Liverpool,Non-Member,2020-08-06
8976,Fan_08976,Non-binary,35-44,USA,International City,Red Member,2021-06-09
8977,Fan_08977,Non-binary,45-54,UK,Liverpool,Junior Member,2024-12-01
8978,Fan_08978,Female,45-54,Australia,International City,Red Member,2024-02-15
8979,Fan_08979,Female,45-54,Australia,International City,Red Member,2022-07-03
8980,Fan_08980,Male,Under 18,UK,Liverpool,Red Member,2023-08-15
8981,Fan_08981,Female,55+,USA,International City,Non-Member,2022-05-28
8982,Fan_08982,Non-binary,35-44,UK,Liverpool,Full Member,2021-04-28
8983,Fan_08983,Non-binary,35-44,Ireland,International City,Red Member,2023-06-05
8984,Fan_08984,Female,Under 18,UK,London,Non-Member,2020-11-23
8985,Fan_08985,Male,35-44,UK,Liverpool,Junior Member,2021-06-28
8986,Fan_08986,Non-binary,45-54,UK,Liverpool,Non-Member,2021-06-13
8987,Fan_08987,Female,45-54,UK,Liverpool,Non-Member,2021-07-07
8988,Fan_08988,Male,25-34,USA,International City,Non-Member,2022-09-15
8989,Fan_08989,Non-binary,18-24,Ireland,International City,Red Member,2021-12-06
8990,Fan_08990,Female,25-34,UK,Liverpool,Red Member,2024-05-29
8991,Fan_08991,Male,35-44,Thailand,International City,Junior Member,2023-04-22
8992,Fan_08992,Male,55+,UK,Liverpool,Junior Member,2020-11-21
8993,Fan_08993,Male,25-34,Norway,International City,Premium/Lounge,2022-10-13
8994,Fan_08994,Female,35-44,UK,London,Non-Member,2020-05-28
8995,Fan_08995,Male,Under 18,UK,Liverpool,Full Member,2024-05-17
8996,Fan_08996,Non-binary,45-54,UK,Liverpool,Red Member,2024-06-01
8997,Fan_08997,Male,25-34,Thailand,International City,Non-Member,2020-10-17
8998,Fan_08998,Female,18-24,China,International City,Red Member,2024-05-07
8999,Fan_08999,Male,45-54,UK,London,Red Member,2024-05-25
9000,Fan_09000,Male,25-34,China,International City,Red Member,2024-07-19
9001,Fan_09001,Male,35-44,Egypt,International City,Full Member,2023-05-25
9002,Fan_09002,Male,Under 18,UK,Liverpool,Non-Member,2021-07-04
9003,Fan_09003,Male,55+,UK,Liverpool,Red Member,2021-11-23
9004,Fan_09004,Male,18-24,Ireland,International City,Full Member,2022-11-21
9005,Fan_09005,Non-binary,25-34,UK,Liverpool,Full Member,2023-10-23
9006,Fan_09006,Female,55+,Thailand,International City,Red Member,2024-07-29
9007,Fan_09007,Male,35-44,UK,Liverpool,Non-Member,2020-02-20
9008,Fan_09008,Female,35-44,Norway,International City,Non-Member,2024-08-30
9009,Fan_09009,Male,35-44,UK,Liverpool,Non-Member,2020-04-14
9010,Fan_09010,Male,55+,UK,Liverpool,Full Member,2022-09-26
9011,Fan_09011,Female,18-24,UK,Liverpool,Red Member,2023-02-20
9012,Fan_09012,Male,55+,USA,International City,Junior Member,2023-07-28
9013,Fan_09013,Non-binary,35-44,UK,London,Red Member,2021-01-16
9014,Fan_09014,Female,55+,UK,Liverpool,Red Member,2024-06-26
9015,Fan_09015,Non-binary,25-34,UK,Liverpool,Non-Member,2022-02-06
9016,Fan_09016,Female,35-44,Norway,International City,Non-Member,2022-12-08
9017,Fan_09017,Non-binary,55+,UK,London,Red Member,2021-09-21
9018,Fan_09018,Female,45-54,UK,London,Red Member,2021-04-23
9019,Fan_09019,Male,25-34,Ireland,International City,Non-Member,2024-01-26
9020,Fan_09020,Non-binary,45-54,China,International City,Red Member,2022-08-20
9021,Fan_09021,Non-binary,25-34,UK,Liverpool,Junior Member,2023-03-17
9022,Fan_09022,Male,18-24,UK,London,Non-Member,2024-01-01
9023,Fan_09023,Non-binary,45-54,UK,Liverpool,Non-Member,2020-09-08
9024,Fan_09024,Male,Under 18,UK,Liverpool,Red Member,2023-12-01
9025,Fan_09025,Male,55+,UK,London,Junior Member,2020-01-14
9026,Fan_09026,Non-binary,25-34,UK,Liverpool,Premium/Lounge,2021-12-20
9027,Fan_09027,Female,35-44,USA,International City,Non-Member,2022-01-14
9028,Fan_09028,Female,Under 18,Australia,International City,Junior Member,2022-08-09
9029,Fan_09029,Non-binary,35-44,Ireland,International City,Red Member,2020-01-15
9030,Fan_09030,Non-binary,45-54,UK,London,Non-Member,2023-03-27
9031,Fan_09031,Female,55+,UK,Liverpool,Junior Member,2021-09-27
9032,Fan_09032,Female,35-44,UK,Liverpool,Junior Member,2022-07-10
9033,Fan_09033,Female,25-34,China,International City,Red Member,2024-01-13
9034,Fan_09034,Female,35-44,USA,International City,Non-Member,2022-09-11
9035,Fan_09035,Male,45-54,USA,International City,Red Member,2020-09-14
9036,Fan_09036,Non-binary,25-34,UK,Liverpool,Full Member,2020-10-13
9037,Fan_09037,Female,25-34,Thailand,International City,Red Member,2021-10-18
9038,Fan_09038,Female,Under 18,UK,London,Non-Member,2023-03-19
9039,Fan_09039,Non-binary,45-54,Thailand,International City,Red Member,2022-12-19
9040,Fan_09040,Non-binary,35-44,UK,Liverpool,Non-Member,2022-08-16
9041,Fan_09041,Female,18-24,UK,London,Non-Member,2020-01-11
9042,Fan_09042,Male,55+,USA,International City,Junior Member,2023-02-08
9043,Fan_09043,Female,45-54,UK,Liverpool,Non-Member,2023-05-03
9044,Fan_09044,Female,55+,Egypt,International City,Non-Member,2023-08-14
9045,Fan_09045,Female,55+,Egypt,International City,Non-Member,2020-03-12
9046,Fan_09046,Female,18-24,UK,London,Non-Member,2022-04-29
9047,Fan_09047,Male,45-54,USA,International City,Non-Member,2021-05-18
9048,Fan_09048,Male,25-34,UK,Liverpool,Non-Member,2020-04-23
9049,Fan_09049,Non-binary,18-24,UK,London,Full Member,2024-08-07
9050,Fan_09050,Male,Under 18,UK,London,Non-Member,2020-08-17
9051,Fan_09051,Female,55+,Egypt,International City,Non-Member,2022-03-31
9052,Fan_09052,Non-binary,25-34,UK,London,Red Member,2022-12-07
9053,Fan_09053,Female,25-34,Norway,International City,Non-Member,2023-11-27
9054,Fan_09054,Non-binary,35-44,UK,London,Non-Member,2021-12-04
9055,Fan_09055,Female,45-54,UK,London,Red Member,2021-06-02
9056,Fan_09056,Non-binary,18-24,UK,Liverpool,Red Member,2020-05-29
9057,Fan_09057,Non-binary,45-54,USA,International City,Non-Member,2023-08-24
9058,Fan_09058,Female,55+,Norway,International City,Non-Member,2023-09-06
9059,Fan_09059,Female,35-44,UK,London,Full Member,2022-06-03
9060,Fan_09060,Male,45-54,UK,Liverpool,Junior Member,2024-07-07
9061,Fan_09061,Female,55+,Thailand,International City,Premium/Lounge,2023-01-05
9062,Fan_09062,Non-binary,25-34,USA,International City,Non-Member,2022-08-08
9063,Fan_09063,Non-binary,18-24,Ireland,International City,Red Member,2023-10-29
9064,Fan_09064,Non-binary,Under 18,UK,Liverpool,Full Member,2023-06-12
9065,Fan_09065,Non-binary,Under 18,China,International City,Premium/Lounge,2024-08-10
9066,Fan_09066,Female,18-24,China,International City,Non-Member,2024-10-28
9067,Fan_09067,Non-binary,25-34,USA,International City,Full Member,2022-08-21
9068,Fan_09068,Non-binary,18-24,USA,International City,Full Member,2021-02-05
9069,Fan_09069,Non-binary,45-54,USA,International City,Non-Member,2020-10-08
9070,Fan_09070,Non-binary,25-34,USA,International City,Non-Member,2022-09-20
9071,Fan_09071,Female,18-24,Thailand,International City,Red Member,2022-09-12
9072,Fan_09072,Non-binary,45-54,Egypt,International City,Non-Member,2020-07-04
9073,Fan_09073,Female,Under 18,UK,London,Full Member,2024-04-03
9074,Fan_09074,Non-binary,25-34,UK,Liverpool,Junior Member,2024-02-26
9075,Fan_09075,Male,Under 18,Australia,International City,Non-Member,2023-01-10
9076,Fan_09076,Female,18-24,Ireland,International City,Non-Member,2020-09-20
9077,Fan_09077,Female,55+,UK,Liverpool,Non-Member,2023-03-17
9078,Fan_09078,Female,55+,UK,Liverpool,Red Member,2020-12-17
9079,Fan_09079,Non-binary,25-34,UK,Liverpool,Red Member,2023-11-11
9080,Fan_09080,Male,35-44,UK,London,Red Member,2022-05-20
9081,Fan_09081,Male,55+,USA,International City,Non-Member,2023-05-17
9082,Fan_09082,Female,Under 18,UK,Liverpool,Red Member,2020-11-14
9083,Fan_09083,Male,35-44,UK,London,Non-Member,2021-10-23
9084,Fan_09084,Male,25-34,UK,Liverpool,Non-Member,2021-04-26
9085,Fan_09085,Female,25-34,UK,Liverpool,Full Member,2024-03-29
9086,Fan_09086,Female,Under 18,Egypt,International City,Junior Member,2021-07-14
9087,Fan_09087,Female,45-54,UK,London,Non-Member,2021-01-23
9088,Fan_09088,Female,Under 18,China,International City,Red Member,2021-07-27
9089,Fan_09089,Non-binary,45-54,UK,London,Non-Member,2024-02-19
9090,Fan_09090,Non-binary,Under 18,UK,Liverpool,Full Member,2023-08-03
9091,Fan_09091,Non-binary,35-44,Egypt,International City,Non-Member,2020-10-13
9092,Fan_09092,Female,18-24,UK,London,Non-Member,2020-02-19
9093,Fan_09093,Male,35-44,Thailand,International City,Red Member,2020-07-16
9094,Fan_09094,Non-binary,18-24,Australia,International City,Non-Member,2023-10-19
9095,Fan_09095,Male,18-24,UK,Liverpool,Premium/Lounge,2024-11-16
9096,Fan_09096,Female,55+,Norway,International City,Full Member,2021-03-27
9097,Fan_09097,Female,25-34,Norway,International City,Red Member,2021-06-10
9098,Fan_09098,Female,Under 18,USA,International City,Red Member,2020-09-17
9099,Fan_09099,Female,35-44,USA,International City,Non-Member,2021-11-22
9100,Fan_09100,Male,25-34,UK,London,Red Member,2020-07-18
9101,Fan_09101,Female,35-44,UK,Liverpool,Non-Member,2021-11-26
9102,Fan_09102,Male,45-54,Australia,International City,Non-Member,2024-06-23
9103,Fan_09103,Non-binary,55+,China,International City,Non-Member,2023-05-28
9104,Fan_09104,Non-binary,Under 18,UK,London,Non-Member,2020-05-21
9105,Fan_09105,Non-binary,Under 18,UK,London,Non-Member,2021-06-05
9106,Fan_09106,Non-binary,Under 18,UK,Liverpool,Red Member,2020-11-18
9107,Fan_09107,Non-binary,55+,Norway,International City,Red Member,2023-06-09
9108,Fan_09108,Female,45-54,Ireland,International City,Non-Member,2021-08-12
9109,Fan_09109,Female,18-24,USA,International City,Non-Member,2023-12-14
9110,Fan_09110,Male,18-24,Egypt,International City,Full Member,2024-11-06
9111,Fan_09111,Male,18-24,Thailand,International City,Red Member,2020-08-17
9112,Fan_09112,Non-binary,Under 18,Australia,International City,Non-Member,2022-06-23
9113,Fan_09113,Non-binary,55+,UK,Liverpool,Red Member,2021-10-07
9114,Fan_09114,Non-binary,Under 18,USA,International City,Non-Member,2024-06-30
9115,Fan_09115,Non-binary,Under 18,UK,London,Red Member,2023-10-11
9116,Fan_09116,Male,55+,UK,Liverpool,Red Member,2024-10-19
9117,Fan_09117,Non-binary,55+,Ireland,International City,Red Member,2023-05-09
9118,Fan_09118,Non-binary,25-34,UK,London,Non-Member,2021-01-23
9119,Fan_09119,Female,18-24,USA,International City,Red Member,2021-06-30
9120,Fan_09120,Male,55+,UK,London,Premium/Lounge,2023-02-27
9121,Fan_09121,Non-binary,Under 18,USA,International City,Non-Member,2020-10-28
9122,Fan_09122,Non-binary,Under 18,UK,Liverpool,Full Member,2020-04-25
9123,Fan_09123,Non-binary,18-24,USA,International City,Non-Member,2022-06-23
9124,Fan_09124,Non-binary,45-54,USA,International City,Non-Member,2021-10-15
9125,Fan_09125,Male,55+,UK,Liverpool,Red Member,2022-07-02
9126,Fan_09126,Female,55+,Egypt,International City,Red Member,2020-08-05
9127,Fan_09127,Male,18-24,UK,Liverpool,Red Member,2024-03-17
9128,Fan_09128,Male,Under 18,UK,London,Full Member,2020-03-29
9129,Fan_09129,Male,55+,UK,Liverpool,Non-Member,2021-12-01
9130,Fan_09130,Non-binary,35-44,Egypt,International City,Full Member,2022-09-01
9131,Fan_09131,Female,25-34,USA,International City,Red Member,2022-01-27
9132,Fan_09132,Female,Under 18,Egypt,International City,Red Member,2020-12-05
9133,Fan_09133,Non-binary,25-34,Egypt,International City,Red Member,2023-09-01
9134,Fan_09134,Female,35-44,UK,London,Full Member,2021-03-19
9135,Fan_09135,Female,35-44,UK,London,Red Member,2023-08-21
9136,Fan_09136,Non-binary,35-44,China,International City,Red Member,2021-08-06
9137,Fan_09137,Male,25-34,China,International City,Non-Member,2024-03-13
9138,Fan_09138,Non-binary,18-24,USA,International City,Red Member,2020-09-04
9139,Fan_09139,Female,35-44,USA,International City,Non-Member,2021-10-04
9140,Fan_09140,Male,45-54,China,International City,Red Member,2020-08-09
9141,Fan_09141,Female,35-44,China,International City,Full Member,2023-10-13
9142,Fan_09142,Non-binary,25-34,UK,London,Full Member,2022-04-16
9143,Fan_09143,Male,Under 18,UK,Liverpool,Full Member,2024-04-24
9144,Fan_09144,Female,55+,UK,Liverpool,Red Member,2020-11-10
9145,Fan_09145,Female,55+,UK,Liverpool,Non-Member,2022-11-22
9146,Fan_09146,Male,Under 18,UK,Liverpool,Full Member,2020-11-23
9147,Fan_09147,Male,25-34,UK,Liverpool,Non-Member,2024-02-08
9148,Fan_09148,Female,45-54,UK,London,Full Member,2022-01-24
9149,Fan_09149,Male,35-44,China,International City,Full Member,2020-09-24
9150,Fan_09150,Female,Under 18,UK,Liverpool,Non-Member,2020-05-23
9151,Fan_09151,Female,25-34,UK,London,Non-Member,2020-04-27
9152,Fan_09152,Female,Under 18,UK,Liverpool,Red Member,2020-06-07
9153,Fan_09153,Male,18-24,UK,Liverpool,Full Member,2023-02-19
9154,Fan_09154,Non-binary,18-24,UK,London,Red Member,2023-07-31
9155,Fan_09155,Male,25-34,China,International City,Junior Member,2021-01-24
9156,Fan_09156,Male,18-24,Thailand,International City,Full Member,2023-07-30
9157,Fan_09157,Non-binary,55+,UK,London,Junior Member,2021-09-17
9158,Fan_09158,Female,18-24,Egypt,International City,Full Member,2021-06-17
9159,Fan_09159,Female,55+,UK,Liverpool,Full Member,2023-09-29
9160,Fan_09160,Female,18-24,Thailand,International City,Full Member,2020-04-21
9161,Fan_09161,Female,45-54,Egypt,International City,Non-Member,2023-09-12
9162,Fan_09162,Female,35-44,Ireland,International City,Red Member,2022-07-26
9163,Fan_09163,Non-binary,Under 18,Australia,International City,Non-Member,2022-06-16
9164,Fan_09164,Male,25-34,Norway,International City,Non-Member,2022-03-28
9165,Fan_09165,Female,35-44,USA,International City,Full Member,2021-09-24
9166,Fan_09166,Non-binary,18-24,Australia,International City,Red Member,2023-11-02
9167,Fan_09167,Non-binary,55+,UK,Liverpool,Non-Member,2021-03-06
9168,Fan_09168,Female,45-54,Egypt,International City,Non-Member,2024-12-04
9169,Fan_09169,Non-binary,25-34,Australia,International City,Junior Member,2020-02-03
9170,Fan_09170,Female,25-34,Egypt,International City,Full Member,2021-01-05
9171,Fan_09171,Female,18-24,UK,Liverpool,Full Member,2022-09-03
9172,Fan_09172,Non-binary,18-24,UK,London,Non-Member,2024-07-11
9173,Fan_09173,Male,25-34,China,International City,Red Member,2024-02-13
9174,Fan_09174,Non-binary,25-34,UK,Liverpool,Junior Member,2024-08-22
9175,Fan_09175,Non-binary,55+,USA,International City,Full Member,2023-12-28
9176,Fan_09176,Male,55+,UK,Liverpool,Junior Member,2021-07-07
9177,Fan_09177,Male,18-24,USA,International City,Premium/Lounge,2023-10-08
9178,Fan_09178,Male,25-34,Australia,International City,Full Member,2021-05-29
9179,Fan_09179,Female,35-44,USA,International City,Non-Member,2020-04-04
9180,Fan_09180,Female,45-54,UK,London,Junior Member,2024-03-02
9181,Fan_09181,Male,35-44,UK,London,Red Member,2022-03-21
9182,Fan_09182,Non-binary,35-44,UK,Liverpool,Premium/Lounge,2024-02-22
9183,Fan_09183,Non-binary,55+,China,International City,Red Member,2022-08-22
9184,Fan_09184,Male,25-34,Thailand,International City,Non-Member,2023-05-22
9185,Fan_09185,Male,55+,UK,Liverpool,Premium/Lounge,2023-08-24
9186,Fan_09186,Non-binary,25-34,Australia,International City,Non-Member,2022-12-01
9187,Fan_09187,Non-binary,55+,USA,International City,Red Member,2022-05-04
9188,Fan_09188,Female,25-34,UK,London,Non-Member,2024-10-06
9189,Fan_09189,Non-binary,18-24,Egypt,International City,Junior Member,2023-09-05
9190,Fan_09190,Non-binary,18-24,UK,Liverpool,Red Member,2020-02-26
9191,Fan_09191,Non-binary,18-24,UK,London,Non-Member,2022-08-18
9192,Fan_09192,Non-binary,Under 18,USA,International City,Non-Member,2023-08-14
9193,Fan_09193,Female,45-54,UK,Liverpool,Non-Member,2023-07-17
9194,Fan_09194,Non-binary,Under 18,Thailand,International City,Non-Member,2024-05-08
9195,Fan_09195,Male,18-24,Australia,International City,Non-Member,2020-06-06
9196,Fan_09196,Non-binary,25-34,UK,London,Non-Member,2020-03-04
9197,Fan_09197,Male,45-54,UK,Liverpool,Non-Member,2022-01-15
9198,Fan_09198,Male,18-24,UK,London,Red Member,2023-07-28
9199,Fan_09199,Non-binary,18-24,China,International City,Junior Member,2020-05-16
9200,Fan_09200,Non-binary,45-54,UK,Liverpool,Non-Member,2020-06-11
9201,Fan_09201,Male,18-24,UK,Liverpool,Non-Member,2023-01-29
9202,Fan_09202,Female,35-44,Thailand,International City,Non-Member,2020-03-12
9203,Fan_09203,Female,45-54,UK,London,Non-Member,2024-10-03
9204,Fan_09204,Female,35-44,UK,London,Full Member,2021-10-17
9205,Fan_09205,Non-binary,55+,USA,International City,Junior Member,2020-01-29
9206,Fan_09206,Non-binary,Under 18,UK,Liverpool,Full Member,2023-04-06
9207,Fan_09207,Non-binary,Under 18,Ireland,International City,Red Member,2022-02-09
9208,Fan_09208,Male,18-24,UK,Liverpool,Non-Member,2024-10-06
9209,Fan_09209,Female,18-24,UK,Liverpool,Red Member,2024-05-12
9210,Fan_09210,Male,25-34,Norway,International City,Non-Member,2021-10-02
9211,Fan_09211,Female,35-44,UK,Liverpool,Full Member,2020-08-24
9212,Fan_09212,Non-binary,Under 18,UK,Liverpool,Junior Member,2023-11-14
9213,Fan_09213,Female,Under 18,Egypt,International City,Non-Member,2022-09-15
9214,Fan_09214,Male,Under 18,UK,Liverpool,Non-Member,2020-04-19
9215,Fan_09215,Non-binary,55+,UK,Liverpool,Junior Member,2022-11-30
9216,Fan_09216,Non-binary,55+,UK,Liverpool,Non-Member,2021-08-02
9217,Fan_09217,Non-binary,45-54,Ireland,International City,Full Member,2020-08-21
9218,Fan_09218,Male,Under 18,UK,Liverpool,Red Member,2023-09-26
9219,Fan_09219,Male,Under 18,Australia,International City,Red Member,2024-10-29
9220,Fan_09220,Non-binary,18-24,Thailand,International City,Non-Member,2021-06-27
9221,Fan_09221,Male,45-54,Australia,International City,Non-Member,2020-10-11
9222,Fan_09222,Non-binary,25-34,Australia,International City,Non-Member,2023-12-27
9223,Fan_09223,Female,18-24,USA,International City,Red Member,2020-10-29
9224,Fan_09224,Male,18-24,Ireland,International City,Non-Member,2021-03-27
9225,Fan_09225,Female,45-54,UK,London,Red Member,2024-01-25
9226,Fan_09226,Non-binary,18-24,UK,London,Non-Member,2022-03-02
9227,Fan_09227,Non-binary,Under 18,Norway,International City,Non-Member,2024-03-14
9228,Fan_09228,Male,35-44,China,International City,Red Member,2022-11-01
9229,Fan_09229,Female,35-44,UK,London,Junior Member,2023-01-04
9230,Fan_09230,Non-binary,18-24,USA,International City,Full Member,2020-01-15
9231,Fan_09231,Female,18-24,UK,London,Red Member,2022-03-24
9232,Fan_09232,Female,35-44,UK,Liverpool,Non-Member,2024-05-15
9233,Fan_09233,Male,45-54,UK,London,Full Member,2021-09-04
9234,Fan_09234,Female,18-24,UK,Liverpool,Full Member,2024-10-21
9235,Fan_09235,Non-binary,Under 18,UK,London,Red Member,2024-06-09
9236,Fan_09236,Non-binary,25-34,UK,London,Premium/Lounge,2020-06-01
9237,Fan_09237,Male,35-44,UK,Liverpool,Red Member,2024-06-16
9238,Fan_09238,Female,45-54,UK,London,Red Member,2020-12-01
9239,Fan_09239,Female,35-44,Egypt,International City,Red Member,2022-07-03
9240,Fan_09240,Female,45-54,UK,London,Non-Member,2022-06-12
9241,Fan_09241,Non-binary,35-44,USA,International City,Non-Member,2024-02-11
9242,Fan_09242,Non-binary,18-24,UK,Liverpool,Non-Member,2023-08-25
9243,Fan_09243,Female,25-34,USA,International City,Full Member,2021-08-25
9244,Fan_09244,Non-binary,18-24,UK,London,Red Member,2021-11-02
9245,Fan_09245,Male,Under 18,China,International City,Red Member,2020-11-30
9246,Fan_09246,Male,35-44,USA,International City,Full Member,2023-05-03
9247,Fan_09247,Male,55+,USA,International City,Non-Member,2023-01-28
9248,Fan_09248,Male,55+,UK,Liverpool,Full Member,2021-04-28
9249,Fan_09249,Male,Under 18,UK,London,Premium/Lounge,2020-11-18
9250,Fan_09250,Female,Under 18,UK,Liverpool,Red Member,2021-02-04
9251,Fan_09251,Male,45-54,UK,Liverpool,Full Member,2020-03-21
9252,Fan_09252,Female,Under 18,UK,London,Red Member,2021-10-06
9253,Fan_09253,Female,55+,UK,London,Junior Member,2024-08-30
9254,Fan_09254,Female,Under 18,UK,Liverpool,Junior Member,2020-06-30
9255,Fan_09255,Male,55+,USA,International City,Red Member,2021-07-10
9256,Fan_09256,Female,35-44,Egypt,International City,Full Member,2022-06-11
9257,Fan_09257,Non-binary,35-44,Egypt,International City,Non-Member,2023-07-15
9258,Fan_09258,Male,18-24,Ireland,International City,Non-Member,2024-08-25
9259,Fan_09259,Non-binary,45-54,UK,Liverpool,Non-Member,2021-09-22
9260,Fan_09260,Female,45-54,Ireland,International City,Junior Member,2020-06-13
9261,Fan_09261,Non-binary,45-54,UK,Liverpool,Non-Member,2023-03-28
9262,Fan_09262,Male,25-34,UK,Liverpool,Red Member,2023-12-01
9263,Fan_09263,Female,55+,USA,International City,Red Member,2022-08-09
9264,Fan_09264,Female,Under 18,USA,International City,Full Member,2024-10-28
9265,Fan_09265,Non-binary,35-44,UK,London,Junior Member,2020-02-29
9266,Fan_09266,Non-binary,18-24,UK,Liverpool,Non-Member,2022-07-10
9267,Fan_09267,Female,25-34,USA,International City,Non-Member,2022-09-16
9268,Fan_09268,Male,18-24,USA,International City,Non-Member,2023-09-24
9269,Fan_09269,Female,55+,UK,Liverpool,Red Member,2021-04-16
9270,Fan_09270,Male,35-44,UK,Liverpool,Red Member,2023-09-07
9271,Fan_09271,Male,55+,UK,London,Non-Member,2020-05-01
9272,Fan_09272,Female,55+,Thailand,International City,Full Member,2023-08-12
9273,Fan_09273,Male,45-54,Australia,International City,Non-Member,2022-12-09
9274,Fan_09274,Non-binary,35-44,Egypt,International City,Non-Member,2022-01-08
9275,Fan_09275,Non-binary,35-44,China,International City,Non-Member,2022-07-28
9276,Fan_09276,Male,18-24,UK,Liverpool,Full Member,2024-01-24
9277,Fan_09277,Non-binary,55+,UK,Liverpool,Non-Member,2020-11-30
9278,Fan_09278,Female,Under 18,Australia,International City,Full Member,2021-05-12
9279,Fan_09279,Non-binary,35-44,Thailand,International City,Junior Member,2022-05-17
9280,Fan_09280,Non-binary,25-34,UK,Liverpool,Premium/Lounge,2022-02-25
9281,Fan_09281,Female,18-24,UK,Liverpool,Junior Member,2022-07-20
9282,Fan_09282,Male,25-34,UK,Liverpool,Junior Member,2024-04-03
9283,Fan_09283,Non-binary,25-34,USA,International City,Non-Member,2023-12-25
9284,Fan_09284,Non-binary,55+,UK,Liverpool,Full Member,2022-05-02
9285,Fan_09285,Female,35-44,Ireland,International City,Non-Member,2024-06-03
9286,Fan_09286,Female,18-24,UK,Liverpool,Non-Member,2024-10-20
9287,Fan_09287,Female,55+,UK,Liverpool,Non-Member,2020-04-25
9288,Fan_09288,Male,18-24,UK,Liverpool,Non-Member,2024-05-15
9289,Fan_09289,Non-binary,18-24,UK,London,Non-Member,2022-02-05
9290,Fan_09290,Non-binary,18-24,USA,International City,Non-Member,2023-11-12
9291,Fan_09291,Female,18-24,UK,London,Red Member,2020-12-16
9292,Fan_09292,Non-binary,35-44,Egypt,International City,Non-Member,2021-03-20
9293,Fan_09293,Male,25-34,UK,London,Non-Member,2021-06-29
9294,Fan_09294,Non-binary,Under 18,UK,London,Junior Member,2023-08-29
9295,Fan_09295,Female,18-24,UK,London,Non-Member,2020-06-07
9296,Fan_09296,Female,45-54,UK,Liverpool,Non-Member,2021-08-23
9297,Fan_09297,Female,35-44,Egypt,International City,Full Member,2021-08-14
9298,Fan_09298,Male,55+,UK,Liverpool,Full Member,2022-12-24
9299,Fan_09299,Female,18-24,China,International City,Full Member,2024-04-22
9300,Fan_09300,Non-binary,Under 18,UK,London,Red Member,2020-06-01
9301,Fan_09301,Male,35-44,UK,Liverpool,Non-Member,2024-03-20
9302,Fan_09302,Non-binary,45-54,Norway,International City,Non-Member,2021-05-30
9303,Fan_09303,Female,25-34,Ireland,International City,Non-Member,2023-04-16
9304,Fan_09304,Non-binary,35-44,Thailand,International City,Non-Member,2021-06-02
9305,Fan_09305,Non-binary,18-24,USA,International City,Red Member,2021-03-15
9306,Fan_09306,Non-binary,45-54,Ireland,International City,Red Member,2022-10-12
9307,Fan_09307,Non-binary,Under 18,UK,Liverpool,Red Member,2021-05-06
9308,Fan_09308,Female,Under 18,UK,London,Non-Member,2022-01-24
9309,Fan_09309,Male,45-54,Ireland,International City,Non-Member,2024-10-20
9310,Fan_09310,Non-binary,18-24,UK,Liverpool,Junior Member,2021-04-25
9311,Fan_09311,Female,45-54,UK,London,Non-Member,2021-06-16
9312,Fan_09312,Male,Under 18,UK,Liverpool,Junior Member,2022-10-27
9313,Fan_09313,Female,25-34,UK,London,Non-Member,2024-03-01
9314,Fan_09314,Non-binary,55+,Norway,International City,Junior Member,2024-08-18
9315,Fan_09315,Female,18-24,UK,Liverpool,Premium/Lounge,2020-04-07
9316,Fan_09316,Male,25-34,Ireland,International City,Full Member,2022-05-01
9317,Fan_09317,Non-binary,55+,UK,Liverpool,Full Member,2022-03-08
9318,Fan_09318,Female,45-54,UK,Liverpool,Full Member,2022-04-26
9319,Fan_09319,Female,45-54,UK,Liverpool,Non-Member,2024-07-21
9320,Fan_09320,Male,45-54,UK,Liverpool,Red Member,2023-05-09
9321,Fan_09321,Non-binary,Under 18,Australia,International City,Red Member,2021-11-23
9322,Fan_09322,Female,35-44,UK,Liverpool,Non-Member,2021-12-17
9323,Fan_09323,Male,Under 18,Thailand,International City,Non-Member,2020-12-03
9324,Fan_09324,Non-binary,18-24,UK,London,Non-Member,2022-04-30
9325,Fan_09325,Female,Under 18,UK,London,Non-Member,2022-09-11
9326,Fan_09326,Non-binary,45-54,UK,Liverpool,Red Member,2024-06-04
9327,Fan_09327,Male,55+,Egypt,International City,Non-Member,2020-08-19
9328,Fan_09328,Female,Under 18,UK,London,Non-Member,2024-03-10
9329,Fan_09329,Non-binary,45-54,Australia,International City,Non-Member,2020-10-15
9330,Fan_09330,Female,45-54,UK,London,Red Member,2024-04-11
9331,Fan_09331,Non-binary,35-44,UK,Liverpool,Red Member,2024-11-27
9332,Fan_09332,Male,55+,UK,London,Non-Member,2021-08-08
9333,Fan_09333,Female,18-24,UK,London,Non-Member,2022-03-14
9334,Fan_09334,Male,35-44,UK,Liverpool,Non-Member,2021-05-20
9335,Fan_09335,Non-binary,35-44,China,International City,Non-Member,2024-01-11
9336,Fan_09336,Male,45-54,UK,Liverpool,Junior Member,2024-09-22
9337,Fan_09337,Non-binary,45-54,UK,Liverpool,Non-Member,2022-07-24
9338,Fan_09338,Non-binary,35-44,UK,Liverpool,Non-Member,2024-03-23
9339,Fan_09339,Non-binary,45-54,Norway,International City,Red Member,2020-12-15
9340,Fan_09340,Male,Under 18,Thailand,International City,Red Member,2021-10-05
9341,Fan_09341,Female,45-54,Norway,International City,Red Member,2023-09-13
9342,Fan_09342,Non-binary,45-54,Thailand,International City,Non-Member,2022-03-09
9343,Fan_09343,Female,Under 18,USA,International City,Red Member,2021-09-30
9344,Fan_09344,Non-binary,Under 18,China,International City,Non-Member,2022-01-25
9345,Fan_09345,Male,45-54,Thailand,International City,Non-Member,2024-02-03
9346,Fan_09346,Non-binary,Under 18,Australia,International City,Red Member,2020-01-10
9347,Fan_09347,Female,18-24,China,International City,Full Member,2020-04-24
9348,Fan_09348,Female,55+,UK,London,Non-Member,2024-11-26
9349,Fan_09349,Non-binary,55+,UK,Liverpool,Red Member,2023-06-21
9350,Fan_09350,Female,35-44,Ireland,International City,Junior Member,2020-01-31
9351,Fan_09351,Female,18-24,Thailand,International City,Red Member,2021-09-21
9352,Fan_09352,Female,35-44,Australia,International City,Non-Member,2022-09-22
9353,Fan_09353,Male,Under 18,UK,Liverpool,Non-Member,2020-06-30
9354,Fan_09354,Female,18-24,Norway,International City,Red Member,2020-12-04
9355,Fan_09355,Male,35-44,Ireland,International City,Non-Member,2024-09-13
9356,Fan_09356,Female,Under 18,Ireland,International City,Red Member,2020-02-17
9357,Fan_09357,Female,45-54,UK,Liverpool,Non-Member,2020-05-04
9358,Fan_09358,Female,45-54,Norway,International City,Full Member,2021-04-24
9359,Fan_09359,Male,25-34,UK,Liverpool,Non-Member,2024-06-28
9360,Fan_09360,Female,35-44,UK,Liverpool,Premium/Lounge,2024-02-03
9361,Fan_09361,Female,Under 18,Thailand,International City,Red Member,2024-01-20
9362,Fan_09362,Non-binary,25-34,USA,International City,Premium/Lounge,2024-05-04
9363,Fan_09363,Male,35-44,UK,Liverpool,Non-Member,2023-02-21
9364,Fan_09364,Non-binary,25-34,China,International City,Junior Member,2024-03-15
9365,Fan_09365,Male,18-24,UK,London,Red Member,2024-08-01
9366,Fan_09366,Non-binary,25-34,China,International City,Red Member,2022-07-26
9367,Fan_09367,Non-binary,Under 18,Thailand,International City,Non-Member,2023-09-13
9368,Fan_09368,Female,18-24,Norway,International City,Non-Member,2024-10-10
9369,Fan_09369,Non-binary,55+,Norway,International City,Non-Member,2023-06-26
9370,Fan_09370,Female,25-34,UK,Liverpool,Non-Member,2021-03-04
9371,Fan_09371,Female,35-44,Thailand,International City,Non-Member,2023-10-21
9372,Fan_09372,Non-binary,45-54,Thailand,International City,Non-Member,2020-10-18
9373,Fan_09373,Non-binary,45-54,UK,Liverpool,Red Member,2021-07-05
9374,Fan_09374,Male,45-54,UK,Liverpool,Non-Member,2024-04-04
9375,Fan_09375,Non-binary,Under 18,UK,London,Non-Member,2021-08-02
9376,Fan_09376,Non-binary,25-34,UK,Liverpool,Red Member,2021-10-17
9377,Fan_09377,Non-binary,25-34,UK,Liverpool,Non-Member,2023-12-19
9378,Fan_09378,Non-binary,35-44,UK,Liverpool,Red Member,2023-12-15
9379,Fan_09379,Non-binary,25-34,UK,London,Red Member,2020-05-24
9380,Fan_09380,Female,55+,UK,London,Non-Member,2020-02-14
9381,Fan_09381,Female,18-24,UK,London,Non-Member,2022-03-25
9382,Fan_09382,Female,Under 18,UK,London,Non-Member,2022-12-15
9383,Fan_09383,Female,45-54,Thailand,International City,Red Member,2021-01-21
9384,Fan_09384,Male,45-54,USA,International City,Non-Member,2023-08-25
9385,Fan_09385,Non-binary,18-24,UK,Liverpool,Full Member,2021-03-23
9386,Fan_09386,Non-binary,Under 18,Australia,International City,Non-Member,2020-07-28
9387,Fan_09387,Non-binary,Under 18,China,International City,Red Member,2020-06-23
9388,Fan_09388,Male,18-24,UK,London,Junior Member,2024-07-03
9389,Fan_09389,Male,Under 18,Australia,International City,Red Member,2024-07-27
9390,Fan_09390,Male,45-54,UK,London,Full Member,2021-09-09
9391,Fan_09391,Female,Under 18,UK,Liverpool,Junior Member,2021-01-05
9392,Fan_09392,Male,55+,Australia,International City,Full Member,2021-02-11
9393,Fan_09393,Non-binary,45-54,UK,London,Non-Member,2024-02-06
9394,Fan_09394,Male,Under 18,UK,Liverpool,Full Member,2021-05-07
9395,Fan_09395,Female,55+,USA,International City,Junior Member,2022-04-26
9396,Fan_09396,Female,35-44,Norway,International City,Red Member,2021-05-06
9397,Fan_09397,Female,35-44,USA,International City,Red Member,2021-09-29
9398,Fan_09398,Female,45-54,UK,London,Non-Member,2021-03-02
9399,Fan_09399,Non-binary,Under 18,UK,Liverpool,Full Member,2021-11-08
9400,Fan_09400,Female,18-24,Australia,International City,Red Member,2024-04-29
9401,Fan_09401,Non-binary,Under 18,China,International City,Non-Member,2020-04-13
9402,Fan_09402,Male,45-54,UK,London,Red Member,2022-01-30
9403,Fan_09403,Male,45-54,UK,London,Full Member,2024-02-07
9404,Fan_09404,Male,18-24,China,International City,Junior Member,2021-05-25
9405,Fan_09405,Male,18-24,UK,Liverpool,Red Member,2023-10-22
9406,Fan_09406,Male,25-34,China,International City,Full Member,2022-12-01
9407,Fan_09407,Male,35-44,UK,London,Non-Member,2020-10-20
9408,Fan_09408,Female,18-24,UK,London,Red Member,2020-01-30
9409,Fan_09409,Non-binary,Under 18,UK,Liverpool,Red Member,2023-07-18
9410,Fan_09410,Female,25-34,UK,Liverpool,Red Member,2022-09-04
9411,Fan_09411,Male,Under 18,USA,International City,Red Member,2021-08-08
9412,Fan_09412,Male,55+,Egypt,International City,Non-Member,2023-09-15
9413,Fan_09413,Non-binary,35-44,UK,Liverpool,Non-Member,2020-04-21
9414,Fan_09414,Male,35-44,UK,Liverpool,Full Member,2021-11-01
9415,Fan_09415,Male,25-34,Norway,International City,Non-Member,2023-09-27
9416,Fan_09416,Non-binary,25-34,UK,London,Red Member,2023-06-23
9417,Fan_09417,Male,18-24,UK,Liverpool,Red Member,2023-01-23
9418,Fan_09418,Non-binary,45-54,UK,Liverpool,Full Member,2020-06-22
9419,Fan_09419,Non-binary,55+,Thailand,International City,Full Member,2021-09-06
9420,Fan_09420,Female,Under 18,Thailand,International City,Red Member,2023-10-21
9421,Fan_09421,Female,45-54,China,International City,Full Member,2020-05-17
9422,Fan_09422,Non-binary,55+,China,International City,Full Member,2021-07-19
9423,Fan_09423,Female,55+,UK,Liverpool,Non-Member,2021-09-03
9424,Fan_09424,Female,25-34,USA,International City,Non-Member,2021-05-02
9425,Fan_09425,Male,Under 18,Thailand,International City,Non-Member,2020-05-28
9426,Fan_09426,Male,55+,UK,London,Red Member,2022-02-08
9427,Fan_09427,Non-binary,25-34,Norway,International City,Red Member,2021-06-07
9428,Fan_09428,Male,Under 18,Norway,International City,Red Member,2023-04-19
9429,Fan_09429,Female,45-54,Norway,International City,Junior Member,2021-12-10
9430,Fan_09430,Male,Under 18,China,International City,Junior Member,2021-09-08
9431,Fan_09431,Male,55+,UK,Liverpool,Full Member,2023-10-22
9432,Fan_09432,Male,35-44,China,International City,Red Member,2020-10-20
9433,Fan_09433,Non-binary,25-34,China,International City,Non-Member,2024-03-01
9434,Fan_09434,Non-binary,Under 18,UK,Liverpool,Non-Member,2024-06-21
9435,Fan_09435,Female,55+,Australia,International City,Non-Member,2022-08-03
9436,Fan_09436,Non-binary,Under 18,Norway,International City,Full Member,2022-10-11
9437,Fan_09437,Female,Under 18,UK,London,Junior Member,2021-05-23
9438,Fan_09438,Male,55+,UK,Liverpool,Non-Member,2020-01-26
9439,Fan_09439,Female,45-54,China,International City,Full Member,2020-09-18
9440,Fan_09440,Non-binary,Under 18,Australia,International City,Red Member,2021-07-03
9441,Fan_09441,Male,35-44,UK,Liverpool,Red Member,2021-08-14
9442,Fan_09442,Male,55+,Ireland,International City,Red Member,2023-12-28
9443,Fan_09443,Male,18-24,Australia,International City,Premium/Lounge,2023-02-24
9444,Fan_09444,Female,35-44,China,International City,Junior Member,2022-10-25
9445,Fan_09445,Female,55+,UK,Liverpool,Non-Member,2022-05-16
9446,Fan_09446,Non-binary,45-54,USA,International City,Non-Member,2021-12-12
9447,Fan_09447,Male,55+,UK,Liverpool,Red Member,2022-01-17
9448,Fan_09448,Non-binary,35-44,USA,International City,Non-Member,2024-10-26
9449,Fan_09449,Female,45-54,USA,International City,Full Member,2021-09-09
9450,Fan_09450,Female,55+,UK,Liverpool,Non-Member,2022-03-05
9451,Fan_09451,Male,25-34,UK,Liverpool,Full Member,2022-01-28
9452,Fan_09452,Female,Under 18,UK,London,Non-Member,2021-03-24
9453,Fan_09453,Female,18-24,UK,Liverpool,Non-Member,2020-09-26
9454,Fan_09454,Male,45-54,UK,Liverpool,Non-Member,2022-02-03
9455,Fan_09455,Non-binary,35-44,USA,International City,Non-Member,2023-04-30
9456,Fan_09456,Male,55+,UK,London,Junior Member,2022-05-29
9457,Fan_09457,Female,55+,Egypt,International City,Non-Member,2023-02-16
9458,Fan_09458,Non-binary,35-44,China,International City,Full Member,2022-09-22
9459,Fan_09459,Female,45-54,Egypt,International City,Red Member,2023-03-15
9460,Fan_09460,Non-binary,55+,China,International City,Full Member,2022-04-16
9461,Fan_09461,Male,Under 18,China,International City,Full Member,2022-05-20
9462,Fan_09462,Male,35-44,UK,London,Full Member,2020-04-14
9463,Fan_09463,Female,45-54,UK,Liverpool,Non-Member,2021-01-04
9464,Fan_09464,Female,45-54,China,International City,Junior Member,2020-06-09
9465,Fan_09465,Female,18-24,USA,International City,Non-Member,2020-01-09
9466,Fan_09466,Female,35-44,UK,London,Full Member,2024-01-11
9467,Fan_09467,Male,Under 18,China,International City,Red Member,2022-03-10
9468,Fan_09468,Non-binary,Under 18,UK,Liverpool,Full Member,2024-08-17
9469,Fan_09469,Female,18-24,Norway,International City,Red Member,2023-10-29
9470,Fan_09470,Male,45-54,Ireland,International City,Red Member,2023-09-28
9471,Fan_09471,Female,Under 18,UK,London,Red Member,2024-06-02
9472,Fan_09472,Male,35-44,UK,London,Non-Member,2021-12-14
9473,Fan_09473,Female,18-24,USA,International City,Full Member,2024-02-18
9474,Fan_09474,Female,35-44,UK,Liverpool,Full Member,2024-02-06
9475,Fan_09475,Non-binary,45-54,UK,London,Non-Member,2024-06-27
9476,Fan_09476,Female,Under 18,UK,London,Junior Member,2020-03-13
9477,Fan_09477,Male,35-44,UK,Liverpool,Non-Member,2020-02-07
9478,Fan_09478,Female,45-54,UK,Liverpool,Non-Member,2023-12-23
9479,Fan_09479,Female,55+,USA,International City,Red Member,2021-02-27
9480,Fan_09480,Female,18-24,China,International City,Junior Member,2024-01-24
9481,Fan_09481,Female,Under 18,UK,Liverpool,Non-Member,2023-02-14
9482,Fan_09482,Non-binary,18-24,Egypt,International City,Non-Member,2021-05-12
9483,Fan_09483,Male,55+,Egypt,International City,Red Member,2024-10-21
9484,Fan_09484,Non-binary,55+,Australia,International City,Full Member,2021-11-05
9485,Fan_09485,Non-binary,35-44,Norway,International City,Non-Member,2023-09-16
9486,Fan_09486,Male,55+,UK,Liverpool,Junior Member,2024-11-26
9487,Fan_09487,Male,55+,UK,Liverpool,Non-Member,2022-10-26
9488,Fan_09488,Male,35-44,China,International City,Red Member,2024-06-16
9489,Fan_09489,Male,18-24,Thailand,International City,Full Member,2022-03-12
9490,Fan_09490,Female,35-44,USA,International City,Non-Member,2022-03-14
9491,Fan_09491,Non-binary,45-54,Ireland,International City,Non-Member,2022-09-10
9492,Fan_09492,Non-binary,18-24,UK,Liverpool,Non-Member,2022-04-28
9493,Fan_09493,Female,25-34,UK,Liverpool,Non-Member,2021-01-29
9494,Fan_09494,Female,45-54,UK,Liverpool,Non-Member,2024-01-08
9495,Fan_09495,Non-binary,25-34,UK,Liverpool,Non-Member,2024-09-01
9496,Fan_09496,Male,25-34,UK,Liverpool,Full Member,2023-11-11
9497,Fan_09497,Male,55+,UK,Liverpool,Non-Member,2020-11-14
9498,Fan_09498,Female,55+,China,International City,Red Member,2020-09-15
9499,Fan_09499,Female,55+,Australia,International City,Red Member,2022-04-29
9500,Fan_09500,Male,45-54,USA,International City,Full Member,2021-12-02
9501,Fan_09501,Non-binary,18-24,UK,Liverpool,Non-Member,2022-01-26
9502,Fan_09502,Non-binary,35-44,USA,International City,Full Member,2020-05-06
9503,Fan_09503,Male,18-24,USA,International City,Junior Member,2024-10-23
9504,Fan_09504,Female,25-34,China,International City,Non-Member,2021-08-04
9505,Fan_09505,Female,45-54,Thailand,International City,Full Member,2020-05-27
9506,Fan_09506,Female,18-24,Norway,International City,Junior Member,2023-05-12
9507,Fan_09507,Male,45-54,Norway,International City,Red Member,2020-12-12
9508,Fan_09508,Male,25-34,UK,Liverpool,Non-Member,2021-07-20
9509,Fan_09509,Female,35-44,Thailand,International City,Red Member,2022-04-27
9510,Fan_09510,Male,35-44,UK,Liverpool,Junior Member,2020-06-22
9511,Fan_09511,Female,35-44,USA,International City,Red Member,2024-09-14
9512,Fan_09512,Male,18-24,UK,London,Junior Member,2024-07-06
9513,Fan_09513,Female,Under 18,China,International City,Full Member,2023-09-04
9514,Fan_09514,Non-binary,45-54,UK,Liverpool,Junior Member,2024-07-26
9515,Fan_09515,Male,45-54,UK,Liverpool,Non-Member,2023-02-24
9516,Fan_09516,Female,18-24,UK,Liverpool,Junior Member,2024-10-11
9517,Fan_09517,Female,55+,China,International City,Red Member,2022-07-27
9518,Fan_09518,Female,35-44,Norway,International City,Non-Member,2024-01-18
9519,Fan_09519,Non-binary,35-44,UK,Liverpool,Red Member,2023-07-04
9520,Fan_09520,Non-binary,Under 18,UK,London,Junior Member,2023-04-08
9521,Fan_09521,Non-binary,25-34,UK,Liverpool,Junior Member,2022-03-30
9522,Fan_09522,Female,45-54,China,International City,Non-Member,2020-10-17
9523,Fan_09523,Non-binary,55+,UK,Liverpool,Premium/Lounge,2022-01-16
9524,Fan_09524,Non-binary,18-24,China,International City,Red Member,2024-07-10
9525,Fan_09525,Non-binary,25-34,UK,Liverpool,Non-Member,2020-11-11
9526,Fan_09526,Female,Under 18,Ireland,International City,Red Member,2022-02-23
9527,Fan_09527,Female,55+,UK,Liverpool,Non-Member,2022-04-19
9528,Fan_09528,Female,45-54,UK,Liverpool,Non-Member,2022-06-16
9529,Fan_09529,Male,Under 18,UK,London,Non-Member,2023-07-22
9530,Fan_09530,Male,45-54,China,International City,Full Member,2020-07-24
9531,Fan_09531,Non-binary,45-54,UK,London,Red Member,2022-03-22
9532,Fan_09532,Female,18-24,Norway,International City,Red Member,2020-12-01
9533,Fan_09533,Female,18-24,UK,London,Non-Member,2024-05-04
9534,Fan_09534,Female,25-34,UK,Liverpool,Red Member,2022-09-16
9535,Fan_09535,Male,45-54,UK,Liverpool,Full Member,2023-11-27
9536,Fan_09536,Non-binary,25-34,UK,London,Red Member,2024-07-07
9537,Fan_09537,Male,45-54,UK,Liverpool,Red Member,2022-09-28
9538,Fan_09538,Male,25-34,Norway,International City,Non-Member,2022-03-11
9539,Fan_09539,Male,45-54,USA,International City,Non-Member,2020-06-04
9540,Fan_09540,Female,55+,USA,International City,Full Member,2020-01-12
9541,Fan_09541,Non-binary,25-34,Thailand,International City,Non-Member,2022-05-21
9542,Fan_09542,Non-binary,45-54,Egypt,International City,Red Member,2024-03-08
9543,Fan_09543,Male,25-34,UK,Liverpool,Red Member,2022-10-26
9544,Fan_09544,Non-binary,Under 18,USA,International City,Non-Member,2024-10-06
9545,Fan_09545,Male,18-24,UK,London,Full Member,2024-06-28
9546,Fan_09546,Female,18-24,UK,Liverpool,Red Member,2021-07-11
9547,Fan_09547,Non-binary,Under 18,Norway,International City,Junior Member,2020-03-07
9548,Fan_09548,Female,45-54,Egypt,International City,Non-Member,2021-09-18
9549,Fan_09549,Female,35-44,UK,Liverpool,Non-Member,2024-08-30
9550,Fan_09550,Female,55+,UK,Liverpool,Non-Member,2020-03-24
9551,Fan_09551,Non-binary,55+,UK,London,Non-Member,2020-03-12
9552,Fan_09552,Male,45-54,USA,International City,Red Member,2021-10-17
9553,Fan_09553,Non-binary,18-24,UK,London,Full Member,2021-09-24
9554,Fan_09554,Female,25-34,China,International City,Non-Member,2024-09-25
9555,Fan_09555,Non-binary,18-24,USA,International City,Full Member,2023-07-26
9556,Fan_09556,Female,Under 18,UK,Liverpool,Non-Member,2020-08-07
9557,Fan_09557,Non-binary,25-34,Thailand,International City,Full Member,2022-02-13
9558,Fan_09558,Male,45-54,Norway,International City,Non-Member,2020-10-20
9559,Fan_09559,Male,25-34,UK,London,Non-Member,2020-09-14
9560,Fan_09560,Non-binary,55+,Ireland,International City,Non-Member,2023-09-02
9561,Fan_09561,Male,25-34,China,International City,Full Member,2020-05-18
9562,Fan_09562,Non-binary,55+,UK,London,Non-Member,2021-02-06
9563,Fan_09563,Female,45-54,China,International City,Non-Member,2024-10-26
9564,Fan_09564,Male,45-54,China,International City,Non-Member,2020-12-06
9565,Fan_09565,Non-binary,25-34,Ireland,International City,Non-Member,2024-08-18
9566,Fan_09566,Female,45-54,UK,London,Full Member,2024-02-21
9567,Fan_09567,Male,55+,Thailand,International City,Junior Member,2021-04-12
9568,Fan_09568,Male,18-24,China,International City,Full Member,2023-01-15
9569,Fan_09569,Female,55+,China,International City,Red Member,2022-08-16
9570,Fan_09570,Male,55+,UK,Liverpool,Red Member,2024-08-29
9571,Fan_09571,Non-binary,45-54,UK,Liverpool,Red Member,2024-09-11
9572,Fan_09572,Female,Under 18,UK,Liverpool,Full Member,2021-03-11
9573,Fan_09573,Non-binary,35-44,Egypt,International City,Full Member,2021-03-22
9574,Fan_09574,Female,25-34,Egypt,International City,Non-Member,2023-10-02
9575,Fan_09575,Non-binary,18-24,Australia,International City,Non-Member,2022-12-17
9576,Fan_09576,Female,18-24,UK,Liverpool,Non-Member,2023-11-15
9577,Fan_09577,Non-binary,55+,China,International City,Non-Member,2023-07-21
9578,Fan_09578,Non-binary,35-44,Thailand,International City,Junior Member,2020-01-18
9579,Fan_09579,Female,18-24,UK,London,Red Member,2020-12-07
9580,Fan_09580,Female,25-34,UK,Liverpool,Full Member,2020-06-12
9581,Fan_09581,Female,Under 18,Egypt,International City,Non-Member,2021-04-02
9582,Fan_09582,Female,45-54,UK,London,Red Member,2020-04-25
9583,Fan_09583,Female,35-44,UK,Liverpool,Red Member,2022-10-07
9584,Fan_09584,Non-binary,55+,UK,Liverpool,Full Member,2023-02-05
9585,Fan_09585,Male,Under 18,Thailand,International City,Non-Member,2020-04-30
9586,Fan_09586,Female,25-34,UK,Liverpool,Red Member,2021-07-06
9587,Fan_09587,Non-binary,18-24,UK,London,Non-Member,2023-10-23
9588,Fan_09588,Male,35-44,UK,London,Red Member,2022-09-28
9589,Fan_09589,Female,Under 18,Egypt,International City,Full Member,2024-11-20
9590,Fan_09590,Male,25-34,Ireland,International City,Premium/Lounge,2023-05-07
9591,Fan_09591,Non-binary,18-24,Norway,International City,Red Member,2021-10-24
9592,Fan_09592,Female,Under 18,UK,Liverpool,Non-Member,2022-04-09
9593,Fan_09593,Female,35-44,UK,Liverpool,Non-Member,2023-11-30
9594,Fan_09594,Non-binary,25-34,UK,London,Red Member,2021-04-13
9595,Fan_09595,Female,18-24,USA,International City,Red Member,2022-06-27
9596,Fan_09596,Female,25-34,China,International City,Junior Member,2024-07-18
9597,Fan_09597,Non-binary,18-24,Egypt,International City,Red Member,2020-10-12
9598,Fan_09598,Female,55+,China,International City,Full Member,2023-03-20
9599,Fan_09599,Non-binary,25-34,UK,Liverpool,Non-Member,2024-04-09
9600,Fan_09600,Female,55+,UK,Liverpool,Red Member,2022-09-02
9601,Fan_09601,Non-binary,25-34,UK,Liverpool,Non-Member,2021-10-16
9602,Fan_09602,Female,25-34,USA,International City,Junior Member,2022-05-11
9603,Fan_09603,Male,55+,Norway,International City,Red Member,2020-05-03
9604,Fan_09604,Female,45-54,Ireland,International City,Non-Member,2023-05-31
9605,Fan_09605,Male,45-54,Egypt,International City,Junior Member,2021-03-05
9606,Fan_09606,Male,25-34,UK,Liverpool,Red Member,2021-10-24
9607,Fan_09607,Male,18-24,Australia,International City,Premium/Lounge,2022-09-20
9608,Fan_09608,Female,Under 18,UK,Liverpool,Non-Member,2023-07-05
9609,Fan_09609,Female,35-44,UK,Liverpool,Non-Member,2023-11-10
9610,Fan_09610,Non-binary,45-54,UK,Liverpool,Non-Member,2021-05-15
9611,Fan_09611,Female,18-24,UK,Liverpool,Non-Member,2024-04-24
9612,Fan_09612,Female,Under 18,UK,Liverpool,Red Member,2024-11-03
9613,Fan_09613,Non-binary,55+,UK,Liverpool,Non-Member,2022-04-04
9614,Fan_09614,Male,55+,UK,Liverpool,Non-Member,2024-07-04
9615,Fan_09615,Non-binary,55+,UK,Liverpool,Non-Member,2022-08-08
9616,Fan_09616,Non-binary,45-54,UK,London,Premium/Lounge,2023-10-07
9617,Fan_09617,Non-binary,55+,UK,Liverpool,Red Member,2023-07-18
9618,Fan_09618,Female,55+,UK,Liverpool,Non-Member,2022-09-12
9619,Fan_09619,Non-binary,18-24,USA,International City,Non-Member,2023-07-19
9620,Fan_09620,Male,18-24,Norway,International City,Junior Member,2023-02-13
9621,Fan_09621,Female,35-44,UK,Liverpool,Full Member,2024-03-31
9622,Fan_09622,Non-binary,18-24,USA,International City,Red Member,2022-12-14
9623,Fan_09623,Male,Under 18,UK,Liverpool,Full Member,2020-11-13
9624,Fan_09624,Female,Under 18,UK,Liverpool,Premium/Lounge,2024-06-14
9625,Fan_09625,Male,55+,China,International City,Non-Member,2020-10-12
9626,Fan_09626,Non-binary,Under 18,Egypt,International City,Premium/Lounge,2024-10-17
9627,Fan_09627,Male,25-34,USA,International City,Non-Member,2023-11-04
9628,Fan_09628,Female,55+,Thailand,International City,Non-Member,2022-10-24
9629,Fan_09629,Female,25-34,UK,London,Non-Member,2024-09-23
9630,Fan_09630,Non-binary,18-24,Egypt,International City,Red Member,2023-01-08
9631,Fan_09631,Male,Under 18,Egypt,International City,Non-Member,2024-04-17
9632,Fan_09632,Male,25-34,UK,London,Red Member,2021-04-05
9633,Fan_09633,Male,45-54,UK,London,Non-Member,2022-06-01
9634,Fan_09634,Male,25-34,Norway,International City,Junior Member,2021-09-12
9635,Fan_09635,Male,25-34,Thailand,International City,Red Member,2023-04-01
9636,Fan_09636,Non-binary,35-44,China,International City,Red Member,2022-06-26
9637,Fan_09637,Non-binary,45-54,UK,Liverpool,Junior Member,2022-06-13
9638,Fan_09638,Male,Under 18,Ireland,International City,Non-Member,2020-10-29
9639,Fan_09639,Non-binary,25-34,China,International City,Non-Member,2022-12-10
9640,Fan_09640,Male,45-54,USA,International City,Red Member,2023-01-03
9641,Fan_09641,Non-binary,18-24,UK,London,Non-Member,2022-06-16
9642,Fan_09642,Non-binary,45-54,UK,London,Red Member,2020-12-24
9643,Fan_09643,Male,25-34,UK,London,Red Member,2022-06-18
9644,Fan_09644,Non-binary,55+,UK,Liverpool,Non-Member,2022-03-20
9645,Fan_09645,Non-binary,18-24,USA,International City,Red Member,2021-03-04
9646,Fan_09646,Male,Under 18,UK,London,Full Member,2021-08-24
9647,Fan_09647,Female,18-24,UK,London,Premium/Lounge,2022-03-18
9648,Fan_09648,Male,18-24,UK,Liverpool,Non-Member,2023-12-06
9649,Fan_09649,Female,45-54,USA,International City,Non-Member,2022-11-21
9650,Fan_09650,Non-binary,35-44,UK,Liverpool,Non-Member,2023-03-15
9651,Fan_09651,Female,18-24,UK,Liverpool,Non-Member,2024-10-13
9652,Fan_09652,Non-binary,18-24,Ireland,International City,Junior Member,2020-03-11
9653,Fan_09653,Male,55+,UK,Liverpool,Junior Member,2020-07-19
9654,Fan_09654,Female,35-44,UK,Liverpool,Non-Member,2024-03-19
9655,Fan_09655,Female,25-34,UK,Liverpool,Non-Member,2020-05-28
9656,Fan_09656,Non-binary,55+,UK,Liverpool,Red Member,2022-07-18
9657,Fan_09657,Female,18-24,Thailand,International City,Non-Member,2023-03-23
9658,Fan_09658,Male,55+,UK,London,Non-Member,2022-11-13
9659,Fan_09659,Male,Under 18,UK,Liverpool,Red Member,2024-02-06
9660,Fan_09660,Female,55+,China,International City,Non-Member,2024-02-24
9661,Fan_09661,Male,18-24,Ireland,International City,Red Member,2020-01-13
9662,Fan_09662,Male,55+,UK,Liverpool,Non-Member,2022-06-24
9663,Fan_09663,Female,18-24,UK,Liverpool,Red Member,2024-08-25
9664,Fan_09664,Non-binary,Under 18,Ireland,International City,Junior Member,2022-02-16
9665,Fan_09665,Female,Under 18,UK,Liverpool,Non-Member,2022-05-02
9666,Fan_09666,Non-binary,45-54,UK,Liverpool,Non-Member,2021-10-16
9667,Fan_09667,Male,18-24,Norway,International City,Non-Member,2022-05-31
9668,Fan_09668,Male,55+,UK,London,Non-Member,2020-11-09
9669,Fan_09669,Non-binary,18-24,UK,Liverpool,Red Member,2021-06-28
9670,Fan_09670,Female,Under 18,China,International City,Red Member,2020-06-05
9671,Fan_09671,Male,55+,UK,Liverpool,Red Member,2024-03-28
9672,Fan_09672,Female,Under 18,UK,Liverpool,Non-Member,2021-05-14
9673,Fan_09673,Non-binary,Under 18,Ireland,International City,Red Member,2023-08-01
9674,Fan_09674,Male,35-44,China,International City,Red Member,2022-06-29
9675,Fan_09675,Female,18-24,UK,London,Non-Member,2023-09-07
9676,Fan_09676,Female,Under 18,UK,Liverpool,Non-Member,2022-07-21
9677,Fan_09677,Female,25-34,Thailand,International City,Non-Member,2024-02-15
9678,Fan_09678,Non-binary,55+,UK,London,Non-Member,2021-08-22
9679,Fan_09679,Non-binary,18-24,China,International City,Non-Member,2020-01-12
9680,Fan_09680,Non-binary,45-54,UK,Liverpool,Non-Member,2021-12-31
9681,Fan_09681,Male,Under 18,Ireland,International City,Red Member,2023-04-16
9682,Fan_09682,Female,18-24,Australia,International City,Non-Member,2024-09-26
9683,Fan_09683,Female,45-54,USA,International City,Non-Member,2020-09-03
9684,Fan_09684,Female,18-24,UK,Liverpool,Red Member,2020-04-03
9685,Fan_09685,Female,55+,UK,Liverpool,Non-Member,2023-12-30
9686,Fan_09686,Non-binary,Under 18,UK,London,Non-Member,2023-05-15
9687,Fan_09687,Male,55+,UK,London,Premium/Lounge,2020-12-11
9688,Fan_09688,Male,35-44,UK,London,Non-Member,2023-05-14
9689,Fan_09689,Male,18-24,USA,International City,Full Member,2021-04-16
9690,Fan_09690,Female,25-34,Norway,International City,Non-Member,2024-04-02
9691,Fan_09691,Male,35-44,Australia,International City,Full Member,2022-03-15
9692,Fan_09692,Non-binary,45-54,UK,London,Full Member,2021-06-28
9693,Fan_09693,Non-binary,25-34,UK,Liverpool,Junior Member,2022-12-10
9694,Fan_09694,Male,45-54,UK,London,Red Member,2023-08-04
9695,Fan_09695,Female,45-54,UK,Liverpool,Red Member,2023-09-04
9696,Fan_09696,Non-binary,55+,UK,Liverpool,Non-Member,2022-11-21
9697,Fan_09697,Female,Under 18,UK,Liverpool,Premium/Lounge,2024-08-26
9698,Fan_09698,Non-binary,35-44,UK,Liverpool,Full Member,2020-08-04
9699,Fan_09699,Female,Under 18,UK,Liverpool,Full Member,2020-09-13
9700,Fan_09700,Male,Under 18,UK,Liverpool,Non-Member,2023-06-12
9701,Fan_09701,Female,25-34,UK,Liverpool,Red Member,2023-03-18
9702,Fan_09702,Male,45-54,Australia,International City,Non-Member,2023-11-17
9703,Fan_09703,Female,25-34,UK,Liverpool,Junior Member,2020-01-21
9704,Fan_09704,Female,25-34,UK,London,Red Member,2022-12-17
9705,Fan_09705,Non-binary,55+,Australia,International City,Non-Member,2022-12-21
9706,Fan_09706,Female,55+,USA,International City,Red Member,2024-03-24
9707,Fan_09707,Female,45-54,UK,Liverpool,Red Member,2022-04-09
9708,Fan_09708,Female,18-24,UK,Liverpool,Non-Member,2022-03-17
9709,Fan_09709,Female,35-44,UK,Liverpool,Non-Member,2020-07-31
9710,Fan_09710,Male,45-54,UK,London,Non-Member,2021-01-30
9711,Fan_09711,Non-binary,45-54,USA,International City,Non-Member,2022-10-23
9712,Fan_09712,Male,25-34,Ireland,International City,Non-Member,2024-06-06
9713,Fan_09713,Non-binary,45-54,Egypt,International City,Full Member,2021-07-31
9714,Fan_09714,Non-binary,18-24,UK,London,Premium/Lounge,2022-01-17
9715,Fan_09715,Male,35-44,UK,Liverpool,Full Member,2024-05-04
9716,Fan_09716,Female,35-44,China,International City,Red Member,2022-02-03
9717,Fan_09717,Female,35-44,UK,Liverpool,Full Member,2021-08-16
9718,Fan_09718,Male,18-24,Egypt,International City,Junior Member,2024-02-25
9719,Fan_09719,Female,35-44,UK,Liverpool,Red Member,2020-05-22
9720,Fan_09720,Female,18-24,USA,International City,Non-Member,2024-09-04
9721,Fan_09721,Non-binary,Under 18,Ireland,International City,Non-Member,2021-11-23
9722,Fan_09722,Female,18-24,UK,Liverpool,Full Member,2024-08-26
9723,Fan_09723,Male,45-54,Egypt,International City,Non-Member,2020-01-24
9724,Fan_09724,Female,18-24,UK,Liverpool,Full Member,2022-01-20
9725,Fan_09725,Female,Under 18,UK,Liverpool,Red Member,2023-08-31
9726,Fan_09726,Female,18-24,Egypt,International City,Non-Member,2023-05-13
9727,Fan_09727,Female,18-24,Egypt,International City,Non-Member,2023-12-14
9728,Fan_09728,Female,45-54,UK,London,Full Member,2022-09-28
9729,Fan_09729,Female,35-44,China,International City,Red Member,2021-07-11
9730,Fan_09730,Female,18-24,China,International City,Junior Member,2024-11-15
9731,Fan_09731,Female,35-44,Ireland,International City,Non-Member,2021-07-18
9732,Fan_09732,Non-binary,45-54,China,International City,Non-Member,2023-03-25
9733,Fan_09733,Female,45-54,USA,International City,Non-Member,2023-05-20
9734,Fan_09734,Female,25-34,UK,London,Full Member,2022-09-08
9735,Fan_09735,Male,45-54,USA,International City,Red Member,2020-07-11
9736,Fan_09736,Male,55+,China,International City,Non-Member,2024-05-02
9737,Fan_09737,Female,Under 18,Australia,International City,Red Member,2022-08-20
9738,Fan_09738,Female,45-54,UK,Liverpool,Junior Member,2023-04-03
9739,Fan_09739,Non-binary,55+,UK,Liverpool,Non-Member,2021-08-23
9740,Fan_09740,Female,25-34,UK,Liverpool,Red Member,2023-07-03
9741,Fan_09741,Female,18-24,Ireland,International City,Non-Member,2022-08-28
9742,Fan_09742,Male,Under 18,China,International City,Junior Member,2022-10-26
9743,Fan_09743,Non-binary,35-44,Ireland,International City,Full Member,2022-07-18
9744,Fan_09744,Female,45-54,UK,Liverpool,Full Member,2020-07-25
9745,Fan_09745,Female,18-24,UK,London,Non-Member,2022-04-20
9746,Fan_09746,Male,Under 18,UK,London,Non-Member,2021-06-24
9747,Fan_09747,Female,35-44,Egypt,International City,Full Member,2024-01-02
9748,Fan_09748,Female,Under 18,USA,International City,Non-Member,2022-02-27
9749,Fan_09749,Non-binary,18-24,UK,Liverpool,Full Member,2024-08-30
9750,Fan_09750,Male,45-54,UK,Liverpool,Non-Member,2020-12-06
9751,Fan_09751,Non-binary,45-54,Norway,International City,Full Member,2024-10-02
9752,Fan_09752,Non-binary,25-34,Egypt,International City,Full Member,2020-12-03
9753,Fan_09753,Non-binary,45-54,UK,Liverpool,Non-Member,2023-07-03
9754,Fan_09754,Male,55+,USA,International City,Red Member,2021-08-21
9755,Fan_09755,Female,55+,UK,Liverpool,Full Member,2024-05-13
9756,Fan_09756,Male,35-44,UK,Liverpool,Junior Member,2021-04-09
9757,Fan_09757,Female,18-24,UK,Liverpool,Red Member,2022-05-02
9758,Fan_09758,Female,25-34,UK,London,Full Member,2022-04-06
9759,Fan_09759,Male,35-44,Norway,International City,Non-Member,2022-06-10
9760,Fan_09760,Non-binary,25-34,China,International City,Non-Member,2023-01-26
9761,Fan_09761,Male,25-34,China,International City,Premium/Lounge,2021-09-17
9762,Fan_09762,Non-binary,55+,UK,London,Non-Member,2020-03-15
9763,Fan_09763,Female,35-44,USA,International City,Non-Member,2020-11-01
9764,Fan_09764,Male,Under 18,UK,Liverpool,Junior Member,2022-05-15
9765,Fan_09765,Male,35-44,UK,Liverpool,Premium/Lounge,2023-05-28
9766,Fan_09766,Male,45-54,Norway,International City,Red Member,2022-12-09
9767,Fan_09767,Male,18-24,China,International City,Junior Member,2023-02-24
9768,Fan_09768,Non-binary,25-34,Norway,International City,Premium/Lounge,2024-06-10
9769,Fan_09769,Male,55+,UK,London,Non-Member,2021-06-13
9770,Fan_09770,Non-binary,35-44,Thailand,International City,Full Member,2024-08-12
9771,Fan_09771,Non-binary,18-24,China,International City,Red Member,2020-08-23
9772,Fan_09772,Non-binary,35-44,Ireland,International City,Junior Member,2021-02-03
9773,Fan_09773,Female,55+,USA,International City,Red Member,2021-07-18
9774,Fan_09774,Non-binary,25-34,USA,International City,Red Member,2024-09-07
9775,Fan_09775,Non-binary,55+,USA,International City,Junior Member,2024-01-28
9776,Fan_09776,Female,Under 18,UK,Liverpool,Non-Member,2024-09-15
9777,Fan_09777,Female,18-24,Australia,International City,Full Member,2024-03-05
9778,Fan_09778,Male,25-34,Australia,International City,Full Member,2024-01-02
9779,Fan_09779,Male,35-44,Thailand,International City,Junior Member,2024-07-09
9780,Fan_09780,Female,Under 18,Norway,International City,Full Member,2021-10-25
9781,Fan_09781,Male,55+,UK,Liverpool,Non-Member,2022-08-31
9782,Fan_09782,Non-binary,Under 18,UK,Liverpool,Non-Member,2020-05-05
9783,Fan_09783,Male,Under 18,UK,London,Non-Member,2020-09-04
9784,Fan_09784,Female,55+,UK,Liverpool,Red Member,2024-09-30
9785,Fan_09785,Female,25-34,Norway,International City,Non-Member,2022-09-10
9786,Fan_09786,Male,35-44,China,International City,Non-Member,2020-11-14
9787,Fan_09787,Non-binary,55+,USA,International City,Junior Member,2023-11-11
9788,Fan_09788,Male,35-44,USA,International City,Red Member,2021-03-12
9789,Fan_09789,Female,Under 18,China,International City,Red Member,2024-11-23
9790,Fan_09790,Female,18-24,China,International City,Junior Member,2022-07-28
9791,Fan_09791,Non-binary,Under 18,UK,Liverpool,Junior Member,2021-08-25
9792,Fan_09792,Non-binary,Under 18,UK,Liverpool,Red Member,2024-01-13
9793,Fan_09793,Female,35-44,USA,International City,Non-Member,2024-11-05
9794,Fan_09794,Female,Under 18,UK,Liverpool,Non-Member,2024-02-20
9795,Fan_09795,Male,35-44,UK,London,Full Member,2021-04-20
9796,Fan_09796,Male,25-34,Thailand,International City,Red Member,2021-09-24
9797,Fan_09797,Female,35-44,USA,International City,Non-Member,2021-11-18
9798,Fan_09798,Male,25-34,USA,International City,Red Member,2024-07-10
9799,Fan_09799,Non-binary,18-24,USA,International City,Full Member,2020-04-01
9800,Fan_09800,Male,35-44,Australia,International City,Full Member,2020-02-13
9801,Fan_09801,Non-binary,Under 18,USA,International City,Red Member,2023-12-25
9802,Fan_09802,Female,Under 18,Australia,International City,Full Member,2024-07-23
9803,Fan_09803,Male,18-24,UK,London,Non-Member,2020-03-01
9804,Fan_09804,Non-binary,35-44,Australia,International City,Non-Member,2020-07-10
9805,Fan_09805,Non-binary,Under 18,UK,London,Junior Member,2022-06-03
9806,Fan_09806,Female,25-34,UK,Liverpool,Non-Member,2023-09-05
9807,Fan_09807,Non-binary,55+,UK,London,Non-Member,2021-07-22
9808,Fan_09808,Non-binary,Under 18,UK,Liverpool,Junior Member,2024-11-01
9809,Fan_09809,Non-binary,25-34,USA,International City,Non-Member,2021-11-16
9810,Fan_09810,Non-binary,55+,UK,Liverpool,Red Member,2020-05-30
9811,Fan_09811,Non-binary,55+,USA,International City,Non-Member,2022-01-18
9812,Fan_09812,Male,18-24,Egypt,International City,Red Member,2020-03-06
9813,Fan_09813,Male,Under 18,UK,Liverpool,Non-Member,2022-02-13
9814,Fan_09814,Female,45-54,China,International City,Premium/Lounge,2023-08-31
9815,Fan_09815,Female,25-34,Egypt,International City,Red Member,2021-11-11
9816,Fan_09816,Male,25-34,UK,London,Non-Member,2020-03-02
9817,Fan_09817,Male,55+,USA,International City,Red Member,2023-09-25
9818,Fan_09818,Male,25-34,UK,Liverpool,Non-Member,2023-06-29
9819,Fan_09819,Female,45-54,UK,London,Red Member,2024-06-21
9820,Fan_09820,Male,18-24,UK,London,Red Member,2023-10-11
9821,Fan_09821,Non-binary,55+,Thailand,International City,Red Member,2023-04-21
9822,Fan_09822,Non-binary,18-24,USA,International City,Red Member,2023-02-23
9823,Fan_09823,Non-binary,18-24,USA,International City,Red Member,2021-05-19
9824,Fan_09824,Male,35-44,UK,Liverpool,Full Member,2021-01-18
9825,Fan_09825,Male,25-34,UK,Liverpool,Non-Member,2022-09-15
9826,Fan_09826,Non-binary,35-44,China,International City,Junior Member,2022-01-13
9827,Fan_09827,Male,35-44,UK,Liverpool,Red Member,2021-05-27
9828,Fan_09828,Female,18-24,Thailand,International City,Non-Member,2024-09-06
9829,Fan_09829,Male,25-34,UK,Liverpool,Premium/Lounge,2024-11-13
9830,Fan_09830,Female,45-54,UK,Liverpool,Full Member,2020-02-10
9831,Fan_09831,Male,45-54,Australia,International City,Red Member,2022-05-16
9832,Fan_09832,Male,Under 18,Australia,International City,Non-Member,2021-07-04
9833,Fan_09833,Male,35-44,USA,International City,Non-Member,2023-10-31
9834,Fan_09834,Male,55+,UK,London,Red Member,2024-04-26
9835,Fan_09835,Male,18-24,UK,London,Junior Member,2024-06-07
9836,Fan_09836,Female,Under 18,UK,Liverpool,Junior Member,2023-10-17
9837,Fan_09837,Male,Under 18,Egypt,International City,Non-Member,2021-07-06
9838,Fan_09838,Non-binary,Under 18,Egypt,International City,Non-Member,2023-04-08
9839,Fan_09839,Female,Under 18,China,International City,Full Member,2023-02-17
9840,Fan_09840,Female,Under 18,Egypt,International City,Premium/Lounge,2024-09-16
9841,Fan_09841,Non-binary,55+,Egypt,International City,Non-Member,2021-05-19
9842,Fan_09842,Female,45-54,USA,International City,Junior Member,2024-04-14
9843,Fan_09843,Non-binary,55+,Ireland,International City,Non-Member,2024-07-15
9844,Fan_09844,Non-binary,Under 18,UK,Liverpool,Red Member,2024-03-24
9845,Fan_09845,Male,Under 18,Thailand,International City,Junior Member,2020-01-30
9846,Fan_09846,Male,25-34,Egypt,International City,Red Member,2023-01-14
9847,Fan_09847,Non-binary,Under 18,Thailand,International City,Red Member,2024-10-12
9848,Fan_09848,Non-binary,Under 18,Ireland,International City,Red Member,2020-09-04
9849,Fan_09849,Male,25-34,UK,London,Junior Member,2024-09-14
9850,Fan_09850,Male,45-54,UK,London,Junior Member,2020-08-18
9851,Fan_09851,Non-binary,Under 18,Australia,International City,Red Member,2022-02-10
9852,Fan_09852,Male,25-34,China,International City,Full Member,2022-11-27
9853,Fan_09853,Non-binary,35-44,China,International City,Full Member,2023-04-23
9854,Fan_09854,Male,18-24,UK,Liverpool,Non-Member,2020-07-18
9855,Fan_09855,Non-binary,35-44,USA,International City,Full Member,2021-09-13
9856,Fan_09856,Male,18-24,USA,International City,Full Member,2020-06-02
9857,Fan_09857,Female,35-44,UK,Liverpool,Red Member,2024-08-25
9858,Fan_09858,Female,18-24,USA,International City,Red Member,2020-08-23
9859,Fan_09859,Non-binary,55+,UK,Liverpool,Red Member,2023-03-05
9860,Fan_09860,Male,35-44,Egypt,International City,Premium/Lounge,2020-11-21
9861,Fan_09861,Female,45-54,UK,Liverpool,Red Member,2024-08-13
9862,Fan_09862,Female,45-54,Egypt,International City,Junior Member,2024-01-23
9863,Fan_09863,Male,35-44,UK,Liverpool,Non-Member,2024-10-31
9864,Fan_09864,Male,Under 18,Thailand,International City,Non-Member,2021-04-03
9865,Fan_09865,Female,55+,UK,Liverpool,Red Member,2022-01-26
9866,Fan_09866,Non-binary,25-34,USA,International City,Red Member,2024-01-05
9867,Fan_09867,Female,25-34,UK,Liverpool,Red Member,2024-10-08
9868,Fan_09868,Non-binary,Under 18,Egypt,International City,Non-Member,2020-02-16
9869,Fan_09869,Non-binary,25-34,UK,Liverpool,Non-Member,2021-09-12
9870,Fan_09870,Non-binary,55+,UK,Liverpool,Premium/Lounge,2022-03-22
9871,Fan_09871,Female,25-34,UK,Liverpool,Red Member,2020-03-21
9872,Fan_09872,Female,18-24,Egypt,International City,Junior Member,2023-12-17
9873,Fan_09873,Female,18-24,Egypt,International City,Non-Member,2024-04-23
9874,Fan_09874,Male,35-44,UK,Liverpool,Non-Member,2021-07-09
9875,Fan_09875,Non-binary,35-44,China,International City,Red Member,2021-06-05
9876,Fan_09876,Female,Under 18,UK,Liverpool,Non-Member,2023-10-03
9877,Fan_09877,Female,25-34,Egypt,International City,Red Member,2021-05-29
9878,Fan_09878,Male,45-54,UK,Liverpool,Premium/Lounge,2020-01-28
9879,Fan_09879,Female,45-54,Australia,International City,Non-Member,2023-03-26
9880,Fan_09880,Male,45-54,UK,London,Non-Member,2022-01-25
9881,Fan_09881,Female,18-24,UK,Liverpool,Junior Member,2023-08-01
9882,Fan_09882,Non-binary,45-54,Norway,International City,Red Member,2023-03-02
9883,Fan_09883,Non-binary,Under 18,Egypt,International City,Full Member,2020-12-18
9884,Fan_09884,Female,25-34,UK,Liverpool,Red Member,2023-06-09
9885,Fan_09885,Non-binary,45-54,UK,London,Red Member,2024-07-17
9886,Fan_09886,Female,55+,UK,Liverpool,Non-Member,2020-10-11
9887,Fan_09887,Male,Under 18,UK,Liverpool,Non-Member,2022-08-20
9888,Fan_09888,Female,Under 18,UK,London,Red Member,2021-02-25
9889,Fan_09889,Non-binary,45-54,Thailand,International City,Junior Member,2024-03-21
9890,Fan_09890,Non-binary,35-44,UK,Liverpool,Full Member,2024-08-08
9891,Fan_09891,Male,18-24,China,International City,Non-Member,2022-11-18
9892,Fan_09892,Female,35-44,UK,London,Non-Member,2023-10-20
9893,Fan_09893,Non-binary,25-34,UK,Liverpool,Red Member,2024-11-11
9894,Fan_09894,Female,55+,UK,London,Premium/Lounge,2023-03-16
9895,Fan_09895,Male,25-34,UK,London,Junior Member,2021-03-13
9896,Fan_09896,Non-binary,25-34,UK,London,Junior Member,2021-05-20
9897,Fan_09897,Male,Under 18,Thailand,International City,Premium/Lounge,2021-03-20
9898,Fan_09898,Non-binary,55+,UK,Liverpool,Non-Member,2024-08-20
9899,Fan_09899,Female,55+,Egypt,International City,Premium/Lounge,2022-05-24
9900,Fan_09900,Non-binary,55+,USA,International City,Non-Member,2022-05-19
9901,Fan_09901,Non-binary,35-44,USA,International City,Premium/Lounge,2021-06-10
9902,Fan_09902,Female,55+,Norway,International City,Full Member,2020-10-05
9903,Fan_09903,Male,55+,China,International City,Non-Member,2020-06-11
9904,Fan_09904,Male,25-34,Ireland,International City,Non-Member,2023-02-03
9905,Fan_09905,Male,55+,UK,Liverpool,Red Member,2024-09-28
9906,Fan_09906,Male,35-44,Egypt,International City,Non-Member,2024-06-10
9907,Fan_09907,Female,35-44,UK,Liverpool,Junior Member,2022-09-01
9908,Fan_09908,Female,55+,Thailand,International City,Non-Member,2021-01-20
9909,Fan_09909,Female,18-24,China,International City,Non-Member,2021-10-26
9910,Fan_09910,Non-binary,18-24,UK,Liverpool,Non-Member,2021-06-24
9911,Fan_09911,Female,35-44,UK,London,Red Member,2024-04-25
9912,Fan_09912,Female,25-34,UK,Liverpool,Red Member,2023-10-13
9913,Fan_09913,Male,55+,UK,London,Red Member,2022-12-12
9914,Fan_09914,Male,25-34,UK,London,Red Member,2021-09-24
9915,Fan_09915,Male,18-24,USA,International City,Junior Member,2022-02-14
9916,Fan_09916,Non-binary,35-44,UK,Liverpool,Junior Member,2024-04-17
9917,Fan_09917,Female,45-54,Egypt,International City,Red Member,2024-11-23
9918,Fan_09918,Male,55+,UK,London,Junior Member,2021-08-07
9919,Fan_09919,Female,55+,USA,International City,Full Member,2023-11-18
9920,Fan_09920,Non-binary,18-24,Thailand,International City,Red Member,2023-09-20
9921,Fan_09921,Non-binary,25-34,Norway,International City,Red Member,2024-03-21
9922,Fan_09922,Male,35-44,Norway,International City,Full Member,2023-12-07
9923,Fan_09923,Male,55+,China,International City,Full Member,2020-12-29
9924,Fan_09924,Female,18-24,Egypt,International City,Non-Member,2023-08-14
9925,Fan_09925,Male,18-24,Ireland,International City,Red Member,2021-09-27
9926,Fan_09926,Male,35-44,USA,International City,Junior Member,2023-09-24
9927,Fan_09927,Non-binary,35-44,China,International City,Full Member,2021-08-16
9928,Fan_09928,Non-binary,35-44,USA,International City,Full Member,2022-07-15
9929,Fan_09929,Non-binary,Under 18,Egypt,International City,Red Member,2024-04-08
9930,Fan_09930,Non-binary,35-44,Egypt,International City,Non-Member,2024-01-09
9931,Fan_09931,Non-binary,Under 18,USA,International City,Non-Member,2024-11-16
9932,Fan_09932,Female,45-54,Thailand,International City,Junior Member,2021-08-18
9933,Fan_09933,Non-binary,25-34,China,International City,Full Member,2020-10-03
9934,Fan_09934,Male,Under 18,China,International City,Junior Member,2023-02-21
9935,Fan_09935,Male,18-24,UK,Liverpool,Full Member,2021-11-11
9936,Fan_09936,Male,Under 18,Ireland,International City,Full Member,2021-07-29
9937,Fan_09937,Male,35-44,USA,International City,Red Member,2023-03-15
9938,Fan_09938,Male,35-44,USA,International City,Junior Member,2021-02-06
9939,Fan_09939,Non-binary,35-44,Norway,International City,Red Member,2021-08-21
9940,Fan_09940,Non-binary,45-54,China,International City,Red Member,2023-10-22
9941,Fan_09941,Non-binary,Under 18,USA,International City,Junior Member,2022-09-07
9942,Fan_09942,Non-binary,55+,Egypt,International City,Non-Member,2024-07-17
9943,Fan_09943,Non-binary,55+,UK,London,Full Member,2020-09-09
9944,Fan_09944,Male,55+,UK,Liverpool,Non-Member,2020-12-30
9945,Fan_09945,Female,55+,Norway,International City,Red Member,2023-05-05
9946,Fan_09946,Female,Under 18,UK,London,Red Member,2022-09-27
9947,Fan_09947,Male,25-34,UK,Liverpool,Full Member,2024-04-20
9948,Fan_09948,Male,45-54,China,International City,Junior Member,2022-03-25
9949,Fan_09949,Male,55+,USA,International City,Junior Member,2024-05-25
9950,Fan_09950,Male,55+,Australia,International City,Red Member,2020-01-17
9951,Fan_09951,Non-binary,25-34,UK,Liverpool,Red Member,2023-11-23
9952,Fan_09952,Male,25-34,Norway,International City,Non-Member,2023-09-11
9953,Fan_09953,Non-binary,55+,UK,Liverpool,Non-Member,2024-11-30
9954,Fan_09954,Non-binary,45-54,China,International City,Red Member,2022-05-17
9955,Fan_09955,Male,45-54,UK,Liverpool,Non-Member,2024-07-29
9956,Fan_09956,Male,Under 18,Egypt,International City,Red Member,2020-08-23
9957,Fan_09957,Male,45-54,USA,International City,Red Member,2020-11-14
9958,Fan_09958,Female,Under 18,China,International City,Non-Member,2023-08-29
9959,Fan_09959,Female,18-24,UK,Liverpool,Premium/Lounge,2021-04-26
9960,Fan_09960,Female,35-44,UK,London,Red Member,2023-10-15
9961,Fan_09961,Non-binary,35-44,USA,International City,Red Member,2022-06-28
9962,Fan_09962,Non-binary,18-24,UK,London,Red Member,2024-06-24
9963,Fan_09963,Female,45-54,China,International City,Red Member,2021-10-22
9964,Fan_09964,Male,Under 18,UK,London,Non-Member,2023-12-22
9965,Fan_09965,Non-binary,35-44,Ireland,International City,Full Member,2020-07-07
9966,Fan_09966,Female,Under 18,UK,London,Full Member,2023-11-05
9967,Fan_09967,Male,45-54,Ireland,International City,Non-Member,2024-06-02
9968,Fan_09968,Male,55+,USA,International City,Full Member,2023-05-06
9969,Fan_09969,Female,35-44,UK,Liverpool,Red Member,2023-12-20
9970,Fan_09970,Non-binary,35-44,USA,International City,Junior Member,2021-07-13
9971,Fan_09971,Male,55+,Norway,International City,Non-Member,2022-07-29
9972,Fan_09972,Male,25-34,UK,Liverpool,Premium/Lounge,2021-04-16
9973,Fan_09973,Non-binary,55+,UK,London,Non-Member,2024-05-21
9974,Fan_09974,Male,18-24,China,International City,Non-Member,2021-12-14
9975,Fan_09975,Male,35-44,China,International City,Full Member,2022-01-31
9976,Fan_09976,Male,25-34,China,International City,Red Member,2022-12-25
9977,Fan_09977,Non-binary,55+,USA,International City,Red Member,2022-09-29
9978,Fan_09978,Male,35-44,UK,London,Full Member,2024-04-03
9979,Fan_09979,Non-binary,35-44,UK,Liverpool,Non-Member,2022-12-06
9980,Fan_09980,Male,55+,Australia,International City,Full Member,2021-09-01
9981,Fan_09981,Female,25-34,USA,International City,Junior Member,2022-04-30
9982,Fan_09982,Non-binary,Under 18,China,International City,Non-Member,2023-10-24
9983,Fan_09983,Non-binary,55+,UK,London,Full Member,2024-06-03
9984,Fan_09984,Male,55+,Thailand,International City,Red Member,2023-10-04
9985,Fan_09985,Non-binary,35-44,UK,London,Non-Member,2024-10-28
9986,Fan_09986,Female,35-44,USA,International City,Junior Member,2021-09-02
9987,Fan_09987,Male,45-54,UK,London,Red Member,2020-05-10
9988,Fan_09988,Non-binary,25-34,Ireland,International City,Red Member,2022-04-01
9989,Fan_09989,Male,55+,UK,Liverpool,Red Member,2021-02-15
9990,Fan_09990,Male,Under 18,UK,London,Red Member,2023-10-22
9991,Fan_09991,Male,35-44,UK,London,Red Member,2022-08-04
9992,Fan_09992,Non-binary,55+,China,International City,Non-Member,2024-11-19
9993,Fan_09993,Non-binary,Under 18,UK,Liverpool,Non-Member,2021-02-22
9994,Fan_09994,Non-binary,25-34,China,International City,Premium/Lounge,2024-11-03
9995,Fan_09995,Male,55+,China,International City,Junior Member,2022-09-02
9996,Fan_09996,Non-binary,55+,China,International City,Full Member,2021-05-19
9997,Fan_09997,Female,25-34,Thailand,International City,Non-Member,2022-09-15
9998,Fan_09998,Male,45-54,Ireland,International City,Red Member,2023-04-04
9999,Fan_09999,Non-binary,35-44,China,International City,Red Member,2022-08-01
10000,Fan_10000,Non-binary,Under 18,Norway,International City,Red Member,2022-01-08
